id,label,left_Song_Name,left_Artist_Name,left_Album_Name,left_Genre,left_Price,left_CopyRight,left_Time,left_Released,right_Song_Name,right_Artist_Name,right_Album_Name,right_Genre,right_Price,right_CopyRight,right_Time,right_Released
448,0,Baby When the Light,David Guetta,Pop Life,Dance,1.29,ãÑ 2007 Gum Records,6:17,2007-09-18,Revolver,David Guetta,One Love,Dance & Electronic,1.29,Swedish House Mafia Holdings Ltd under exclusive license to Virgin Records Ltd,3:18,2009-08-21
287,1,Outversion,Mark Ronson,Version,Pop,0.99,Mark Ronson under exclusive license to SONY BMG MUSIC ENTERTAINMENT ( UK ) Limited except Track 9 Rapster Records / BBE Records,1:50,2007-07-10,Outversion,Mark Ronson,Version,Pop,0.99,J'adore Records,1:50,2007-07-10
534,0,Peer Pressure,Snoop Dogg,Doggumentary,Hip-Hop,1.29,Capitol Records LLC,4:07,2011-03-29,Boom,Snoop Dogg,Doggumentary,Hip-Hop/Rap,1.29,Capitol Records LLC,3:50,2011-03-29
181,1,Stars Come Out,Zedd,Stars Come Out (Remixes),Electronic,1.29,Dim Mak Inc.,5:49,2014-05-20,Stars Come Out,Zedd,Stars Come Out,Dance & Electronic,1.29,Dim Mak Inc.,4:08,2014-05-20
485,0,Jump,Flo Rida,R.O.O.T.S.,Hip-Hop/Rap,1.29,Atlantic Recording Corporation,3:28,2009-03-30,Yayo,Flo Rida,R.O.O.T.S.,Hip-Hop,1.29,Motown Records,7:53,2009-03-30
11,0,VHS Outro,X Ambassadors,VHS,Alternative,1.29,KIDinaKORNER/Interscope Records,1:25,2015-06-30,Smoke,X Ambassadors,VHS,Alternative Rock,1.29,KIDinaKORNER/Interscope Records,0:24,2015-06-30
420,0,Make It Bun Dem,Skrillex & Damian ''Jr. Gong'' Marley,Make It Bun Dem After Hours (Remixes),"Dance, Electronic",1.29,"OWSLA and Big Beat Records for the United States, WEA International for the world outside the United States.",3:58,2012-08-28,Make It Bun Dem,Skrillex & Damian Marley,Make It Bun Dem After Hours EP,Dance,1.29,RGK,3:29,2012-08-28
493,1,Here's to the Good Times,Florida Georgia Line,Here's to the Good Times,Country,1.29,Big Machine Label Group,4:11,2012-12-04,Here's To The Good Times,Florida Georgia Line,Here's To The Good Times,Country,1.29,Big Machine Label Group,4:10,2012-12-04
270,0,Whateva,Fetty Wap,Fetty Wap,Hip-Hop/Rap,unknown,300 Entertainment,5:11,unknown,For My Team,Fetty Wap,Fetty Wap (Deluxe),Hip-Hop/Rap,1.29,Mute Records Ltd.,3:28,2015-09-25
477,0,"Girion, Lord of Dale",Howard Shore,The Hobbit: The Desolation of Smaug (Original Motion Picture Soundtrack),Classical,1.29,WaterTower Music,4:15,2013-12-10,Path of Destruction,James Newton Howard,Maleficent (Original Motion Picture Soundtrack),Soundtracks,1.29,Disney Enterprises,1:48,2014-05-27
126,0,Toyfriend,David Guetta,One Love,Dance,1.29,Gum Prod licence exclusive Parlophone Music France,2:51,2009-08-21,When Love Takes Over,David Guetta,One More Love,Dance & Electronic,1.29,"Lazy Hooks, Capitol Records",3:11,2010-11-24
156,0,I'm a Machine,David Guetta,Nothing But the Beat,Dance,1.29,What A Music Ltd,3:34,2011-08-26,I Can Only Imagine,David Guetta,Nothing But the Beat 2.0,Dance & Electronic,0.99,Real Sounds,3:29,2011-08-26
469,0,The Motto,Drake,Take Care,Hip-Hop/Rap,1.29,Cash Money Records,3:01,2011-11-15,Too Much,Drake,Nothing Was The Same,Hip-Hop,1.29,Cash Money Records,4:21,2013-09-24
216,1,Jack Daniels and Jesus,Chase Rice,Ignite the Night,Country,1.29,Dack Janiels Records,3:55,2014-08-19,Jack Daniels and Jesus,Chase Rice,Ignite the Night,Country,1.29,Dack Janiels Records under exclusive license to Sony Music Entertainment,3:55,2014-08-19
275,0,Rewind,Fetty Wap,Fetty Wap,Hip-Hop,unknown,300 Entertainment,5:36,unknown,Jugg,Fetty Wap,Fetty Wap,Hip-Hop,1.29,Mute Records Ltd.,3:20,2015-09-25
53,1,I Ain't Livin' Long Like This,Chris Janson,Take It to the Bank - EP,Country,1.29,Sony Music Entertainment,4:13,2014-02-24,I Ain't Livin' Long Like This,Chris Janson,Take It to the Bank (EP),Country,1.29,Cash Money Records Inc.,4:13,2014-02-24
398,0,Where Are '' Now,Skrillex & Diplo,Where Are '' Now,Dance,1.29,OWSLA / Mad Decent / Atlantic Recording Corporation for the United States and WEA International Inc. for the world outside of the United States . A Warner Music Group Company,2:31,2015-06-16,Ease My Mind,Skrillex,Ease My Mind v Ragga Bomb Remixes,Dance & Electronic,1.29,"OWSLA/Big Beat Records, OWSLA/Big Beat Records, Inc. for the United States and WEA International Inc. for the world outside of the United States.",4:41,2014-11-24
151,0,Toyfriend,David Guetta,One Love,Dance,1.29,Gum Prod licence exclusive Parlophone Music France,2:51,2009-08-21,Dangerous,David Guetta,Listen,Dance & Electronic,1.29,If Moving Your Mine,3:20,2014-11-24
250,1,Old Blue Chair,Kenny Chesney,When the Sun Goes Down,Country,1.29,Sony Music Entertainment,3:23,1990-01-01,Old Blue Chair,Kenny Chesney,When The Sun Goes Down,Country,1.29,Pinecastle Records,3:25,2004-02-02
257,1,I'd Love to Change Your Name,Kenny Chesney,In My Wildest Dreams,Country,0.99,BMG Music,2:48,1994-01-01,I'd Love To Change Your Name,Kenny Chesney,In My Wildest Dreams,Country,0.99,Moda Black,2:48,2004-07-27
70,1,Goner,Twenty One Pilots,Blurryface,Alternative,1.29,"Fueled By Ramen LLC for the United States and WEA International Inc. for the world outside of the United States, A Warner Music Group Company",3:56,2015-05-15,Goner,twenty one pilots,Blurryface,Alternative Rock,1.29,Fueled By Ramen LLC for the United States and WEA International Inc. for the world outside of the United States . A Warner Music Group Company,3:56,2015-05-15
94,0,Dangerous,David Guetta,Listen,Dance,1.29,What A Music Ltd.,3:20,2014-11-24,Missing You,David Guetta,One Love,Dance & Electronic,1.29,Swedish House Mafia Holdings Ltd under exclusive license to Virgin Records Ltd,4:59,2009-08-21
512,0,Can't Stop Now,Major Lazer,Guns Don't Kill People...Lazers Do,Electronic,1.29,Downtown Music,4:03,2009-01-01,Hold The Line,Major Lazer,Guns Do n't Kill People ... Lazers Do,Electronic Dance Music,1.29,Downtown Music LLC,3:39,2015-06-03
89,0,Dangerous,David Guetta,Listen,Dance,1.29,What A Music Ltd.,3:20,2014-11-24,Hey Mama,David Guetta,Listen,Dance & Electronic,1.29,If Moving Your Mine,3:12,2014-11-24
371,0,Elevator,Flo Rida,Mail On Sunday,Hip-Hop/Rap,1.99,Atlantic Recording Corporation and WEA International Inc.,3:55,2008-03-17,Money Right,Flo Rida,Mail On Sunday,Hip-Hop/Rap,1.29,Warner Bros.,3:17,2008-03-17
467,0,Take Care,Drake,Take Care,Hip-Hop,1.29,Cash Money Records,4:37,2011-11-15,The Real Her,Drake,Take Care,Rap & Hip-Hop,1.29,Cash Money Records,5:21,2012-03-20
246,0,A+E,Clean Bandit,New Eyes,Dance,1.29,Warner Music UK Limited,4:06,2014-06-02,Rather Be,Clean Bandit,New Eyes,Electronic,1.29,Rebel Records,3:47,2014-06-02
168,0,Toyfriend,David Guetta,One Love,Dance,1.29,Gum Prod licence exclusive Parlophone Music France,2:51,2009-08-21,Shot me Down,David Guetta,Listen,Dance & Electronic,1.29,If Moving Your Mine,3:11,2014-11-24
105,0,The Whisperer,David Guetta,Listen,Electronic,1.29,What A Music Ltd.,3:54,2014-11-24,Goodbye Friend,David Guetta,Listen,Dance & Electronic,1.29,If Moving Your Mine,3:49,2014-11-24
428,0,Lick It,Kaskade & Skrillex,Lick It (Remixes),Dance,1.29,Ultra Records,6:14,2012-04-17,Make It Bun Dem,Skrillex & Damian Marley,Make It Bun Dem After Hours EP,Dance/Electronic,1.29,RGK,3:55,2012-08-28
313,1,True Colors,Wiz Khalifa,Blacc Hollywood,Hip-Hop,1.29,"Atlantic Recording Corporation, WEA International Inc.",4:15,2014-08-19,True Colors,Wiz Khalifa,Blacc Hollywood,Rap & Hip-Hop,1.29,Atlantic Recording Corporation for the United States and WEA International Inc. for the world outside of the United States . A Warner Music Group Company,4:15,2014-08-19
208,0,Fake,Shinedown,Us and Them,Rock,1.29,"Atlantic Recording Corporation for the United States, WEA International Inc. for the world outside of the United States.",5:05,2005-10-04,Carried Away,Shinedown,Us And Them,Rock,1.29,Real Sounds,3:14,2005-10-04
403,0,Lights,Ellie Goulding,Lights Pt. 2 The Remixes EP,Pop,1.29,Polydor Ltd UK,5:44,2011-07-19,Lights,Ellie Goulding,Lights,Pop,1.29,Polydor Ltd.,3:32,2011-03-08
128,0,Toyfriend,David Guetta,One Love,Dance,1.29,Gum Prod,2:51,2009-08-21,Phone Tap,David Banner,Mississippi-The Album,Pop,0.69,Universal Records,1:52,2003-05-20
52,1,Afire Love,Ed Sheeran,x,Pop,1.29,"Asylum Records UK, a Warner Music UK Company",5:14,2014-06-20,Afire Love,Ed Sheeran,x,Pop,1.29,mau5trap Recordings,5:14,2014-06-20
199,0,Second Chance,Shinedown,Somewhere In the Stratosphere,Rock,1.29,Atlantic Recording Corporation for the United States and WEA International Inc. for the world outside of the United States .,5:06,2011-04-18,Miracle,Shinedown,The Warner Sound Live Room EP,Rock,1.29,Atlantic Recording Corporation,3:35,2013-05-28
401,0,Where Are '`` Now,Skrillex & Diplo,Where Are '`` Now ( with Justin Bieber ),Dance,1.29,OWSLA / Mad Decent / Atlantic Recording Corporation for the United States and WEA International Inc. for the world outside of the United States . A Warner Music Group Company,2:31,2015-06-16,Scary Monsters And Nice Sprites,Skrillex,Scary Monsters And Nice Sprites EP,Electronica,1.29,Digitop Ltd,5:57,2010-12-21
311,0,Judas,Lady Gaga,Born This Way,Pop,unknown,Interscope Records,9:18,2011-11-21,Alejandro,Lady Gaga,The Remix,Pop,1.29,Interscope,3:57,2010-08-03
84,1,The Whisperer,David Guetta,Listen,Electronic,1.29,What A Music Ltd.,3:54,2014-11-24,The Whisperer,David Guetta,Listen,Dance & Electronic,1.29,If Moving Your Mine,3:54,2014-11-24
131,0,Toyfriend,David Guetta,One Love,Dance,1.29,Gum Prod licence exclusive Parlophone Music France,2:51,2009-08-21,Lift me up,David Guetta,Listen,Dance & Electronic,1.29,If Moving Your Mine,3:58,2014-11-24
9,0,VHS Outro,X Ambassadors,VHS,Alternative,1.29,KIDinaKORNER/Interscope Records,1:25,2015-06-30,Smoke,X Ambassadors,VHS,Alternative Rock,1.29,KIDinaKORNER/Interscope Records,0:24,2015-06-30
253,1,That Lucky Old Sun,Kenny Chesney & Willie Nelson,Lucky Old Sun,Country,0.99,Blue Chair Records LLC,4:16,2008-01-01,That Lucky Old Sun,Kenny Chesney,Lucky Old Sun,Country,0.99,Blue Chair Records and BMG Music,4:16,2012-04-24
44,1,Nothing Would Be Better,Nick Jonas,Nick Jonas,Pop,1.29,Island Records / Safehouse Records,4:34,2014-11-10,Nothing Would Be Better,Nick Jonas,Nick Jonas,Pop,1.29,"Island Records/Safehouse Records LLC, a division of UMG Recordings, Inc.",4:34,2014-11-10
169,0,Toyfriend,David Guetta,One Love,Dance,1.29,Gum Prod licence exclusive Parlophone Music France,2:51,2009-08-21,Hey Mama,David Guetta,Listen,Dance & Electronic,1.29,If Moving Your Mine,3:12,2014-11-24
479,1,This Love,Ellie Goulding,Bright Lights,Pop,1.29,Polydor Ltd.,3:53,2010-11-29,This Love,Ellie Goulding,Lights,Pop,1.29,Polydor Ltd.,3:53,2011-03-08
76,0,Dangerous,David Guetta,Listen,Dance,1.29,"What A Music Ltd., Parlophone/Warner Music France, Atlantic Recording Corporation",3:20,2014-11-24,What I did for Love,David Guetta,Listen,Dance & Electronic,1.29,If Moving Your Mine,3:27,2014-11-24
114,1,Glasgow,David Guetta,Nothing But the Beat - The Electronic Album,Electronic,0.99,"What A Music Ltd, Licence exclusive Parlophone Music France",5:13,2011-08-26,Glasgow,David Guetta,Nothing But The Beat - The Electronic Album,Dance & Electronic,0.99,2009 Andy Henningsen,5:13,2011-08-26
177,0,Beautiful Now,Zedd,Beautiful Now (feat. Jon Bellion),Dance,1.29,Interscope Records,4:15,2015-07-10,Clarity,Zedd,Clarity,Dance,1.29,Interscope Records,3:28,2013-02-12
347,0,Remember You,Wiz Khalifa,O.N.I.F.C.,Hip-Hop,1.99,"Atlantic Recording Corporation, WEA International Inc.",5:20,2012-12-04,Bluffin,Wiz Khalifa,O.N.I.F.C.,Hip-Hop,1.29,Atlantic Recording Corporation for the United States and WEA International Inc. for the world outside of the United States,5:32,2012-12-04
42,1,Closer,Nick Jonas,Nick Jonas,Pop,1.29,Island Records / Safehouse Records,3:48,2014-11-10,Closer,Nick Jonas,Nick Jonas,Pop,1.29,"Island Records/Safehouse Records LLC, a division of UMG Recordings, Inc.",3:48,2014-11-10
211,0,Fake,Shinedown,Us and Them,Rock,1.29,Atlantic Recording Corporation for the United States and WEA International Inc. for the world outside of the United States ,5:05,2005-10-04,Left Out,Shinedown,Leave A Whisper,Rock,1.29,Mad Decent,3:36,2003-05-27
470,0,Hold Up,Lil Wayne & T Streets,I Am Not a Human Being,Hip-Hop/Rap,1.29,Cash Money Records Inc.,4:10,2010-11-15,Wowzerz,Lil Wayne,I Am Not A Human Being II,Hip-Hop/Rap,1.29,Secretly Canadian,3:45,2013-03-26
412,1,Billy,Keith Urban,In The Ranch,Country,1.29,Capitol Nashville,3:46,1997-01-01,Billy,Keith Urban,Keith Urban In The Ranch,Country,1.29,Capitol Nashville,3:46,2004-02-10
380,0,Why You Up In Here,Flo Rida,"Only One Flo, Pt. 1",Hip-Hop,1.29,Atlantic Recording Corporation/WEA International Inc.,3:36,2010-11-24,Man of the Year,Flo Rida,Welcome to Flo Rida,Rap & Hip-Hop,0.99,CMG Records,3:01,2015-04-06
5,1,VHS Outro,X Ambassadors,VHS,Alternative,1.29,KIDinaKORNER/Interscope Records,1:25,2015-06-30,VHS Outro,X Ambassadors,VHS,Alternative Rock,1.29,KIDinaKORNER/Interscope Records,1:25,2015-06-30
322,0,Remember You,Wiz Khalifa,O.N.I.F.C.,Hip-Hop,1.99,Atlantic Recording Corporation for the United States and WEA International Inc. for the world outside of the United States,5:20,2012-12-04,It's Nothin,Wiz Khalifa,O.N.I.F.C.,Rap & Hip-Hop,1.29,Atlantic Recording Corporation for the United States and WEA International Inc. for the world outside of the United States,3:47,2012-12-04
59,0,As Long As You Love Me,Justin Bieber,As Long As You Love Me (Remixes),Dance,1.29,The Island Def Jam Music Group,4:40,2012-09-11,Never Say Never,Justin Bieber,Never Say Never - The Remixes,Pop,1.29,The Island Def Jam Music Group,3:48,2011-02-14
79,0,Dangerous,David Guetta,Listen,Dance,1.29,What A Music Ltd.,3:20,2014-11-24,Its The Way You Love Me,David Guetta,One Love,Dance & Electronic,1.29,Swedish House Mafia Holdings Ltd under exclusive license to Virgin Records Ltd,4:11,2009-08-21
268,0,Whateva,Fetty Wap,Fetty Wap,Hip-Hop/Rap,unknown,300 Entertainment,5:11,unknown,My Way,Fetty Wap,Fetty Wap,Hip-Hop,1.29,Mute Records Ltd.,3:32,2015-09-25
531,0,Wake Up,Wiz Khalifa,Rolling Papers,Hip-Hop,1.29,Atlantic Recording Corporation for the United States and WEA International Inc. for the world outside of the United States,3:46,2011-03-28,Roll Up,Wiz Khalifa,Rolling Papers,Hip-Hop,1.29,Atlantic Recording Corporation for the United States and WEA International Inc. for the world outside of the United States,3:47,2011-03-28
99,0,Hey Mama,David Guetta,Hey Mama - EP,Dance,1.29,What A Music Ltd.,4:42,2015-05-12,Dangerous,David Guetta,Dangerous,Dance & Electronic,1.29,Howard Hersh,3:23,2014-10-06
497,1,You Gon na Fly,Keith Urban,Get Closer,Country,1.29,Hit Red Records under exclusive license to Capitol Records Nashville All rights reserved Unauthorized reproduction is a violation of applicable laws Manufactured by Capitol Records Nashville 3322 West End Avenue 11th Floor Nashville TN 37,3:36,2011-02-22,You Gon na Fly,Keith Urban,Get Closer,Country,1.29,Hit Red Records under exclusive license to Capitol Records Nashville,3:36,2011-02-22
191,1,Through the Ghost,Shinedown,The Studio Album Collection,Rock,1.29,Atlantic Recording Corporation and WEA International Inc.,4:01,2013-11-08,Through the Ghost,Shinedown,The Studio Album Collection,Rock,1.29,Atlantic Recording Corporation for the United States and WEA International Inc. for the world outside of the United States . A Warner Music Group Company,4:01,2013-11-08
352,0,Remember You,Wiz Khalifa,O.N.I.F.C.,Hip-Hop,1.99,Atlantic Recording Corporation,5:20,2012-12-04,KK,Wiz Khalifa,Blacc Hollywood,Rap & Hip-Hop,1.29,"Atlantic Recording Corporation, WEA International Inc.",4:09,2014-08-19
490,1,Bumpin' the Night,Florida Georgia Line,Anything Goes,Country,1.29,Big Machine Label Group,3:42,2014-10-14,Bumpin The Night,Florida Georgia Line,Anything Goes,Country,1.29,Republic Records a Division of UMG Recordings Inc.,3:41,2014-10-14
421,0,Recess,Skrillex & Kill the Noise,Recess Remixes - EP,Dance,1.29,"OWSLA/Big Beat Records, WEA International Inc.",3:47,2014-07-07,Kill Everybody,Skrillex,Scary Monsters And Nice Sprites EP,Electronica,1.29,Digitop Ltd,4:41,2010-12-21
242,0,If I Am a Stranger,Ryan Adams,Live After Deaf,Rock,0.99,PAXAM RECORDS,5:10,2012-07-02,Don't Fail Me Now,Ryan Adams,Live After Deaf Collection,Folk,0.99,PAXAM RECORDS,5:43,2012-07-02
481,0,Before She Does,Eric Church,Caught In the Act,Country,1.29,EMI Records Nashville,3:42,2013-04-05,Pledge Allegiance To The Hag,Eric Church,Caught In The Act : Live,Country,1.29,EMI Records Nashville,4:55,2013-04-05
390,1,Going Away For a While,Brett Eldredge,Illinois,Country,1.29,Atlantic Recording Corporation for the United States and WEA International Inc. for the world outside of the United States A Warner Music Group Company,3:13,2015-09-11,Going Away For A While,Brett Eldredge,Illinois,Country,1.29,Phonotype,3:15,2015-09-11
4,0,VHS Outro,X Ambassadors,VHS,Alternative,1.29,KIDinaKORNER/Interscope Records,1:25,2015-06-30,First Show,X Ambassadors,VHS,Alternative Rock,1.29,KIDinaKORNER/Interscope Records,0:11,2015-06-30
245,1,Clean,Ryan Adams,1989,Rock,1.29,PaxAmericana Recording Company Under Exclusive License To Blue Note Records,4:23,2015-09-21,Clean,Ryan Adams,1989,Rock,1.29,PaxAmericana Recording Company Under Exclusive License To Blue Note Records,4:23,2015-09-21
385,1,Cowboy Boots,Macklemore & Ryan Lewis,The Heist,Hip-Hop,1.29,Macklemore LLC,4:17,2012-10-09,Cowboy Boots,Macklemore & Ryan Lewis,The Heist,Hip-Hop,1.29,Selena Garcia & Steven Gomez,4:17,2012-10-09
145,0,Toyfriend,David Guetta,One Love,Dance,1.29,Gum Prod licence exclusive Parlophone Music France,2:51,2009-08-21,Still Pimpin',David Banner,Mississippi-The Album,Pop,0.99,Universal Records,7:11,2003-05-20
377,0,Club Ca n't Handle Me,Flo Rida,Club Ca n't Handle Me,Dance,1.29,Atlantic Recording Corporation and WEA International Inc.,6:10,2010-08-17,Good Feeling,Flo Rida,Good Feeling,Dance & Electronic,1.29,MPL Tours Inc.,6:15,2011-11-15
500,0,Because of You,Kelly Clarkson and Reba McEntire,Reba Duets,Country,1.99,"MCA Nashville, a Division of UMG Recordings, Inc.",3:42,2007-09-18,The Fear Of Being Alone,Reba McEntire,Reba #1's,Country,1.29,"MCA Nashville, a Division of UMG Recordings, Inc.",3:02,2005-11-22
488,1,Turn Around,Flo Rida,"Turn Around (5,4,3,2,1)",Hip-Hop/Rap,1.29,Atlantic Recording Corporation for the United States and WEA International Inc.,3:35,2010-11-16,Turn Around,Flo Rida,Only One Flo Part 1,Rap & Hip-Hop,1.29,Atlantic Recording Corporation for the United States and WEA International Inc. for the world outside of the United States,3:20,2010-11-26
217,0,Best of Cr247,Chase Rice,Ignite the Night,Country,unknown,"Dack Janiels Records, Sony Music Entertainment",6:57,2014-08-19,50 Shades of Crazy,Chase Rice,Ignite the Night,Country,1.29,Dack Janiels Records,3:10,2014-08-19
12,1,Shining,X Ambassadors,The Reason - EP,Rock,1.29,KIDinaKORNER/Interscope Records,3:40,2015-08-10,Shining,X Ambassadors,The Reason EP,Alternative Rock,1.29,KIDinaKORNER/Interscope Records,3:37,2015-08-10
426,0,Lick It,Kaskade & Skrillex,Lick It (Remixes),Dance,1.29,Ultra Records,6:14,2012-04-17,Take There,Skrillex & Diplo,Take There,Dance,1.29,Robbins Entertainment,3:29,2014-12-23
506,1,Thrift Shop,Macklemore & Ryan Lewis,The Heist,Hip-Hop/Rap,1.29,Macklemore LLC,3:55,2012-08-01,Thrift Shop,Macklemore & Ryan Lewis,The Heist,Hip-Hop,1.29,Selena Garcia & Steven Gomez,3:55,2012-10-09
167,0,Toyfriend,David Guetta,One Love,Dance,1.29,Gum Prod licence exclusive Parlophone Music France,2:51,2009-08-21,Sun Goes Down,David Guetta,Listen,Dance & Electronic,1.29,If Moving Your Mine,3:31,2014-11-24
63,0,Thank Me Now,Drake,Thank Me Later,Hip-Hop/Rap,1.29,Young Money Entertainment/Cash Money Records/Universal Motown,5:28,2010-06-16,Show Me A Good Time,Drake,Thank Me Later,Rap & Hip-Hop,1.29,Young Money Entertainment/Cash Money Records,3:30,2010-06-15
277,0,Whateva,Fetty Wap,Fetty Wap,Hip-Hop,unknown,300 Entertainment,5:11,unknown,My Way,Fetty Wap,Fetty Wap,Hip-Hop,1.29,Mute Records Ltd.,3:33,2015-09-25
255,0,Please Come to Boston,Kenny Chesney,When the Sun Goes Down,Country,1.29,Sony Music Entertainment,4:00,2004-02-02,Live Those Songs,Kenny Chesney,When The Sun Goes Down,Country,0.99,Pinecastle Records,4:09,2004-02-02
86,0,Dangerous,David Guetta,Listen,Dance,1.29,What A Music Ltd.,3:20,2014-11-24,I'll Keep Loving you,David Guetta,Listen,Dance & Electronic,1.29,If Moving Your Mine,3:08,2014-11-24
62,1,6PM In New York,Drake,If You're Reading This It's Too Late,Hip-Hop,1.29,Cash Money Records,4:43,2015-02-13,6PM In New York,Drake,If You 're Reading This It 's Too Late,Hip-Hop/Rap,1.29,Cash Money Records,4:43,2015-02-13
336,0,"Young, Wild & Free",Snoop Dogg,Mac and Devin Go to High School (Music from and Inspired By the Movie),Hip-Hop/Rap,1.99,Atlantic Recording Corporation for the United States and WEA International Inc. for the world outside of the United States,4:12,2011-12-12,Can You Control Yo Hoe,Snoop Dogg,R&G ( Rhythm & Gangsta ) : The Masterpiece,Hip-Hop,0.99,Geffen Records,3:08,2004-11-16
102,1,The Whisperer,David Guetta,Listen,Dance,1.29,What A Music Ltd.,3:54,2014-11-24,The Whisperer,David Guetta,Listen,Dance & Electronic,1.29,If Moving Your Mine,3:54,2014-11-24
515,0,Get Free,Major Lazer,Free the Universe,Electronic,1.29,Secretly Canadian / Mad Decent,4:58,2013-06-18,Jet Blue Jet,Major Lazer,Free the Universe,Dance & Electronic,1.29,Secretly Canadian / Mad Decent,3:19,2013-04-16
306,0,The Breath You Take,George Strait,"Now That's What I Call Country, Vol. 4",Country,unknown,"EMI Music North America / Sony Music Entertainment / UMG Recordings, Inc.",3:34,2011-06-14,If You're Thinking You Want A Stranger (There's One Coming Home),George Strait,Strait Country,Country,1.29,MCA Records Inc.,2:57,1987-09-23
408,1,Tackle Box,Luke Bryan,I'll Stay Me,Country,1.29,Capitol Records Nashville,4:02,2007-08-14,Tackle Box,Luke Bryan,I'll Stay Me,Country,1.29,Capitol Records Nashville,4:02,2007-08-14
24,0,Lifted,Naughty Boy,Hotel Cabana,Pop,1.29,Naughty Boy Recordings,4:15,2014-05-06,Pardon Me,Naughty Boy,Hotel Cabana (Deluxe Version),Pop,1.29,2014 Naughty Boy Recordings Ltd under exclusive licence to Virgin Records Ltd,2:50,2014-05-06
443,0,Delirious,David Guetta,Pop Life,Dance,1.29,Gum Records,4:31,2007-09-18,It's The Way You Love Me,David Guetta,One Love,Dance & Electronic,1.29,Swedish House Mafia Holdings Ltd under exclusive license to Virgin Records Ltd,4:11,2009-08-21
88,0,Dangerous,David Guetta,Listen,Dance,1.29,What A Music Ltd.,3:20,2014-11-24,Listen,David Guetta,Listen,Dance & Electronic,1.29,If Moving Your Mine,3:46,2014-11-24
505,1,Doin' My Thing,Luke Bryan,Doin' My Thing,Country,1.29,"Capitol Records Nashville, All rights reserved.",3:09,2009-10-02,Doin' My Thing,Luke Bryan,Doin' My Thing,Country,1.29,Capitol Records Nashville,3:09,2009-10-02
293,1,Rashi,Mark Ronson,Here Comes the Fuzz,Hip-Hop,0.99,Elektra Entertainment for the United States and WEA International Inc. for the world outside of the United States.,2:01,2003-08-29,Rashi,Mark Ronson,Here Comes The Fuzz,Dance & Electronic,0.99,Karaoke Freaks,2:01,2003-08-29
274,0,Whateva,Fetty Wap,Fetty Wap,Hip-Hop,unknown,300 Entertainment,5:11,unknown,How We Do Things,Fetty Wap,Fetty Wap,Hip-Hop/Rap,1.29,Mute Records Ltd.,3:31,2015-09-25
184,0,Illusion,Zedd,True Colors,Dance,1.29,Interscope Records,6:30,2015-05-18,Transmission,Zedd,True Colors,Dance & Electronic,1.29,Interscope Records,4:02,2015-05-18
117,0,Titanium,David Guetta,Titanium (Remixes),Dance,0.99,"What A Music Ltd, licence exclusive Parlophone Music France",6:37,2012-01-20,Hey Mama,David Guetta,Hey Mama [ Remixes EP ],Dance & Electronic,1.29,Michelle Kelly,3:23,2015-05-12
267,0,Whateva,Fetty Wap,Fetty Wap,Hip-Hop,unknown,300 Entertainment,5:11,unknown,How We Do Things,Fetty Wap,Fetty Wap,Hip-Hop,1.29,Mute Records,3:31,2015-09-25
189,0,Second Chance,Shinedown,Somewhere In the Stratosphere,Rock,1.29,Atlantic Recording Corporation for the United States and WEA International Inc. for the world outside of the United States .,5:06,2011-04-18,Simple Man,Shinedown,Somewhere In The Stratosphere,Rock,1.29,MCA Nashville,7:35,2011-04-18
453,0,Defeated No More,Disclosure,Settle,Electronic,1.29,Universal Island Records,6:07,2014-04-15,Magnets,Disclosure,Caracal,Electronic,1.29,Island Records,3:19,2015-09-25
254,1,That Lucky Old Sun,Kenny Chesney & Willie Nelson,Lucky Old Sun,Country,0.99,Blue Chair Records LLC,4:16,2008-01-01,That Lucky Old Sun,Kenny Chesney,Lucky Old Sun,Country,0.99,Blue Chair Records,4:16,2008-10-21
229,1,Is It Love,P!NK,Can't Take Me Home,Pop,0.99,LaFace Records LLC,3:38,1997-05-05,Is It Love,Pink,Can t Take Me Home,Pop,0.99,Concord Music Group,3:38,1999-05-17
91,0,Toyfriend,David Guetta,One Love,Dance,1.29,Gum Prod licence exclusive Parlophone Music France,2:51,2009-08-21,Gettin' Over,David Guetta,One Love,Dance & Electronic,1.29,Swedish House Mafia Holdings Ltd under exclusive license to Virgin Records Ltd,3:31,2009-08-21
508,0,Jimmy Iovine,Macklemore & Ryan Lewis,The Heist,Hip-Hop,1.29,Macklemore LLC,3:53,2012-08-01,Neon Cathedral,Macklemore & Ryan Lewis,The Heist,Rap & Hip-Hop,1.29,Selena Garcia & Steven Gomez,4:33,2012-10-09
316,0,Remember You,Wiz Khalifa,O.N.I.F.C.,Hip-Hop/Rap,1.99,Atlantic Recording Corporation and WEA International Inc.,5:20,2012-12-04,The Plan,Wiz Khalifa,O.N.I.F.C.,Rap & Hip-Hop,1.29,Atlantic Recording Corporation for the United States and WEA International Inc. for the world outside of the United States,4:54,2012-12-04
179,0,Beautiful Now,Zedd,Beautiful Now (Remixes) - EP,Dance,1.29,Interscope Records,4:15,2015-07-10,Spectrum,Zedd,Spectrum EP,Dance & Electronic,1.29,Interscope Records,6:01,2012-07-31
136,0,Toyfriend,David Guetta,One Love,Dance,1.29,Gum Prod licence exclusive Parlophone Music France,2:51,2009-08-21,My Shawty,David Banner,Mississippi-The Album,Pop,0.99,Universal Records,3:54,2003-05-20
140,0,Toyfriend,David Guetta,One Love,Dance,1.29,Gum Prod licence exclusive Parlophone Music France,2:51,2009-08-21,Bang my Head,David Guetta,Listen,Dance & Electronic,1.29,If Moving Your Mine,3:53,2014-11-24
261,1,Backwoods Beauty Queen,Florida Georgia Line,Anything Like Me - EP,Country,0.99,Florida Georgia Line,4:15,2010-12-14,Backwoods Beauty Queen,Florida Georgia Line,Anything Like Me,Country,0.99,Florida Georgia Line,4:15,2010-12-14
507,0,Same Love,Macklemore & Ryan Lewis,The Heist,Hip-Hop,1.29,Macklemore LLC,5:20,2012-08-01,White Walls,Macklemore & Ryan Lewis,The Heist,Hip-Hop/Rap,1.29,Selena Garcia & Steven Gomez,3:40,2012-10-09
432,0,Take There,Skrillex & Diplo,Skrillex and Diplo Present Jack ,Dance,1.29,"Atlantic Recording Corporation, WEA International, A Warner Music Group Company",3:30,2015-02-24,To ,"Skrillex, Diplo",Skrillex and Diplo present Jack [Explicit],Dance & Electronic,1.29,Knight Skreams,3:57,2015-02-24
461,1,From Time,Drake,Nothing Was the Same,Hip-Hop,1.29,Cash Money Records Inc.,5:22,2013-09-24,From Time,Drake,Nothing Was The Same,Hip-Hop/Rap,1.29,Cash Money Records Inc.,5:22,2013-09-24
463,1,Over My Dead Body,Drake,Take Care,Hip-Hop,1.29,Cash Money Records,4:32,2011-11-15,Over My Dead Body,Drake,Take Care,Rap & Hip-Hop,1.29,Cash Money Records,4:32,2012-03-20
423,0,Rock N' Roll (Will Take You to the Mountain),Skrillex,More Monsters and Sprites,Electronic,1.99,"Big Beat Records, WEA International",4:34,2011-06-21,All I Ask Of You,Skrillex,Scary Monsters And Nice Sprites EP,Electronic Dance Music,1.29,Digitop Ltd,5:40,2010-12-21
394,0,Talk Dirty,Jason Derulo,Talk Dirty (Single),Pop,1.29,Warner Bros. Records,4:07,2014-05-02,Kama Sutra,Jason Derulo,Talk Dirty,Pop,1.29,Warner Bros. Records,3:36,2013-09-10
243,0,If I Am a Stranger,Ryan Adams,Live After Deaf,Rock,0.99,PAXAM RECORDS,5:10,2012-07-02,Firecracker,Ryan Adams,Live At Carnegie Hall,Rock,1.29,PaxAmericana Recording Company Under Exclusive License To Blue Note Records,4:02,2015-04-21
220,0,Get Low,Dillon Francis & DJ Snake,Get Low (Remixes),Dance,1.29,"Wedgewood Productions, Inc. & DJ Snake Music LLC, under exclusive license to Columbia Records, a Division of Sony Music Entertainment",4:42,2015-06-02,Woman Like Me,"Willy Joy, Flosstradamus, Dillon Francis, Bird Peterson, Cousin Cole, Flinch",Woman Like Me Remixes,Dance & Electronic,0.99,Top Billin,5:22,2011-09-30
516,1,Happily,One Direction,Midnight Memories,Pop,1.29,Simco Limited under exclusive license to Sony Music Entertainment UK Limited,2:55,2013-11-25,Happily,One Direction,Midnight Memories,Pop,1.29,Disney Enterprises,2:55,2013-11-25
436,1,Halcyon,Ellie Goulding,Halcyon Days,Pop,1.29,Polydor Ltd.,3:24,2013-08-27,Halcyon,Ellie Goulding,Halcyon,Pop,1.29,Polydor Ltd.,3:24,2013-08-27
58,1,Thriller,Fall Out Boy,Infinity On High,Alternative,0.99,The Island Def Jam Music Group,3:32,2007-11-20,Thriller,Fall Out Boy,Infinity On High,Alternative Rock,0.99,The Island Def Jam Music Group,3:32,2007-11-20
81,0,Hey Mama,David Guetta,Hey Mama,Dance,1.29,"What A Music Ltd. under exclusive license to Parlophone/Warner Music France, under exclusive license to Atlantic Recording Corporation for the United States",4:42,2015-05-12,Hey Mama,"Zia Moz feat. David Guetta, Bebe Rexha, Nicki Minaj and Afrojack",Hey Mama,Dance & Electronic,0.99,"Zia Moz, David Guetta, Onika Maraj, Giorgio Tuinfort, Nick van de Wall, Ester Dean, Bebe Rexha, Sean Douglas",3:12,2015-06-01
487,0,Ha,Flo Rida,R.O.O.T.S.,Hip-Hop,unknown,Atlantic Recording Corporation,3:54,2009-03-30,Shone,Flo Rida,R.O.O.T.S.,Hip-Hop,1.29,Motown Records,4:13,2009-03-30
200,0,Second Chance,Shinedown,Somewhere In the Stratosphere,Rock,1.29,Atlantic Recording Corporation for the United States and WEA International Inc. for the world outside of the United States ,5:06,2011-04-18,Left Out,Shinedown,Somewhere In The Stratosphere,Rock,1.29,MCA Nashville,5:54,2011-04-18
451,0,Latch,Disclosure,Settle,Electronic,1.29,Universal Island Records,4:15,2014-04-15,You & Me,Disclosure,Settle,Electronic,1.29,Universal Island Records,4:27,2013-06-11
132,0,Toyfriend,David Guetta,One Love,Dance,1.29,Gum Prod licence exclusive Parlophone Music France,2:51,2009-08-21,No Money no Love,David Guetta,Listen,Dance & Electronic,1.29,If Movement,3:57,2014-11-24
3,0,Slow Down,Selena Gomez,Slow Down (Reggae Remixes),Electronic,1.29,Hollywood Records,3:15,2013-08-20,Good For You,Selena Gomez,Good For You,Pop,1.29,Interscope Records,3:01,2015-09-04
510,0,Gold,Macklemore & Ryan Lewis,The Heist,Hip-Hop/Rap,1.29,Macklemore LLC,4:11,2012-08-01,Neon Cathedral,Macklemore & Ryan Lewis,The Heist,Rap & Hip-Hop,1.29,Selena Garcia & Steven Gomez,4:34,2012-10-09
337,0,"Young, Wild & Free",Snoop Dogg,Mac and Devin Go to High School (Music from and Inspired By the Movie),Hip-Hop/Rap,1.99,Atlantic Recording Corporation for the United States and WEA International Inc. for the world outside of the United States,4:12,2011-12-12,No Thang On Me,Snoop Dogg,R&G ( Rhythm & Gangsta ) : The Masterpiece,Hip-Hop/Rap,0.99,Geffen Records,4:41,2004-11-16
218,1,The Back Roads and the Back Row,Cole Swindell,Cole Swindell,Country,1.29,Warner Music Nashville LLC and WEA International Inc.,3:41,2014-02-18,The Back Roads & The Back Row,Cole Swindell,Cole Swindell,Country,1.29,UMG Recordings,3:44,2014-02-18
391,1,Going Away For a While,Brett Eldredge,Illinois,Country,1.29,Atlantic Recording Corporation for the United States and WEA International Inc. for the world outside of the United States . A Warner Music Group Company,3:13,2015-09-11,Going Away For A While,Brett Eldredge,Illinois,Country,1.29,Phonotype,3:15,2015-09-11
514,0,Wind Up,Major Lazer,Free the Universe,Electronic,1.29,Secretly Canadian / Mad Decent,4:27,2013-06-18,Jah No Partial,Major Lazer,Free the Universe,Dance & Electronic,1.29,Secretly Canadian / Mad Decent,4:12,2013-04-16
175,0,Beautiful Now,Zedd,Beautiful Now (Remixes) - EP,Dance,1.29,Interscope Records,4:15,2015-07-10,Spectrum,Zedd,Spectrum EP,Dance & Electronic,1.29,Interscope Records,6:35,2012-07-31
471,0,Popular,Lil Wayne & Lil' Twist,I Am Not a Human Being,Hip-Hop,1.29,Cash Money Records Inc.,4:40,2010-11-15,No Worries,Lil Wayne,I Am Not A Human Being II,Rap & Hip-Hop,1.29,Secretly Canadian,3:42,2013-03-26
351,0,Remember You,Wiz Khalifa,O.N.I.F.C.,Hip-Hop/Rap,1.99,Atlantic Recording Corporation / WEA International Inc.,5:20,2012-12-04,Let It Go,Wiz Khalifa,O.N.I.F.C.,Rap/Hip-Hop,1.29,"Atlantic Recording Corporation, WEA International Inc.",4:18,2012-12-04
196,0,Second Chance,Shinedown,Somewhere In the Stratosphere,Rock,1.29,Atlantic Recording Corporation for the United States and WEA International Inc. for the world outside of the United States.,5:06,2011-04-18,Heroes,Shinedown,Somewhere In The Stratosphere,Rock,1.29,MCA Nashville,8:09,2011-04-18
446,0,Obsession,David Guetta,Pop Life,Dance,unknown,Gum Records,3:06,2007-09-18,Memories,David Guetta,One Love,Dance & Electronic,1.29,Swedish House Mafia Holdings Ltd under exclusive license to Virgin Records Ltd,3:30,2009-08-21
185,0,Illusion,Zedd,True Colors,Dance,1.29,Interscope Records,6:30,2015-05-18,Papercut,Zedd,True Colors,Dance & Electronic,1.29,Interscope Records,7:23,2015-05-18
113,0,Dangerous,David Guetta,Listen,Dance,1.29,What A Music Ltd.,3:20,2014-11-24,Lovers on the Sun,David Guetta,Listen,Dance & Electronic,1.29,If You're Reading This (BMI) / Because I'm Free (SACEM),3:23,2014-11-24
279,0,Whateva,Fetty Wap,Fetty Wap,Hip-Hop,unknown,300 Entertainment,5:11,unknown,Rewind,Fetty Wap,Fetty Wap,Hip-Hop/Rap,1.29,Mute Records Ltd.,5:36,2015-09-25
338,0,True Colors,Wiz Khalifa,Blacc Hollywood,Hip-Hop,1.29,Atlantic Recording Corporation,4:15,2014-08-19,So High,Wiz Khalifa,Blacc Hollywood,Hip-Hop,1.29,Atlantic Recording Corporation / WEA International Inc.,4:09,2014-08-19
286,1,Cowboy Boots,Macklemore & Ryan Lewis,The Heist,Hip-Hop,1.29,Macklemore LLC,4:15,2012-10-09,Cowboy Boots,Macklemore & Ryan Lewis,The Heist,Hip-Hop,1.29,Selena Garcia & Steven Gomez,4:17,2012-10-09
138,0,Toyfriend,David Guetta,One Love,Dance,1.29,Gum Prod licence exclusive Parlophone Music France,2:51,2009-08-21,No Money no Love,David Guetta,Listen,Dance & Electronic,1.29,If Moving Your Mine,3:57,2014-11-24
226,0,Piensas en M,Nicky Jam,Nicky Jam Hits,Latin Urban,0.99,La Industria Inc.,4:46,2014-09-09,Voy a Beber,Nicky Jam,"Greatest Hits, Vol. 1",Latin,0.99,La industria Inc.,3:44,2014-11-04
285,0,Otherside Remix,Macklemore & Ryan Lewis,Otherside Remix,Hip-Hop,0.99,Macklemore,6:10,2011-08-31,Gim Me Something Good,Ryan Adams,Ten Songs From Live At Carnegie Hall,Rock,1.29,PaxAmericana Recording Company Under Exclusive License To Blue Note Records,6:36,2015-06-09
129,0,Toyfriend,David Guetta,One Love,Dance,1.29,Gum Prod licence exclusive Parlophone Music France,2:51,2009-08-21,On The Dancefloor,David Guetta,One Love,Dance & Electronic,1.29,Swedish House Mafia Holdings Ltd under exclusive license to Virgin Records Ltd,4:16,2009-08-21
364,0,Remember You,Wiz Khalifa,O.N.I.F.C.,Hip-Hop,1.99,Atlantic Recording Corporation,5:20,2012-12-04,The Bluff,Wiz Khalifa,O.N.I.F.C.,Hip-Hop/Rap,1.29,Atlantic Recording Corporation for the United States and WEA International Inc. for the world outside of the United States,3:48,2012-12-04
236,0,If I Am a Stranger,Ryan Adams,Live After Deaf,Rock,0.99,PAXAM RECORDS,5:10,2012-07-02,Lucky Now,Ryan Adams,Live At Carnegie Hall,Rock,1.29,PaxAmericana Recording Company Under Exclusive License To Blue Note Records,6:01,2015-04-21
536,0,Sumthin Like This Night,Snoop Dogg & Gorillaz,Doggumentary,Hip-Hop,1.29,"Capitol Records, LLC",3:37,2011-03-29,This Weed Iz Mine,Snoop Dogg,Doggumentary,Hip-Hop,1.29,Capitol Records,3:43,2011-03-29
41,1,Nothing Would Be Better,Nick Jonas,Nick Jonas,Pop,1.29,Island Records / Safehouse Records,4:34,2014-11-10,Nothing Would Be Better,Nick Jonas,Nick Jonas,Pop,1.29,"Island Records/Safehouse Records LLC, a division of UMG Recordings, Inc.",4:34,2014-11-10
39,0,Get Free,Major Lazer,Get Free - Single,Electronic,1.29,Secretly Canadian / Mad Decent,5:31,2013-02-27,Break Free,Major Lazer,Get It : Hip-Hop & Pop for Now,Dance & Electronic,1.29,Secretly Canadian / Mad Decent,3:34,unknown
454,0,Voices,Disclosure,Settle,Electronic,1.29,Universal Island Records,4:09,2014-04-15,Help Me Lose My Mind,Disclosure,Settle,Electronica,1.29,Universal Island Records,4:05,2013-06-11
474,1,I Know,Diddy - Dirty Money & Chris Brown & Wiz Khalifa & Seven,Last Train to Paris,Hip-Hop,1.29,Bad Boy/Interscope Records,4:31,2010-12-14,I Know,Diddy - Dirty Money,Last Train To Paris,Hip-Hop,1.29,Bad Boy/Interscope Records,4:31,2010-12-14
361,0,Remember You,Wiz Khalifa,O.N.I.F.C.,Hip-Hop/Rap,1.99,Atlantic Recording Corporation for the United States and WEA International Inc. for the world outside of the United States,5:20,2012-12-04,So High,Wiz Khalifa,Blacc Hollywood,Rap & Hip-Hop,1.29,Atlantic Recording Corporation for the United States and WEA International Inc. for the world outside of the United States . A Warner Music Group Company,4:09,2014-08-19
233,0,If I Am a Stranger,Ryan Adams,Live After Deaf ( Live ) [ Complete Collection ],Rock,0.99,PAXAM RECORDS,5:10,2012-07-02,Carolina Rain,Ryan Adams,Live After Deaf,Folk,0.99,Paxam Records,5:41,2012-08-09
232,0,If I Am a Stranger,Ryan Adams,Live After Deaf,Rock,0.99,PAXAM RECORDS,5:10,2012-07-02,16 Days,Ryan Adams,Live After Deaf Collection,Folk Rock,0.99,PAXAM RECORDS,4:31,2012-07-02
69,0,Masterpiece,Disclosure,Caracal,Electronic,unknown,Island Records,4:01,unknown,Holding On,Disclosure,Caracal,Electronic Dance Music,1.29,Island Records,5:15,2015-09-25
383,0,Money Right,Flo Rida,Mail On Sunday,Hip-Hop,1.29,Atlantic Recording Corporation / WEA International Inc.,3:16,2008-03-18,Elevator,Flo Rida,Mail On Sunday,Rap & Hip-Hop,1.29,Warner Bros.,3:50,2008-03-18
73,0,Dangerous,David Guetta,Listen,Dance,1.29,What A Music Ltd.,3:20,2014-11-24,Ill Keep Loving You,David Guetta,Listen,Dance & Electronic,1.29,If Moving Your Mine,3:08,2014-11-24
482,1,Over When It's Over,Eric Church,Caught In the Act,Country,1.29,EMI Records Nashville,2:59,2013-04-05,Over When It's Over,Eric Church,Caught In The Act : Live,Country,1.29,EMI Records Nashville,2:59,2013-04-05
393,1,X2CU,Jason Derulo,Everything Is 4,Pop,1.29,Warner Bros. Records Inc.,5:13,2015-05-29,X2CU,Jason Derulo,Everything Is 4,Pop,1.29,Because Music,5:14,2015-06-01
400,0,Where Are '' Now,Skrillex & Diplo,Where Are '' Now ( with Justin Bieber ),Dance,1.29,OWSLA / Mad Decent / Atlantic Recording Corporation for the United States and WEA International Inc. for the world outside of the United States . A Warner Music Group Company,2:31,2015-06-16,Scary Monsters And Nice Sprites,Skrillex,More Monsters And Sprites EP,Dubstep,1.29,Rory Bourke Music Co.,4:51,2011-06-07
50,1,Goodbye to You,Ed Sheeran,5,Pop,1.29,Warner Music UK Limited,5:30,2014-06-23,Goodbye To You,Ed Sheeran,5,Pop,1.29,Dub Police Records,5:30,2014-06-23
350,0,Remember You,Wiz Khalifa,O.N.I.F.C.,Hip-Hop,1.99,Atlantic Recording Corporation for the United States and WEA International Inc. for the world outside of the United States,5:20,2012-12-04,Initiation,Wiz Khalifa,O.N.I.F.C.,Hip-Hop/Rap,1.29,Atlantic Recording Corporation and WEA International Inc.,4:29,2012-12-04
85,0,Dangerous,David Guetta,Listen,Dance,1.29,What A Music Ltd.,3:20,2014-11-24,Take Your,David Banner,Certified,Hip-Hop/Rap,0.69,"Island Records, a division of UMG Recordings, Inc.",4:42,2005-09-20
202,0,Breaking Inside,Shinedown,The Sound of Madness,Rock,1.29,Atlantic Recording Corporation for the United States and WEA International Inc. for the world outside of the United States.,3:47,2008-06-24,I Own You,Shinedown,The Sound of Madness,Rock,1.29,Vanguard,3:37,2008-06-23
31,0,Epilogue,Naughty Boy,Hotel Cabana,Pop,1.29,Naughty Boy Recordings Ltd under exclusive licence to Virgin Records Ltd,1:28,2014-05-06,Wonder,Naughty Boy,Hotel Cabana,Pop,1.29,2014 Naughty Boy Recordings Ltd under exclusive licence to Virgin Records Ltd,3:27,2014-05-06
503,1,Yayo,Lana Del Rey,Born To Die,Alternative,1.29,Lana Del Rey under exclusive licence to Polydor Ltd. ( UK ) . Under exclusive licence to Interscope Records in the USA,5:21,2012-11-13,Yayo,Lana Del Rey,Born To Die - The Paradise Edition,Alternative Rock,1.29,Polydor Ltd.,3:57,2012-11-13
209,0,Fly from the Inside,Shinedown,Leave a Whisper,Rock,1.29,Atlantic Recording Corporation for the United States and WEA International for the world outside of the United States,3:59,2003-05-27,Fly From The Inside,Shinedown,Leave A Whisper,Rock,1.29,Mad Decent,3:55,2003-05-27
349,0,Remember You,Wiz Khalifa,O.N.I.F.C.,Hip-Hop/Rap,1.99,Atlantic Recording Corporation for the United States and WEA International Inc. for the world outside of the United States,5:20,2012-12-04,Rise Above,Wiz Khalifa,O.N.I.F.C.,Hip-Hop,1.29,"Atlantic Recording Corporation, WEA International Inc.",4:31,2012-12-04
458,0,Confess To Me,Disclosure,Settle,Electronic,1.29,Universal Island Records,4:10,2014-04-15,Omen,Disclosure,Caracal,Electronic,1.29,Island Records,3:50,2015-09-25
195,0,Second Chance,Shinedown,Somewhere In the Stratosphere,Rock,1.29,Atlantic Recording Corporation for the United States and WEA International Inc. for the world outside of the United States .,5:06,2011-04-18,45,Shinedown,Somewhere In The Stratosphere,Rock,1.29,MCA Nashville,6:12,2011-04-18
112,0,Dangerous,David Guetta,Listen,Dance,1.29,What A Music Ltd.,3:20,2014-11-24,Ill Keep Loving You,David Guetta,Listen,Dance & Electronic,1.29,If Moving Your Mine,3:08,2014-11-24
249,0,Because of Your Love,Kenny Chesney,Greatest Hits,Country,0.99,BMG Entertainment,4:16,2000-09-26,"Ruby, Don't Take Your Love To Town",Kenny Rogers,49 All Time Greatest Hits,Country,0.89,Goldenlane Records,2:55,2008-08-01
153,0,Toyfriend,David Guetta,One Love,Dance,1.29,Gum Prod licence exclusive Parlophone Music France,2:51,2009-08-21,On The Dancefloor,David Guetta,One Love,Dance & Electronic,1.29,Swedish House Mafia Holdings Ltd under exclusive license to Virgin Records Ltd,3:46,2009-08-21
162,0,I'm a Machine,David Guetta,Nothing But the Beat,Dance,1.29,"What A Music Ltd, Licence exclusive Parlophone Music France",3:34,2011-08-26,I Can Only Imagine,David Guetta,Nothing But The Beat,Dance and Electronic,1.29,Andy Henningsen,3:29,2011-08-26
396,1,It Girl,Jason Derulo,Future History,Pop,1.99,Warner Bros. Records,3:13,2011-09-16,It Girl,Jason Derulo,Future History,Pop,1.29,Hit Red Records under exclusive license to Capitol Records Nashville,3:12,2011-09-16
296,0,Thinking About You,Calvin Harris,Thinking About You,Dance,1.29,Sony Music Entertainment UK Limited,5:42,2013-08-02,How Deep Is Your Love,Calvin Harris & Disciples,How Deep Is Your Love,Dance & Electronic,1.29,Island Records,4:16,2015-08-07
14,0,VHS Outro,X Ambassadors,VHS,Alternative,1.29,KIDinaKORNER/Interscope Records,1:25,2015-06-30,Smoke,X Ambassadors,VHS,Alternative Rock,1.29,KIDinaKORNER/Interscope Records,0:24,2015-06-30
247,0,Because of Your Love,Kenny Chesney,Greatest Hits,Country,0.99,BMG Entertainment,4:16,2000-09-26,Hurry Up Love,Kenny Rogers,49 All Time Greatest Hits,Country,0.89,Goldenlane Records,2:29,2008-08-01
444,0,Do Something Love,David Guetta,Pop Life,Dance,1.29,Gum Records,4:10,2007-09-18,When Love Takes Over,David Guetta,One Love,Dance & Electronic,1.29,Swedish House Mafia Holdings Ltd under exclusive license to Virgin Records Ltd,3:11,2009-08-21
537,0,Cold Game,Snoop Dogg and Latoiya Williams,Doggumentary,Hip-Hop,1.29,"Capitol Records, LLC",3:49,2011-03-29,Toyz N Da Hood,Snoop Dogg,Doggumentary,Hip-Hop,1.29,Capitol Records,2:40,2011-03-29
234,0,If I Am a Stranger,Ryan Adams,Live After Deaf,Rock,0.99,Paxam Records,5:10,2012-07-02,My Wrecking Ball,Ryan Adams,Live At Carnegie Hall,Rock,1.29,PaxAmericana Recording Company Under Exclusive Licence To Blue Note Records,5:22,2015-04-21
68,0,Masterpiece,Disclosure,Caracal,Electronic,unknown,Island Records,4:01,unknown,Willing & Able,Disclosure,Caracal,Electronic,1.29,Island Records,4:52,2015-09-25
221,0,Get Low,Dillon Francis & DJ Snake,Get Low (Remixes) - EP,Dance,1.29,"Wedgewood Productions, Inc. & DJ Snake Music LLC, under exclusive license to Columbia Records, a Division of Sony Music Entertainment",4:42,2015-06-02,Que Que,Dillon Francis & Diplo,Que Que Remix EP,Dance/Electronic,0.99,Mad Decent,4:50,2011-08-23
20,0,VHS Outro,X Ambassadors,VHS,Alternative,1.29,KIDinaKORNER/Interscope Records,1:25,2015-06-30,Moving Day,X Ambassadors,VHS,Alternative Rock,1.29,KIDinaKORNER/Interscope Records,0:19,2015-06-30
96,0,I'm a Machine,David Guetta,Nothing But the Beat,Dance,1.29,"What A Music Ltd, Licence exclusive Parlophone Music France",3:34,2011-08-26,Little Bad Girl,David Guetta,Nothing But the Beat 2.0,Dance & Electronic,0.99,Real Sounds,3:12,2011-08-26
310,0,Judas,Lady Gaga,Born This Way,Pop,unknown,Interscope Records,9:18,2011-11-21,Just Dance,Lady Gaga,Just Dance,Pop,1.29,Interscope,4:19,2008-11-04
382,0,Money Right,Flo Rida,Mail On Sunday,Hip-Hop,1.29,Atlantic Recording Corporation,3:16,2008-03-18,American Superstar,Flo Rida,Mail On Sunday,Rap and Hip-Hop,1.29,Warner Bros. Records Inc.,3:42,2008-03-17
466,0,Take Care,Drake,Take Care,Hip-Hop/Rap,1.29,Cash Money Records Inc.,4:37,2011-11-15,Make Me Proud,Drake,Take Care,Rap & Hip-Hop,1.29,Cash Money Records,3:39,2012-03-20
291,0,Stop Me,Daniel Merriweather & Mark Ronson,Stop Me (Remixes) - EP,Electronic/Hip-Hop,0.99,Mark Ronson under exclusive license to Sony BMG Music Entertainment (UK) Ltd.,5:58,2007-08-14,Stop Me,Mark Ronson feat. Daniel Merriweather,Stop Me,Pop,0.99,"Lichtdicht Records, Republic Records",3:53,2007-03-16
173,0,I'm a Machine,David Guetta,Nothing But the Beat,Dance,1.29,"What A Music Ltd, Licence exclusive Parlophone Music France",3:34,2011-08-26,Nothing Really Matters,David Guetta,Nothing But the Beat 2.0,Dance & Electronic,0.99,Real Sounds,3:39,2011-08-26
333,1,Cameras,Wiz Khalifa,Rolling Papers,Hip-Hop,1.29,Atlantic Recording Corporation,4:29,2011-03-28,Cameras,Wiz Khalifa,Rolling Papers,Rap & Hip-Hop,1.29,Atlantic Recording Corporation and WEA International Inc.,4:29,2011-03-28
301,0,Awooga,Calvin Harris,Bounce ( feat . Kelis ),Dance,1.29,Sony Music Entertainment UK Limited,7:12,2013-02-05,Bounce,Calvin Harris Feat. Kelis,Bounce,Dance & Electronic,1.29,Bill Maki,6:06,2013-02-05
327,0,Remember You,Wiz Khalifa,O.N.I.F.C.,Hip-Hop/Rap,1.99,Atlantic Recording Corporation for the United States and WEA International Inc. for the world outside of the United States,5:20,2012-12-04,True Colors,Wiz Khalifa,Blacc Hollywood,Rap & Hip-Hop,1.29,"Atlantic Recording Corporation for the United States and WEA International Inc. for the world outside of the United States , A Warner Music Group Company",4:15,2014-08-19
0,1,VHS Outro,X Ambassadors,VHS,Alternative,1.29,KIDinaKORNER/Interscope Records,1:25,2015-06-30,VHS Outro,X Ambassadors,VHS,Alternative Rock,1.29,KIDinaKORNER/Interscope Records,1:25,2015-06-30
441,0,First - Return to Tackyland,Cold War Kids,Hold My Home,Indie Rock,1.29,Downtown Records,3:26,2015-09-11,First,Cold War Kids,Hold My Home,Alternative Rock,1.29,Downtown Records,3:20,2014-10-21
425,0,Lick It,Kaskade & Skrillex,Lick It ( Remixes ) - EP,Dance,1.29,Ultra Records,6:14,2012-04-17,Scary Monsters And Nice Sprites,Skrillex,More Monsters And Sprites EP,Dance & Electronic,1.29,Rory Bourke Music Co.,3:39,2011-06-07
55,0,Centuries,Fall Out Boy,Centuries,Rock,1.29,Island Records,4:19,2014-12-22,Busy,Boy Face,Busy (N3mrod Remix) [Explicit],Dance & Electronic,0.99,Perpetual Motions Ent./F Pac Records/FROGG LIFE,2:32,2015-04-10
118,0,Titanium,David Guetta,Titanium - Single,Electronic,1.29,"What A Music Ltd, Licence exclusive Parlophone Music France",3:58,2012-08-20,Titanium,David Guetta,Titanium,Dance & Electronic,0.99,"What A Music Ltd, licence exclusive Parlophone Music France",6:37,2012-01-20
332,1,Extra Extra Credit,Wiz Khalifa,Flight School,Hip-Hop/Rap,0.99,Rostrum Records,4:03,2009-04-17,Extra Extra Credit,Wiz Khalifa,Flight School,Hip-Hop,0.99,Mad Decent,4:03,2009-04-17
450,1,Latch,Disclosure,Settle,Electronic,1.29,Universal Island Records,4:15,2014-04-15,Latch,Disclosure,Settle,Electronic,1.29,Universal Island Records,4:15,2013-06-11
83,0,Toyfriend,David Guetta,One Love,Dance,1.29,Gum Prod licence exclusive Parlophone Music France,2:51,2009-08-21,Nothin On You,David Guetta,Pop Love,Dance/Electronic,1.29,Blue Drum Records,3:25,unknown
302,0,We 'll Be Coming Back,Calvin Harris,We 'll Be Coming Back,Dance,1.29,Sony Music Entertainment UK Limited,5:02,2013-02-05,How Deep Is Your Love,Calvin Harris & Disciples,How Deep Is Your Love,Dance,1.29,Island Records,5:06,2015-08-07
489,1,Anything Goes,Florida Georgia Line,Anything Goes,Country,1.29,Big Machine Label Group,3:39,2014-10-14,Anything Goes,Florida Georgia Line,Anything Goes,Country,1.29,Republic Records,3:38,2014-10-14
271,0,Whateva,Fetty Wap,Fetty Wap,Hip-Hop,unknown,300 Entertainment,5:11,unknown,My Way,Fetty Wap,Fetty Wap,Hip-Hop/Rap,1.29,Mute Records Ltd.,3:33,2015-09-25
127,0,Toyfriend,David Guetta,One Love,Dance,1.29,Gum Prod licence exclusive Parlophone Music France,2:51,2009-08-21,I'll Keep Loving you,David Guetta,Listen,Dance & Electronic,1.29,If Moving Your Mine,3:08,2014-11-24
74,0,Dangerous,David Guetta,Listen,Dance,1.29,What A Music Ltd.,3:20,2014-11-24,Fast Life,David Banner,Mississippi-The Album,Pop,0.99,Universal Records,4:52,2003-05-20
434,0,Stay the Night,Zedd,"NOW That 's What I Call Music, Vol. 49",Pop,unknown,UMG Recordings and Sony Music Entertainment,3:34,2014-02-04,Beautiful Now,Zedd,Beautiful Now,Dance & Electronic,1.29,Interscope Records,3:53,2015-07-10
404,0,Starry Eyed,Ellie Goulding,Starry Eyed (Remixes) - EP,Dance,1.29,Polydor Ltd.,8:14,2011-02-15,Lights,Ellie Goulding,Lights (The Remixes Part 1),Pop,1.29,Polydor Ltd. (UK),3:49,2011-05-23
320,0,Remember You,Wiz Khalifa,O.N.I.F.C.,Hip-Hop,1.99,"Atlantic Recording Corporation, WEA International Inc.",5:20,2012-12-04,We Dem Boyz Remix,Wiz Khalifa,Blacc Hollywood,Hip-Hop/Rap,1.29,"Atlantic Recording Corporation, WEA International Inc.",5:19,2014-08-19
77,0,Dangerous,David Guetta,Listen,Dance,1.29,What A Music Ltd.,3:20,2014-11-24,S.T.O.P,David Guetta,Listen,Dance & Electronic,1.29,If by Moving Your Mine,3:34,2014-11-24
228,1,Love Song,Pink,Try This,Pop,0.99,Arista Records,2:28,2003-11-10,Love Song,P!nk,Try This,Pop,0.99,CWM records,2:27,2003-11-11
509,0,A Wake,Macklemore & Ryan Lewis,The Heist,Hip-Hop,1.29,Macklemore LLC,3:46,2012-08-01,Thrift Shop,Macklemore & Ryan Lewis,The Heist,Hip-Hop,1.29,Selena Garcia & Steven Gomez,3:55,2012-10-09
19,0,VHS Outro,X Ambassadors,VHS,Alternative,1.29,KIDinaKORNER/Interscope Records,1:25,2015-06-30,Adam & Noah's Priorities,X Ambassadors,VHS,Alternative Rock,1.29,KIDinaKORNER/Interscope Records,0:27,2015-06-30
72,0,Dangerous,David Guetta,Listen,Dance,1.29,What A Music Ltd.,3:20,2014-11-24,Bloody War,David Banner,Certified,Rap & Hip-Hop,0.99,Island Records,4:27,2005-09-20
496,0,Baby,Justin Bieber,My World 2.0,Pop,1.99,The Island Def Jam Music Group,3:39,2010-03-23,Baby,Justin Bieber,My Worlds Acoustic,Pop,1.29,The Island Def Jam Music Group,3:35,2011-02-08
282,0,Anna Sun,WALK THE MOON,iTunes Festival : London 2012 - EP,Alternative,1.29,"RCA Records, a division of Sony Music Entertainment",6:11,2012-09-10,Burning Down The House,Walk the Moon,Tightrope EP,Alternative Rock,1.29,"The Weeknd XO, Inc.",3:51,2013-01-18
368,0,Remember You,Wiz Khalifa,O.N.I.F.C.,Hip-Hop,1.99,Atlantic Recording Corporation,5:20,2012-12-04,House In The Hills,Wiz Khalifa,Blacc Hollywood,Rap,1.29,"Atlantic Recording Corporation, WEA International Inc.",4:52,2014-08-19
210,0,Fly from the Inside,Shinedown,Leave a Whisper,Rock,1.29,Atlantic Recording Corporation,3:59,2003-05-27,Simple Man,Shinedown,Leave A Whisper,Rock,1.29,Mad Decent,5:20,2003-05-27
2,1,Slow Down,Selena Gomez,Slow Down,Dance,1.29,Hollywood Records,5:21,2013-08-20,Slow Down,Selena Gomez,Slow Down Remixes,Dance & Electronic,1.29,Hollywood Records,5:21,2013-08-20
32,0,Epilogue,Naughty Boy,Hotel Cabana,Pop,1.29,Naughty Boy Recordings,1:28,2014-05-06,So Strong,Naughty Boy,Hotel Cabana (Deluxe Version),Pop,1.29,Naughty Boy Recordings Ltd under exclusive licence to Virgin Records Ltd,3:36,2014-05-06
78,0,Dangerous,David Guetta,Listen,Dance,1.29,What A Music Ltd.,3:20,2014-11-24,When Love Takes Over,David Guetta,One Love,Dance & Electronic,1.29,Virgin Records Ltd,4:23,2009-08-21
67,1,Boiling,Disclosure,Control,Electronic,1.29,Greco-Roman Ltd,5:52,2013-04-02,Boiling,Disclosure,Control,Dance & Electronic,0.89,Greco-Roman Ltd,5:52,2013-04-02
190,1,Through the Ghost,Shinedown,Amaryllis,Rock,1.29,Atlantic Recording Corporation for the United States and WEA International Inc. for the world outside of the United States,4:01,2012-03-23,Through The Ghost,Shinedown,Amaryllis,Rock,1.29,Krankbrother,4:01,2012-03-23
305,1,We're All the Same,Calvin Harris,I Created Disco,Dance,0.99,Sony Music Entertainment,3:56,2007-06-18,We're All The Same,Calvin Harris,I Created Disco,Dance,0.99,Defected Records,3:56,2012-02-22
476,0,The Nature of Evil,Howard Shore,The Hobbit: The Desolation of Smaug (Original Motion Picture Soundtrack),Soundtrack,1.29,WaterTower Music,3:20,2013-12-10,"Bard, a Man of Lake-town",Howard Shore,The Hobbit: The Desolation of Smaug (Original Motion Picture Soundtrack),Soundtracks,1.29,WaterTower Music / Warner Bros. Entertainment / Metro-Goldwyn Mayer Pictures Inc.,3:18,2013-12-10
273,0,Whateva,Fetty Wap,Fetty Wap,Hip-Hop,unknown,300 Entertainment,5:11,unknown,For My Team,Fetty Wap,Fetty Wap,Rap & Hip-Hop,1.29,Mute Records Ltd.,3:28,2015-09-25
321,0,Remember You,Wiz Khalifa,O.N.I.F.C.,Hip-Hop,1.99,Atlantic Recording Corporation for the United States and WEA International Inc. for the world outside of the United States,5:20,2012-12-04,Medicated,Wiz Khalifa,O.N.I.F.C.,Hip-Hop/Rap,1.29,Atlantic Recording Corporation for the United States and WEA International Inc. for the world outside of the United States,5:31,2012-12-04
406,1,Remark,Rachel Platten,Be Here,Pop,0.99,Great Unknown LLC,2:57,2011-04-26,Remark,Rachel Platten,Be Here,Pop,0.99,Great Unknown LLC,2:57,2011-04-26
64,0,Teardrops On My Guitar,Taylor Swift,Taylor Swift,Country,0.99,"Big Machine Records, UMGD",2:59,2006-10-24,Teardrops On My Guitar,Taylor Swift,Taylor Swift,Country,1.29,"Big Machine Records, UMGD",3:23,2008-03-18
241,0,If I Am a Stranger,Ryan Adams,Live After Deaf,Singer/Songwriter,0.99,PAXAM RECORDS,5:10,2012-07-02,September,Ryan Adams,Live After Deaf,Folk/Rock,0.99,Paxam Records,2:43,2012-07-02
415,1,Take There,Skrillex & Diplo,Skrillex and Diplo Present Jack ,Dance/Electronic/Hip-Hop/Rap/Jazz/Rock,1.29,Atlantic Recording Corporation for the US and WEA International for the world outside the United States . A Warner Music Group Company,3:30,2015-02-24,Take There,Skrillex Diplo,Skrillex and Diplo present Jack,Dance Electronic,1.29,Knight Skreams,3:30,2015-02-24
518,0,Little White Lies,One Direction,Midnight Memories,Pop,1.29,Simco Limited under exclusive license to Sony Music Entertainment UK Limited,3:17,2013-11-25,Little Black Dress,One Direction,Midnight Memories,Pop,1.29,Disney Enterprises,2:37,2013-11-25
121,0,Toyfriend,David Guetta,One Love,Dance,1.29,Gum Prod licence exclusive Parlophone Music France,2:51,2009-08-21,Phone Tap,David Banner,Mississippi-The Album,Pop,0.69,Universal Records,1:52,2003-05-20
314,0,We Dem Boyz,Wiz Khalifa,Blacc Hollywood,Hip-Hop,1.99,"Atlantic Recording Corporation, WEA International Inc., Warner Music Group Company",3:56,2014-08-19,We Dem Boyz Remix,Wiz Khalifa,Blacc Hollywood,Hip-Hop/Rap,1.29,Atlantic Recording Corporation/WEA International Inc.,5:19,2014-08-19
264,0,Any Man of Mine,Lauren Alaina,American Idol Season 10 : Lauren Alaina,Country,1.29,"19 Recordings, Inc.",3:40,2011-05-25,(You Make Me Feel Like) A Natural Woman,Lauren Alaina,Lauren Alaina - American Idol Season 10,Country,1.29,19 Recordings,2:53,2011-05-25
341,0,We Dem Boyz,Wiz Khalifa,We Dem Boyz - Single,Hip-Hop/Rap,1.29,Atlantic Recording Corporation,4:19,2014-07-01,We Dem Boyz,Wiz Khalifa,We Dem Boyz,Hip-Hop/Rap,1.29,"Atlantic Recording Corporation, WEA International Inc.",3:45,2014-02-11
315,0,Remember You,Wiz Khalifa,O.N.I.F.C.,Hip-Hop/Rap,1.99,Atlantic Recording Corporation for the United States and WEA International Inc. for the world outside of the United States,5:20,2012-12-04,The Bluff,Wiz Khalifa,O.N.I.F.C.,Rap & Hip-Hop,1.29,Atlantic Recording Corporation for the United States and WEA International Inc. for the world outside of the United States,3:48,2012-12-04
319,0,Remember You,Wiz Khalifa,O.N.I.F.C.,Hip-Hop/Rap,1.99,Atlantic Recording Corporation,5:20,2012-12-04,Let It Go,Wiz Khalifa,O.N.I.F.C.,Hip-Hop/Rap,1.29,Atlantic Recording Corporation and WEA International Inc.,4:18,2012-12-04
92,0,Dangerous,David Guetta,Listen,Dance,1.29,What A Music Ltd.,3:20,2014-11-24,Choose,David Guetta,One Love,Dance & Electronic,1.29,Swedish House Mafia Holdings Ltd under exclusive license to Virgin Records Ltd,3:16,2009-08-21
223,1,Piensas en M' _,Nicky Jam,Nicky Jam Hits,Latin Urban,0.99,La Industria Inc.,4:46,2014-09-09,Piensas en MÌ _,Nicky Jam,Nicky Jam Hits,Latin Music,0.99,Codiscos S.A.S.,4:46,2014-09-09
21,0,Epilogue,Naughty Boy,Hotel Cabana,Pop,1.29,Naughty Boy Recordings Ltd under exclusive licence to Virgin Records Ltd,1:28,2014-05-06,No One 's Here To Sleep,Naughty Boy,Hotel Cabana,Pop,1.29,Naughty Boy Recordings Ltd under exclusive licence to Virgin Records Ltd,4:32,2014-05-06
491,0,"Dayum, Baby",Florida Georgia Line,Here's to the Good Times... This Is How We Roll,Country,1.29,Big Machine Label Group,3:26,2013-11-25,This Is How We Roll,Florida Georgia Line,Here's To The Good Times...This Is How We Roll,Country,1.29,Big Machine Label Group,3:40,2013-11-25
8,1,VHS Outro,X Ambassadors,VHS,Alternative,1.29,KIDinaKORNER/Interscope Records,1:25,2015-06-30,VHS Outro,X Ambassadors,VHS,Alternative Rock,1.29,KIDinaKORNER/Interscope Records,1:25,2015-06-30
35,0,Get Free,Major Lazer,Get Free,Electronic,1.29,Secretly Canadian / Mad Decent,5:31,2013-02-27,Keep It Goin' Louder,Major Lazer,Keep It Goin' Louder,Electronica,0.99,"Downtown Music, LLC",5:03,2009-12-21
387,1,We Know,Fifth Harmony,Reflection,Pop,1.29,Simco Ltd under exclusive license to Epic Records a division of Sony Music Entertainment,2:57,2015-01-30,We Know,Fifth Harmony,Reflection,Pop,1.29,Big Machine Records,2:57,2015-01-30
182,0,Autonomy,Zedd,Autonomy - EP,Dance,0.99,Bugeyed Records,4:59,2011-03-28,Autonomy,Zedd,Zedd - Autonomy,Electronic Dance Music,0.99,Wolf Tone Limited,5:59,2011-03-28
334,1,Cameras,Wiz Khalifa,Rolling Papers,Hip-Hop,1.29,Atlantic Recording Corporation for the United States and WEA International Inc. for the world outside of the United States,4:29,2011-03-28,Cameras,Wiz Khalifa,Rolling Papers,Hip-Hop/Rap,1.29,Atlantic Recording Corporation for the United States and WEA International Inc. for the world outside of the United States,4:29,2011-03-28
486,1,Available,Flo Rida,R.O.O.T.S.,Hip-Hop/Rap,1.29,Atlantic Recording Corporation for the United States and WEA International Inc. for the world outside of the United States,4:24,2009-03-30,Available,Flo Rida,R.O.O.T.S.,Hip-Hop,1.29,"Motown Records, a Division of UMG Recordings, Inc.",4:24,2009-03-30
402,0,Kill Everybody,Skrillex,Scary Monsters and Nice Sprites,Dance,1.29,Big Beat Records,4:41,2010-12-21,Kill Everybody,Skrillex,Scary Monsters And Nice Sprites EP,Electronic,1.29,Digitop Ltd,4:58,2010-12-21
312,0,Judas,Lady Gaga,Born This Way,Pop,unknown,Interscope Records,9:18,2011-11-21,Electric Chapel,Lady Gaga,Born This Way - The Remix,Pop,1.29,Interscope Records,3:59,2011-11-21
326,0,True Colors,Wiz Khalifa,Blacc Hollywood,Hip-Hop,1.29,"Atlantic Recording Corporation for the United States and WEA International Inc. for the world outside of the United States , A Warner Music Group Company",4:15,2014-08-19,Still Down,Wiz Khalifa,Blacc Hollywood,Hip-Hop,1.29,Atlantic Recording Corporation/WEA International Inc.,4:16,2014-08-19
161,0,I'm a Machine,David Guetta,Nothing But the Beat,Dance,1.29,"What A Music Ltd, Licence exclusive Parlophone Music France",3:34,2011-08-26,Without You,David Guetta,Nothing But The Beat,Dance & Electronic,1.29,Andy Henningsen,3:28,2011-08-26
397,0,Whatcha Say,Jason Derulo,Reloaded,Pop,1.29,Warner Bros.,4:02,2011-12-16,The Sky's The Limit,Jason Derulo,Reloaded,Pop,1.29,DTP Records LLC,3:25,2011-12-16
427,0,Lick It,Kaskade & Skrillex,Lick It (Remixes) - EP,Dance,1.29,Ultra Records,6:14,2012-04-17,Scary Monsters And Nice Sprites,Skrillex,More Monsters And Sprites EP,Dubstep,1.29,Rory Bourke Music Co.,3:39,2011-06-07
410,0,Act My Age,One Direction,FOUR,Pop,1.29,Simco Limited under exclusive license to Sony Music Entertainment UK Limited,3:18,2014-11-17,Change My Mind,One Direction,Take Me Home,Pop,1.29,Big Love,3:32,2012-11-09
148,0,Toyfriend,David Guetta,One Love,Dance,1.29,Gum Prod license exclusive Parlophone Music France,2:51,2009-08-21,Choose Me,David Banner,Mississippi-The Album,Pop,0.99,Universal Records,4:24,2003-05-20
343,0,We Dem Boyz,Wiz Khalifa,Blacc Hollywood,Hip-Hop,1.99,"Atlantic Recording Corporation, WEA International Inc.",3:56,2014-08-19,We Dem Boyz Remix,Wiz Khalifa,Blacc Hollywood,Hip-Hop,1.29,Atlantic Recording Corporation for the United States and WEA International Inc. for the world outside of the United States . A Warner Music Group Company,5:19,2014-08-19
297,0,Pray to God,Calvin Harris,Pray to God,Dance,1.29,Sony Music Entertainment UK Limited,3:43,2015-05-26,How Deep Is Your Love,Calvin Harris & Disciples,How Deep Is Your Love,Dance and Electronic,1.29,Island Records,4:16,2015-08-07
409,1,Are You Leaving With Him,Luke Bryan,Spring Break ... Checkin ' Out,Country,1.29,Capitol Records Nashville,3:23,2015-03-10,Are You Leaving With Him,Luke Bryan,Spring Break ... Checkin' Out,Country,1.29,Capitol Records Nashville,3:24,2015-03-10
23,0,Lifted,Naughty Boy,Hotel Cabana,Pop,1.29,Naughty Boy Recordings,4:15,2014-05-06,Top Floor,Naughty Boy,Hotel Cabana,Pop,1.29,Naughty Boy Recordings Ltd under exclusive licence to Virgin Records Ltd,2:09,2014-05-06
468,0,Lord Knows,Drake,Take Care,Hip-Hop,1.29,Cash Money Records,5:07,2011-11-15,Light Up,Drake,Thank Me Later,Rap/Hip-Hop,1.29,Young Money Entertainment/Cash Money Records,4:34,2010-06-15
290,0,Stop Me,Daniel Merriweather & Mark Ronson,Stop Me ( Remixes ) - EP,Electronic,0.99,Mark Ronson under exclusive license to Sony BMG Music Entertainment ( UK ) Limited,5:58,2007-08-14,I Can't Lose,Mark Ronson feat. Keyone Starr,I Can't Lose (Remixes),Pop,1.29,Real Sounds,7:42,2015-07-03
498,0,In God's Hands,Nelly Furtado & Keith Urban,The Best of Nelly Furtado,Pop,0.99,Geffen Records,4:34,2010-11-16,Te Busque,Nelly Furtado,Loose,Pop,1.29,Geffen Records,3:38,2006-06-20
225,0,Piensas en M,Nicky Jam,Nicky Jam Hits,Latin Urban,0.99,La Industria Inc.,4:46,2014-09-09,Cuando Te Veo Remix Feat . Nicky Jam,ChocQuibTown feat . Nicky Jam,Cuando Te Veo Remix Feat . Nicky Jam,Latin Music,1.29,Acoda,3:51,2015-04-17
328,0,"Young, Wild & Free",Snoop Dogg,Mac and Devin Go to High School (Music from and Inspired By the Movie),Hip-Hop/Rap,1.99,Atlantic Recording Corporation for the United States and WEA International Inc. for the world outside of the United States,4:12,2011-12-12,Can You Control Yo Hoe,Snoop Dogg,R&G ( Rhythm & Gangsta ) : The Masterpiece,Hip-Hop,0.99,Geffen Records,3:08,2004-11-16
80,0,Dangerous,David Guetta,Listen,House,1.29,What A Music Ltd.,3:20,2014-11-24,Ill Keep Loving You,David Guetta,Listen,Dance & Electronic,1.29,If Movement,3:08,2014-11-24
464,0,Crew Love,Drake,Take Care,Hip-Hop,1.29,Cash Money Records,3:28,2011-11-15,All Me,Drake,Nothing Was The Same,Rap,1.29,Cash Money Records,4:30,2013-09-24
414,1,I Thought You Knew,Keith Urban,Keith Urban,Country,1.29,Capitol Records Nashville,3:51,1999-10-19,I Thought You Knew,Keith Urban,Keith Urban,Country,1.29,Capitol Records Nashville,3:51,1999-10-19
98,0,Toyfriend,David Guetta,One Love,Dance,1.29,Gum Prod licence exclusive Parlophone Music France,2:51,2009-08-21,I Wanna Go Crazy,David Guetta,One Love,Dance & Electronic,1.29,Swedish House Mafia Holdings Ltd under exclusive license to Virgin Records Ltd,4:54,2009-08-21
533,1,Fly Solo,Wiz Khalifa,Rolling Papers,Hip-Hop,1.29,Atlantic Recording Corporation for the United States and WEA International Inc. for the world outside of the United States,3:20,2011-03-28,Fly Solo,Wiz Khalifa,Rolling Papers,Hip-Hop,1.29,"Atlantic Recording Corporation, WEA International Inc.",3:20,2011-03-28
147,0,Toyfriend,David Guetta,One Love,Dance,1.29,Gum Prod licence exclusive Parlophone Music France,2:51,2009-08-21,Sexy Bitch,David Guetta,One Love,Dance & Electronic,1.29,Virgin Records Ltd,3:15,2009-08-21
150,0,Toyfriend,David Guetta,One Love,Dance,1.29,Gum Prod licence exclusive Parlophone Music France,2:51,2009-08-21,Dangerous,David Guetta,Listen,Dance & Electronic,1.29,If Moving Your Mine,3:20,2014-11-24
457,0,January,Disclosure,Settle,Electronic,1.29,Universal Island Records,5:54,2014-04-15,Confess To Me,Disclosure,Settle,Electronic Dance Music,1.29,Universal Island Records,4:10,2014-04-15
193,0,Second Chance,Shinedown,Somewhere In the Stratosphere (Live),Rock,1.29,Atlantic Recording Corporation for the United States and WEA International Inc. for the world outside of the United States.,5:06,2011-04-18,Times Like These,Shinedown,Somewhere In The Stratosphere,Rock,1.29,MCA Nashville,4:07,2011-04-18
499,0,Faith In Love,Reba McEntire & Rascal Flatts,Reba Duets,Country,1.29,MCA Nashville,3:47,2007-09-18,Love Needs A Holiday,Reba McEntire,Reba #1's,Country,0.99,MCA Nashville,3:13,2005-11-22
100,0,The Whisperer,David Guetta,Listen,House,1.29,What A Music Ltd.,3:54,2014-11-24,Goodbye Friend,David Guetta,Listen,Dance and Electronic,1.29,If Music,3:49,2014-11-24
362,0,Remember You,Wiz Khalifa,O.N.I.F.C.,Hip-Hop,1.99,Atlantic Recording Corporation for the United States and WEA International Inc. for the world outside of the United States,5:20,2012-12-04,The Bluff,Wiz Khalifa,O.N.I.F.C.,Rap & Hip-Hop,1.29,Atlantic Recording Corporation for the United States and WEA International Inc. for the world outside of the United States,3:48,2012-12-04
309,0,Applause,Lady Gaga,Applause,Pop,1.29,Interscope Records,4:34,2013-09-30,Applause,Lady Gaga,Applause,Pop,1.29,Interscope Records,5:49,2013-09-30
101,0,The Whisperer,David Guetta,Listen,Dance,1.29,What A Music Ltd.,3:54,2014-11-24,S.T.O.P,David Guetta,Listen,Dance & Electronic,1.29,If Movement,3:34,2014-11-24
6,0,VHS Outro,X Ambassadors,VHS,Rock,1.29,KIDinaKORNER/Interscope Records,1:25,2015-06-30,Moving Day ( Interlude ),X Ambassadors,VHS,Alternative Rock,1.29,KIDinaKORNER/Interscope Records,0:19,2015-06-30
528,1,White Horse,Taylor Swift,Fearless,Country,1.29,Big Machine Records,3:54,2008-11-11,White Horse,Taylor Swift,Fearless,Country,1.29,Big Machine Records,3:54,2008-11-11
115,0,The Whisperer,David Guetta,Listen,Electronic,1.29,What A Music Ltd.,3:54,2014-11-24,Hey Mama,David Guetta,Listen,Dance & Electronic,1.29,If Moving Your Mine,3:12,2014-11-24
57,0,Thriller,Fall Out Boy,Infinity On High,Alternative Rock,0.99,The Island Def Jam Music Group,3:32,2007-11-20,"This Ain't A Scene, It's An Arms Race",Fall Out Boy,Infinity On High,Alternative Rock,1.29,The Island Def Jam Music Group,3:23,2007-11-20
239,0,If I Am a Stranger,Ryan Adams,Live After Deaf,Singer/Songwriter,0.99,PAXAM RECORDS,5:10,2012-07-02,Do I Wait,Ryan Adams,Live After Deaf,Folk,0.99,PAXAM RECORDS,5:08,2012-07-02
422,0,Ease My Mind,Skrillex,Ease My Mind,Dance,1.29,"OWSLA/Big Beat Records, WEA International Inc.",4:41,2014-11-24,Scary Monsters And Nice Sprites,Skrillex,More Monsters And Sprites EP,Dubstep,1.29,Rory Bourke Music Co.,3:53,2011-06-07
49,0,The A Team,Ed Sheeran,iTunes Festival : London 2012 - EP,Singer/Songwriter,1.99,Warner Music UK Limited,5:01,2012-09-03,The A Team,Ed Sheeran,The A Team,Pop,1.29,Bandit King Records,4:18,2011-12-06
359,0,Remember You,Wiz Khalifa,O.N.I.F.C.,Hip-Hop,1.99,Atlantic Recording Corporation for the United States and WEA International Inc. for the world outside of the United States,5:20,2012-12-04,Let It Go,Wiz Khalifa,O.N.I.F.C.,Hip-Hop/Rap,1.29,Atlantic Recording Corporation,4:18,2012-12-04
188,0,Fake,Shinedown,Us and Them,Rock,1.29,Atlantic Recording Corporation for the United States and WEA International Inc. for the world outside of the United States .,5:05,2005-10-04,Fake,Shinedown,Us And Them,Rock,1.29,Real Sounds,4:01,2005-10-04
355,0,Medicated,Wiz Khalifa,O.N.I.F.C.,Hip-Hop,1.29,Atlantic Recording Corporation for the United States and WEA International Inc. for the world outside of the United States,5:30,2012-12-04,The Bluff,Wiz Khalifa,O.N.I.F.C.,Hip-Hop,1.29,Atlantic Recording Corporation for the United States and WEA International Inc. for the world outside of the United States,3:48,2012-12-04
227,0,El Perdon,Nicky Jam & Enrique Iglesias,El Perdon,Pop,1.29,Sony Music Entertainment US Latin LLC,3:26,2015-07-10,El Perdon,Nicky Jam & Enrique Iglesias,El Perdón (The Remixes),International/Latin Music,1.29,Real Sounds,4:09,2015-07-01
122,0,Toyfriend,David Guetta,One Love,Dance,1.29,Gum Prod licence exclusive Parlophone Music France,2:51,2009-08-21,Still Pimpin',David Banner,Mississippi-The Album,Pop,0.99,"Universal Records, UMG Recordings",7:11,2003-05-20
119,0,Who's That Chick?,David Guetta & Rihanna,Who's That Chick?,House,0.99,Gum Prod licence exclusive Parlophone Music France,2:45,2010-12-03,Play Hard,David Guetta,Play Hard,Dance & Electronic,1.29,"What A Music Ltd, Licence exclusive Parlophone Music France",6:52,2013-03-22
16,0,VHS Outro,X Ambassadors,VHS,Alternative,1.29,KIDinaKORNER/Interscope Records,1:25,2015-06-30,Moving Day,X Ambassadors,VHS,Alternative Rock,1.29,KIDinaKORNER/Interscope Records,0:19,2015-06-30
424,0,Kaskade - Fire & Ice,Kaskade,Fire & Ice,Dance,unknown,Ultra Records,--,2011-10-25,ICE,Kaskade,Fire & Ice,House,1.29,Coastal Entertainment,4:30,2013-07-23
82,0,Toyfriend,David Guetta,One Love,Dance,1.29,Gum Prod licence exclusive Parlophone Music France,2:51,2009-08-21,S.T.O.P,David Guetta,Listen,Dance & Electronic,1.29,If Moving Your Mine,3:34,2014-11-24
137,0,Toyfriend,David Guetta,One Love,Dance,1.29,Gum Prod licence exclusive Parlophone Music France,2:51,2009-08-21,Sound Of Letting Go,David Guetta,One Love,Dance & Electronic,1.29,Swedish House Mafia Holdings Ltd under exclusive license to Virgin Records Ltd,3:47,2009-08-21
248,0,Because of Your Love,Kenny Chesney,Greatest Hits,Country,0.99,BMG Entertainment,4:16,2000-09-26,Fall in Love,Kenny Chesney,Greatest Hits,Country,0.99,La industria Inc,2:37,2000-09-26
38,0,Original Don,Major Lazer,Original Don (Remixes) - EP,Electronic,1.29,"Downtown Records, Interscope Records",3:38,2011-11-01,Powerful,Major Lazer,Powerful,Electronic,1.29,Third Pardee Records LLC under exclusive license to Interscope Records in the United States,5:27,2015-09-11
230,1,I Have Seen the Rain,P!nk featuring James T. Moore,I 'm Not Dead,Pop,0.99,"RCA/JIVE Label Group, a unit of Sony Music Entertainment",3:29,2006-03-04,I Have Seen The Rain,P!nk,I'm Not Dead,Pop,0.99,"Foo & Blu, LLC under exclusive License to Interscope Records",3:29,2006-04-04
15,0,VHS Outro,X Ambassadors,VHS,Rock,1.29,KIDinaKORNER/Interscope Records,1:25,2015-06-30,Moving Day,X Ambassadors,VHS,Alternative Rock,1.29,KIDinaKORNER/Interscope Records,0:19,2015-06-30
93,0,Dangerous,David Guetta,Listen,Dance,1.29,What A Music Ltd.,3:20,2014-11-24,Revolver,David Guetta,One Love,Dance & Electronic,1.29,Virgin Records Ltd,3:18,2009-08-21
238,0,If I Am a Stranger,Ryan Adams,Live After Deaf,Rock,0.99,Paxam Records,5:10,2012-07-02,Dirty Rain,Ryan Adams,Live After Deaf Collection,Folk Rock,0.99,PAXAM RECORDS,4:24,2012-07-02
125,0,Toyfriend,David Guetta,One Love,Dance,1.29,Gum Prod licence exclusive Parlophone Music France,2:51,2009-08-21,Gettin' Over,David Guetta,One Love,Dance & Electronic,1.29,Swedish House Mafia Holdings Ltd under exclusive license to Virgin Records Ltd,3:31,2009-08-21
388,1,Chevy Van,Eric Church,Caldwell County - EP,Country,1.29,EMI Records Nashville,2:48,2011-01-14,Chevy Van,Eric Church,Caldwell County EP,Country,1.29,EMI Records Nashville,2:48,2011-01-14
308,0,Applause,Lady Gaga,Applause (Remixes),Pop,1.29,Interscope Records,4:34,2013-09-30,Applause,Lady Gaga,Applause,Pop,1.29,Interscope Records,4:08,2013-09-30
263,1,Silver and Gold,Little Big Town,Pain Killer,Country,1.29,Little Big Town Company Under exclusive license to Capitol Records Nashville,3:33,2014-10-21,Silver And Gold,Little Big Town,Pain Killer,Country,1.29,Capitol Records Nashville,3:31,2014-10-21
331,1,Extra Extra Credit,Wiz Khalifa,Flight School,Hip-Hop,0.99,Rostrum Records,4:03,2009-04-17,Extra Extra Credit,Wiz Khalifa,Flight School,Rap/Hip-Hop,0.99,Mad Decent,4:03,2009-04-17
356,0,Medicated,Wiz Khalifa,O.N.I.F.C.,Hip-Hop/Rap,1.29,Atlantic Recording Corporation for the United States and WEA International Inc. for the world outside of the United States,5:30,2012-12-04,It's Nothin,Wiz Khalifa,O.N.I.F.C.,Hip-Hop/Rap,1.29,Atlantic Recording Corporation for the United States and WEA International Inc. for the world outside of the United States,3:47,2012-12-04
363,0,Remember You,Wiz Khalifa,O.N.I.F.C.,Hip-Hop,1.99,Atlantic Recording Corporation,5:20,2012-12-04,Hope,Wiz Khalifa,Blacc Hollywood,Hip-Hop,1.29,"Atlantic Recording Corporation, WEA International Inc.",5:24,2014-08-19
492,0,Party People,Florida Georgia Line,Here's To The Good Times... This Is How We Roll,Country,1.29,Big Machine Label Group,3:40,2013-11-25,This Is How We Roll,Florida Georgia Line,This Is How We Roll,Pop,1.29,Big Machine Label Group LLC,3:27,2014-06-04
260,1,I Cant Go There,Kenny Chesney,"No Shoes, No Shirt, No Problems",Country,0.99,BMG,3:45,2002-04-02,I Cant Go There,Kenny Chesney,"No Shoes , No Shirt , No Problems",Country,0.99,Underground Avenue,3:45,2002-04-02
384,0,Sweet Spot 2.0,Flo Rida,Wild Ones,Hip-Hop,1.29,Atlantic Recording Corporation for the United States and WEA International Inc. for the world outside of the United States,3:11,2012-06-22,,,,,unknown,unknown,,unknown
139,0,Toyfriend,David Guetta,One Love,Dance,1.29,Gum Prod licence exclusive Parlophone Music France,2:51,2009-08-21,Gettin' Over You,David Guetta,One Love,Dance & Electronic,1.29,Swedish House Mafia Holdings Ltd under exclusive license to Virgin Records Ltd,3:07,2009-08-21
37,0,All My Love,Major Lazer,Peace Is The Mission,Electronic,1.29,Mad Decent,3:49,2015-06-01,Be Together,Major Lazer,Peace Is The Mission,Dance & Electronic,1.29,Mad Decent,3:53,2015-06-01
109,0,The Whisperer,David Guetta,Listen,Dance,1.29,What A Music Ltd.,3:54,2014-11-24,Dangerous,David Guetta,Listen,Dance & Electronic,1.29,If Moving Your Mine,3:23,2014-11-24
525,0,This Love,Taylor Swift,Taylor Swift Karaoke : 1989,Pop,1.29,Big Machine Records,4:07,2015-03-03,This Love,Taylor Swift,1989,Pop,1.29,Big Machine Records,4:10,2014-10-27
163,0,Dangerous,David Guetta,Listen,Dance,1.29,What A Music Ltd.,3:20,2014-11-24,Lift Me Up,David Guetta,Listen,Dance & Electronic,1.29,If Music,3:58,2014-11-24
235,0,If I Am a Stranger,Ryan Adams,Live After Deaf,Singer/Songwriter,0.99,PAXAM RECORDS,5:10,2012-07-02,16 Days,Ryan Adams,Live After Deaf,Folk,0.99,PAXAM RECORDS,4:56,2012-07-02
494,1,Take You,Justin Bieber,Believe,Pop,1.29,The Island Def Jam Music Group,3:40,2012-06-19,Take You,Justin Bieber,Believe,Pop,1.29,The Island Def Jam Music Group,3:40,2012-06-19
194,0,Second Chance,Shinedown,Somewhere In the Stratosphere,Rock,1.29,Atlantic Recording Corporation for the United States and WEA International Inc. for the world outside of the United States.,5:06,2011-04-18,If You Only Knew,Shinedown,Somewhere In The Stratosphere,Rock,1.29,MCA Nashville,3:55,2011-04-18
