id,label,left_name,left_address,left_city,left_phone,left_category,left_class,right_name,right_address,right_city,right_phone,right_category,right_class
0,0,Toulouse,1745 Peachtree Street Northwest,Atlanta,404-351-9533,french,92,White House Restaurant,3172 Peachtree Road Northeast,Atlanta,404-237-7601,diners,719
1,0,Gallagher's,228 W 52nd St,New York,212-245-5336,american,254,La Grenouille,3 E 52nd St,New York City,212-752-1495,french (classic),623
2,0,Center Stage Plaza Hotel,1 Main Street,Las Vegas,702-386-2512,american,436,Chinois on Main,2709 Main Street,Santa Monica,310-392-9025,pacific new wave,5
3,0,Sa Tsu Ki,3043 Buford Highway,Atlanta,404-325-5285,asian,415,Havana Sandwich Shop,2905 Buford Highway,Atlanta,404-636-4094,cuban,695
4,0,Pinot Bistro,12969 Ventura Boulevard,Los Angeles,818-990-0500,french,18,Mulberry St.,17040 Ventura Boulevard,Encino,818-906-8881,pizza,580
5,0,China Grill,60 W 53rd St,New York,212-333-7788,american,219,Seryna,11 E 53rd St,New York City,212-980-9393,japanese,59
6,0,lespinasse,2 E 55th St,New York,212-339-6719,american,43,La Caravelle,33 W 55th St,New York City,212-586-4252,french (classic),39
7,0,Tang Pavillion,65 W 55th St,New York,212-956-6888,asian,356,Menchanko-tei,39 W 55th St,New York City,212-247-1585,japanese,627
8,0,aquavit,13 W 54th St,New York,212-307-7311,continental,24,oceana,55 E 54th St,New York City,212-759-5941,seafood,50
9,0,abbey,163 Ponce de Leon Avenue,Atlanta,404-876-8532,international,379,eats,600 Ponce de Leon Avenue,Atlanta,404-888-9149,italian,690
10,0,Fifty Seven Fifty Seven,57 East 57th Street,New York,212-758-5757,american,239,Oceana,55 East 54th Street,New York City,212-759-5941,seafood,50
11,0,Grand Cafe Hotel Monaco,501 Geary Street,San Francisco,415-292-0101,american,473,Mel's Drive-In,3355 Geary Street,San Francisco,415-387-2244,hamburgers,739
12,0,Horseradish Grill,4320 Powers Ferry Road,Atlanta,404-255-7277,southern,398,Carey's Corner,1215 Powers Ferry Road,Marietta,770-933-0909,hamburgers,686
13,0,Luna Si,1931 Peachtree Rd.,Atlanta,404-355-5993,continental,405,Original Pancake House,4330 Peachtree Rd.,Atlanta,404-237-4116,american,708
14,0,bruno,240 East 58th Street,New York,212-688-4190,italian,195,Les Celebrites,155 West 58th Street,New York City,212-484-5113,french (classic),42
15,0,eclipse,8800 Melrose Avenue,Los Angeles,310-724-5959,californian,132,Mo Better Meatty Meat,7261 Melrose Avenue,Los Angeles,213-935-5280,hamburgers,579
16,0,Pacific Dining Car,6th St,Los Angeles,213-483-6000,american,153,Andre's French Restaurant,401 S 6th St,Las Vegas,702-385-5016,french (classic),656
17,1,Rainbow Room,30 Rockefeller Plaza,New York,212-632-5000,american,55,Rainbow Room,30 Rockefeller Plaza,New York City,212-632-5000,american (new),55
18,1,Cafe Claude,7 Claude Lane,San Francisco,415-392-3505,french,97,Cafe Claude,7 Claude Lane,San Francisco,415-392-3505,french bistro,97
19,0,Yolie's,3900 Paradise Road,Las Vegas,702-794-0700,steak houses,452,Nicky Blair's,3925 Paradise Road,Las Vegas,702-792-9900,italian,668
20,0,Heera of India,"595 Piedmont Ave, Rio Shopping Mall",Atlanta,404-876-4408,asian,83,Rose of India,308 E. Sixth St,New York City,212-533-5011,indian,638
21,0,l'osteria del forno,519 Columbus Avenue,San Francisco,415-982-1124,italian,490,campo santo,240 Columbus Avenue,San Francisco,415-433-9623,mexican,724
22,0,Bertolini's,3570 Las Vegas Boulevard South,Las Vegas,702-735-4663,italian,427,Moongate,3400 Las Vegas Boulevard South,Las Vegas,702-791-7352,chinese,666
23,0,maykadeh,470 Green Street,San Francisco,415-362-8286,greek and middle eastern,495,Greenwood's,1087 Green Street,Roswell,770-992-5383,southern/soul,693
24,0,dawat,210 E 58th St,New York,212-355-7555,asian,32,petrossian,182 W 58th St,New York City,212-245-2214,russian,52
25,0,the bacchanal,3570 Las Vegas Boulevard South,Las Vegas,702-731-7525,only in las vegas,449,steak house the,2880 Las Vegas Boulevard South,Las Vegas,702-734-0410,steakhouses,72
26,0,posto,14928 Ventura Boulevard,Sherman Oaks,818-784-4400,italian,156,Rubin's Red Hots,15322 Ventura Boulevard,Encino,818-905-6515,hot dogs,590
27,0,antonio's,3700 w flamingo rd,Las Vegas,702-252-7737,italian,423,buzio's in the rio,3700 w flamingo rd,Las Vegas,702-252-7697,seafood,658
28,0,Ruth's Chris,148 W 51st St,New York,212-245-9600,american,338,Le Bernardin,155 W 51st St,New York City,212-489-1515,seafood,41
29,0,Tommy Tang's,7313 Melrose Avenue,Los Angeles,213-937-5733,asian,167,patina,5955 Melrose Avenue,Los Angeles,213-467-1108,californian,16
30,0,Circus Circus,2880 Las Vegas Boulevard South,Las Vegas,702-734-0410,buffets,437,Sterling Brunch,3645 Las Vegas Boulevard South,Las Vegas,702-739-4651,eclectic,673
31,0,L Orangerie,903 North La Cienega Boulevard,Los Angeles,310-652-9770,french,11,Matsuhisa,129 North La Cienega Boulevard,Beverly Hills,310-659-9639,seafood,14
32,0,vong,200 e 54th st,New York,212-486-9592,american,373,Sparks Steak House,210 e 46th st,New York City,212-687-4855,steakhouses,641
33,0,Margarita's Mexican Cantina,3120 Las Vegas Boulevard South,Las Vegas,702-794-8200,mexican,444,Steak House The,2880 Las Vegas Boulevard South,Las Vegas,702-734-0410,steakhouses,72
34,0,dining room ritz-carlton buckhead,3434 Peachtree Road,Atlanta,404-237-2700,international,90,palm the ( atlanta ),3391 Peachtree Road NE,Atlanta,404-814-1955,steakhouses,709
35,0,Dante's Down the Hatch Buckhead,3380 Peachtree Rd,Atlanta,404-266-1600,continental,393,Abruzzi,2355 Peachtree Rd NE,Atlanta,404-261-8186,italian,74
36,0,helmand,430 Broadway,San Francisco,415-362-0641,greek and middle eastern,479,la caridad,2199 Broadway,New York City,212-874-2780,cuban,622
37,0,Ralph's Diner,3000 Las Vegas Boulevard South,Las Vegas,702-732-6330,coffee shops/diners,448,Tre Visi,3799 Las Vegas Boulevard South,Las Vegas,702-891-7331,italian,674
38,0,yoyo tsumami bistro,1611 Post Street,San Francisco,415-922-7788,french,530,postrio,545 Post Street,San Francisco,415-776-7825,californian,109
39,1,seryna,11 East 53rd Street,New York,212-980-9393,asian,59,seryna,11 East 53rd Street,New York City,212-980-9393,japanese,59
40,0,Luna Si,1931 Peachtree Road,Atlanta,404-355-5993,continental,405,Brookhaven Cafe,4274 Peachtree Road,Atlanta,404-231-5907,vegetarian,682
41,0,mikado,3400 Las Vegas Boulevard South,Las Vegas,702-791-7111,asian,446,Monte Carlo,3145 Las Vegas Boulevard South,Las Vegas,702-733-4524,french (new),665
42,0,bistro,3400 Las Vegas Boulevard South,Las Vegas,702-791-7111,continental,429,moongate,3400 Las Vegas Boulevard South,Las Vegas,702-791-7352,chinese,666
43,0,cafe fes,246 W 4th St At Charles St,New York,212-924-7653,mediterranean,205,cafe flore,2298 Market St,San Francisco,415-621-8579,californian,722
44,0,mikado,3400 Las Vegas Boulevard South,Las Vegas,702-791-7111,asian,446,Sterling Brunch,3645 Las Vegas Boulevard South,Las Vegas,702-739-4651,eclectic,673
45,0,Pinot Bistro,12969 Ventura Boulevard,Los Angeles,818-990-0500,french,18,Rubin's Red Hots,15322 Ventura Boulevard,Encino,818-905-6515,hot dogs,590
46,1,Masa's,648 Bush St,San Francisco,415-989-7154,french,106,Masa's,648 Bush St,San Francisco,415-989-7154,french (new),106
47,0,em press court,3570 Las Vegas Boulevard South,Las Vegas,702-731-7888,asian,438,Spago ( Las Vegas ),3500 Las Vegas Boulevard South,Las Vegas,702-369-6300,californian,670
48,1,Mesa Grill,102 5th Ave between 15th and 16th Sts,New York,212-807-7400,american,47,Mesa Grill,102 Fifth Avenue,New York City,212-807-7400,southwestern,47
49,0,Chin's,3200 Las Vegas Boulevard South,Las Vegas,702-733-8899,asian,67,Michael's (Las Vegas),3595 Las Vegas Boulevard South,Las Vegas,702-737-7111,continental,664
50,0,patina,5955 Melrose Avenue,Los Angeles,213-467-1108,californian,16,mo better meatty meat,7261 Melrose Avenue,Los Angeles,213-935-5280,hamburgers,579
51,0,triangolo,345 East 83rd Street,New York,212-472-4488,italian,363,Cafe Lalo,201 West 83rd Street,New York City,212-496-6031,coffeehouses,26
52,0,Gilliland's,2424 Main Street,Santa Monica,310-392-3901,american,135,Chinois on Main,2709 Main Street,Santa Monica,310-392-9025,pacific new wave,5
53,1,Nikolai's Roof,255 Courtland St at Harris St,Atlanta,404-221-6362,continental,87,Nikolai's Roof,255 Courtland St,Atlanta,404-221-6362,continental,87
54,0,dawat,210 East 58th Street,New York,212-355-7555,asian,32,Sparks Steak House,210 East 46th Street,New York City,212-687-4855,steakhouses,641
55,1,le bernardin,155 W 51st St,New York,212-489-1515,french,41,le bernardin,155 W 51st St,New York City,212-489-1515,seafood,41
56,0,faz,161 Sutter St,San Francisco,415-362-0404,greek and middle eastern,469,Fleur de lys,777 Sutter St,San Francisco,415-673-7779,french (new),100
57,0,veni vidi vici,41 14th Street,Atlanta,404-875-8424,italian,93,bobby & june's kountry kitchen,375 14th Street,Atlanta,404-876-3872,southern/soul,680
58,0,mikado,3400 Las Vegas Boulevard South,Las Vegas,702-791-7111,asian,446,Spago (Las Vegas),3500 Las Vegas Boulevard South,Las Vegas,702-369-6300,californian,670
59,0,cite,120 W 51st St,New York,212-956-7100,french,220,Le Bernardin,155 W 51st St,New York City,212-489-1515,seafood,41
60,1,Oceana,55 E 54th St,New York,212-759-5941,seafood,50,Oceana,55 E 54th St,New York City,212-759-5941,seafood,50
61,0,Toulouse,1745 Peachtree Street NW,Atlanta,404-351-9533,french,92,Original Pancake House,4330 Peachtree Road NW,Atlanta,404-237-4116,american,708
62,0,Cafe Roma,3570 Las Vegas Boulevard South,Las Vegas,702-731-7547,coffee shops/diners,433,Steak House The,2880 Las Vegas Boulevard South,Las Vegas,702-734-0410,steakhouses,72
63,0,manora,3226 Mission Street,San Francisco,415-861-6224,asian,494,boulevard,1 Mission Street,San Francisco,415-543-6084,american (new),96
64,0,Canter's,419 North Fairfax Avenue,Los Angeles,213-651-2030,american,122,Carey's,1021 Cobb Parkway SE,Marietta,770-422-8042,hamburgers,685
65,0,Hong Kong Villa,2332 Clement Street,San Francisco,415-752-8833,asian,481,Alain Rondelli,126 Clement Street,San Francisco,415-387-0408,french (new),94
66,0,mikado,3400 Las Vegas Boulevard South,Las Vegas,702-791-7111,asian,446,Coyote Cafe,3799 Las Vegas Boulevard South,Las Vegas,702-891-7349,southwestern,68
67,0,Bertolini's,3570 Las Vegas Boulevard South,Las Vegas,702-735-4663,italian,427,Sterling Brunch,3645 Las Vegas Boulevard South,Las Vegas,702-739-4651,eclectic,673
68,0,helmand,430 Broadway,San Francisco,415-362-0641,greek and middle eastern,479,gray's papaya,2090 Broadway,New York City,212-799-0243,hot dogs,614
69,0,Cafe Roma,3570 Las Vegas Boulevard South,Las Vegas,702-731-7547,coffee shops/diners,433,Moongate,3400 Las Vegas Boulevard South,Las Vegas,702-791-7352,chinese,666
70,0,Jack's,615 Sacramento Street,San Francisco,415-986-9854,old san francisco,485,Joe's,1023 Abbot Kinney Boulevard,Venice,310-399-5811,american (new),560
71,0,Dining Room Ritz-Carlton Buckhead,3434 Peachtree Road,Atlanta,404-237-2700,international,90,Original Pancake House,4330 Peachtree Road,Atlanta,404-237-4116,american,708
72,0,Lutece,249 East 50th Street,New York,212-752-2225,french,44,Lespinasse,2 East 55th Street,New York City,212-339-6719,asian,43
73,0,em press court,3570 Las Vegas Boulevard South,Las Vegas,702-731-7888,asian,438,madame ching's,3300 Las Vegas Boulevard South,Las Vegas,702-894-7111,asian,662
74,0,Mary Mac's Tea Room,224 Ponce de Leon Avenue,Atlanta,404-876-1800,southern,86,Tortillas,774 Ponce de Leon Avenue NE,Atlanta,404-892-0193,tex-mex,716
75,0,valentino,3115 Pico Boulevard,Santa Monica,310-829-4313,italian,21,Rae's,2901 Pico Boulevard,Santa Monica,310-828-7937,diners,589
76,0,Lulu,816 Folsom Street,San Francisco,415-495-5775,mediterranean,105,Hamburger Mary's,1582 Folsom Street,San Francisco,415-626-1985,hamburgers,732
77,0,tomtom,3393 Peachtree Road,Atlanta,404-264-1163,continental,422,White House Restaurant,3172 Peachtree Road NE,Atlanta,404-237-7601,diners,719
78,0,Broadway Deli,3rd St. Promenade,Santa Monica,310-451-0616,american,117,Benita's Frites,1433 Third St. Promenade,Santa Monica,310-458-2889,fast food,538
79,0,bistro,3400 Las Vegas Boulevard South,Las Vegas,702-791-7111,continental,429,Em Eril's New Orleans Fish House,3799 Las Vegas Boulevard South,Las Vegas,702-891-7374,seafood,659
80,0,pano's and paul's,1232 W Paces Ferry Rd,Atlanta,404-261-3662,international,88,canoe,4199 Paces Ferry Rd,Atlanta,770-432-2663,american (new),684
81,0,tomtom,3393 Peachtree Road,Atlanta,404-264-1163,continental,422,Ritz-Carlton Dining Room (Buckhead),3434 Peachtree Road NE,Atlanta,404-237-2700,american (new),90
82,0,vong,200 East 54th Street,New York,212-486-9592,american,373,Second Street Grill,200 East Fremont Street,Las Vegas,702-385-6277,pacific rim,71
83,0,Hedgerose Heights Inn,490 East Paces Ferry Road,Atlanta,404-233-7673,international,82,Pano's & Paul's,1232 West Paces Ferry Road,Atlanta,404-261-3662,american (new),88
84,0,Ritz-Carlton Restaurant and Dining Room,600 Stockton Street,San Francisco,415-296-7465,american,110,Ritz-Carlton Restaurant,181 Peachtree St,Atlanta,404-659-0400,french (classic),91
85,0,Cafe Roma,3570 Las Vegas Boulevard South,Las Vegas,702-731-7547,coffee shops/diners,433,Morton's of Chicago,3200 Las Vegas Boulevard South,Las Vegas,702-893-0703,steakhouses,667
86,0,fleur de jour,348 East 62nd Street,New York City,212-355-2020,coffee bar,245,fleur de lys,777 Sutter Street,San Francisco,415-673-7779,french (new),100
87,0,dix et sept,181 W 10th St,New York,212-645-8023,french,228,petrossian,182 W 58th St,New York City,212-245-2214,russian,52
88,0,Jimmy's,201 Moreno Dr,Los Angeles,310-552-2394,continental,142,Tommy's,2575 Beverly Blvd,Los Angeles,213-389-9060,hamburgers,598
89,0,petrossian,182 W 58th St,New York,212-245-2214,french,52,Les Celebrites,155 W 58th St,New York City,212-484-5113,french (classic),42
90,0,aqua,252 California Street,San Francisco,415-956-9662,seafood,95,Emperor Garden Restaurant,1550 California Street,San Francisco,415-673-1155,vietnamese,730
91,0,eclipse,8800 Melrose Avenue,Los Angeles,310-724-5959,californian,132,Sweet Lady Jane,8360 Melrose Avenue,Los Angeles,213-653-7145,desserts,596
92,0,Dining Room Ritz-Carlton Buckhead,3434 Peachtree Road,Atlanta,404-237-2700,international,90,La Grotta,2637 Peachtree Road NE,Atlanta,404-231-1368,italian,85
93,0,Victor's Cafe,52 236 West 52nd Street,New York,212-586-7714,latin american,371,21 Club,21 West 52nd Street,New York City,212-582-7200,american (new),23
94,0,steak house,2880 Las Vegas Boulevard South,Las Vegas,702-734-0410,steak houses,72,Spago ( Las Vegas ),3500 Las Vegas Boulevard South,Las Vegas,702-369-6300,californian,670
95,1,valentino,3115 Pico Boulevard,Santa Monica,310-829-4313,italian,21,valentino,3115 Pico Boulevard,Santa Monica,310-829-4313,italian,21
96,0,Sarabeth's Kitchen,423 Amsterdam Avenue Between 80th and 81st Sts.,New York,212-496-6280,american,344,Sarabeth's,1295 Madison Avenue,New York City,212-410-7335,american,640
97,1,River Cafe,1 Water Street at the East River,Brooklyn,718-522-5200,american,56,River Cafe,1 Water Street,Brooklyn,718-522-5200,american (new),56
98,1,la grotta,2637 Peachtree Road NE,Atlanta,404-231-1368,italian,85,la grotta,2637 Peachtree Road NE,Atlanta,404-231-1368,italian,85
99,0,Bistro,3400 Las Vegas Boulevard South,Las Vegas,702-791-7111,continental,429,Steak House The,2880 Las Vegas Boulevard South,Las Vegas,702-734-0410,steakhouses,72
100,0,Ralph's Diner,3000 Las Vegas Boulevard South,Las Vegas,702-732-6330,coffee shops/diners,448,Spago (Las Vegas),3500 Las Vegas Boulevard South,Las Vegas,702-369-6300,californian,670
101,0,em press court,3570 Las Vegas Boulevard South,Las Vegas,702-731-7888,asian,438,steak house the,2880 Las Vegas Boulevard South,Las Vegas,702-734-0410,steakhouses,72
102,0,Cafe Bizou,14016 Ventura Boulevard,Sherman Oaks,818-788-3536,french,3,Art's Deli,12224 Ventura Boulevard,Studio City,818-762-1221,delis,1
103,1,Union Square Cafe,21 E 16th St,New York,212-243-4020,american,65,Union Square Cafe,21 E 16th St,New York City,212-243-4020,american (new),65
104,0,Taste of New Orleans,889 West Peachtree Street,Atlanta,404-874-5535,southern,421,Ritz-Carlton Restaurant,181 Peachtree Street,Atlanta,404-659-0400,french (classic),91
105,0,Taste of New Orleans,889 West Peachtree Street,Atlanta,404-874-5535,southern,421,Alon's at the Terrace,659 Peachtree Street,Atlanta,404-724-0444,sandwiches,676
106,0,mikado,3400 Las Vegas Boulevard South,Las Vegas,702-791-7111,asian,446,Morton's of Chicago,3200 Las Vegas Boulevard South,Las Vegas,702-893-0703,steakhouses,667
107,0,chin's,3200 Las Vegas Boulevard South,Las Vegas,702-733-8899,asian,67,Coyote Cafe,3799 Las Vegas Boulevard South,Las Vegas,702-891-7349,southwestern,68
108,0,L Orangerie,903 N La Cienega Boulevard,Los Angeles,310-652-9770,french,11,Arnie Morton's Of Chicago,435 S La Cienega Boulevard,Los Angeles,310-246-1501,steakhouses,0
109,0,Coyote Cafe,3799 Las Vegas Boulevard South,Las Vegas,702-891-7349,southwestern,68,Steak House The,2880 Las Vegas Boulevard South,Las Vegas,702-734-0410,steakhouses,72
110,0,Bally's Big Kitchen,3645 Las Vegas Boulevard South,Las Vegas,702-739-4111,buffets,424,Sterling Brunch,3645 Las Vegas Boulevard South,Las Vegas,702-739-4651,eclectic,673
111,0,em press court,3570 Las Vegas Boulevard South,Las Vegas,702-731-7888,asian,438,michael's,3595 Las Vegas Boulevard South,Las Vegas,702-737-7111,continental,664
112,0,posto,14928 Ventura Boulevard,Sherman Oaks,818-784-4400,italian,156,Cafe Bizou,14016 Ventura Boulevard,Sherman Oaks,818-788-3536,french bistro,3
113,0,Island Spice,402 W 44th St,New York,212-765-1737,tel caribbean,37,Virgil's Real BBQ,152 W 44th St,New York City,212-921-9494,bbq,66
114,0,Beesley's of Buckhead,260 E Paces Ferry Road,Atlanta,404-264-1334,continental,384,Riviera,519 E Paces Ferry Rd,Atlanta,404-262-7112,mediterranean,712
115,0,petrossian,182 W 58th St,New York,212-245-2214,french,52,march,405 E 58th St,New York City,212-754-6272,american (new),46
116,0,march,405 E 58th St,New York,212-754-6272,american,46,Wollensky's Grill,205 E 49th St,New York City,212-753-0444,steakhouses,653
117,0,tomtom,3393 Peachtree Road,Atlanta,404-264-1163,continental,422,"Palm, The (Atlanta)",3391 Peachtree Road NE,Atlanta,404-814-1955,steakhouses,709
118,0,Joss,9255 Sunset Boulevard,Los Angeles,310-276-1886,asian,143,Duke's,8909 Sunset Boulevard,West Hollywood,310-652-3100,coffee shops,551
119,0,Bistro,3400 Las Vegas Boulevard South,Las Vegas,702-791-7111,continental,429,Buccaneer Bay Club,3300 Las Vegas Boulevard South,Las Vegas,702-894-7350,continental,657
120,0,Rose Pistola,532 Columbus Avenue,San Francisco,415-399-0499,italian,111,Caffe Greco,423 Columbus Avenue,San Francisco,415-397-6261,continental,723
121,0,patina,5955 Melrose Avenue,Los Angeles,213-467-1108,californian,16,Le Chardonnay,8284 Melrose Avenue,Los Angeles,213-655-8880,french bistro,12
122,0,Bertolini's,3570 Las Vegas Boulevard South,Las Vegas,702-735-4663,italian,427,Michael's (Las Vegas),3595 Las Vegas Boulevard South,Las Vegas,702-737-7111,continental,664
123,0,Tang Pavillion,65 W 55th St,New York,212-956-6888,asian,356,La Cote Basque,60 W 55th St,New York City,212-688-6525,french (classic),40
124,0,Coyote Cafe,3799 Las Vegas Boulevard South,Las Vegas,702-891-7349,southwestern,68,Chin's,3200 Las Vegas Boulevard South,Las Vegas,702-733-8899,chinese,67
125,0,Dante's Down the Hatch Buckhead,3380 Peachtree Road,Atlanta,404-266-1600,continental,393,Brookhaven Cafe,4274 Peachtree Road,Atlanta,404-231-5907,vegetarian,682
126,0,Water Club,500 East 30th Street,New York,212-683-3333,american,374,Lutece,249 East 50th Street,New York City,212-752-2225,french (classic),44
127,0,Cafe Roma,3570 Las Vegas Boulevard South,Las Vegas,702-731-7547,coffee shops/diners,433,Madame Ching's,3300 Las Vegas Boulevard South,Las Vegas,702-894-7111,asian,662
128,0,Bone's,3130 Piedmont Road,Atlanta,404-237-2663,american,76,Soto,3330 Piedmont Road,Atlanta,404-233-2005,japanese,714
129,0,l absinthe,227 E 67th St,New York,212-794-4950,french,277,Cafe des artistes,1 W 67th St,New York City,212-877-3500,french (classic),27
130,0,Luna Si,1931 Peachtree Rd.,Atlanta,404-355-5993,continental,405,White House Restaurant,3172 Peachtree Rd. NE,Atlanta,404-237-7601,diners,719
131,0,bruno,240 E 58th St,New York,212-688-4190,italian,195,march,405 E 58th St,New York City,212-754-6272,american (new),46
132,0,Carnival World,3700 West Flamingo Road,Las Vegas,702-252-7777,buffets,435,Tillerman The,2245 East Flamingo Road,Las Vegas,702-731-4036,steakhouses,73
133,0,Cafe Bianco,1486 2nd Ave between 77th and 78th Sts,New York,212-988-2655,coffee bar,199,Cafe Blanc,9777 Little Santa Monica Blvd,Beverly Hills,310-888-0108,pacific new wave,546
134,0,Palace Court,3570 Las Vegas Boulevard South,Las Vegas,702-731-7547,continental,70,Moongate,3400 Las Vegas Boulevard South,Las Vegas,702-791-7352,chinese,666
135,0,Dante's Down the Hatch Buckhead,3380 Peachtree Rd,Atlanta,404-266-1600,continental,393,Ritz-Carlton Dining Room (Buckhead),3434 Peachtree Rd NE,Atlanta,404-237-2700,american (new),90
136,0,Bugsy's Diner,3555 Las Vegas Boulevard South,Las Vegas,702-733-3111,coffee shops/diners,431,Em Eril's New Orleans Fish House,3799 Las Vegas Boulevard South,Las Vegas,702-891-7374,seafood,659
137,0,bolo,23 E 22nd St,New York,212-228-2200,mediterranean,191,La Grenouille,3 E 52nd St,New York City,212-752-1495,french (classic),623
138,0,Cafe Roma,3570 Las Vegas Boulevard South,Las Vegas,702-731-7547,coffee shops/diners,433,Palace Court,3570 Las Vegas Boulevard South,Las Vegas,702-731-7110,french (new),70
139,0,felidia,243 East 58th Street,New York,212-758-1479,italian,33,march,405 East 58th Street,New York City,212-754-6272,american (new),46
140,0,tomtom,3393 Peachtree Road,Atlanta,404-264-1163,continental,422,toulouse,293 Peachtree Road,Atlanta,404-351-9533,french (new),92
141,0,Hard Rock Cafe,221 W 57th St,New York,212-489-6565,american,261,Edison Cafe,228 W 47th St,New York City,212-840-5000,diners,611
142,1,dining room ritz-carlton buckhead,3434 Peachtree Rd,Atlanta,404-237-2700,international,90,ritz-carlton dining room buckhead,3434 Peachtree Rd NE,Atlanta,404-237-2700,american (new),90
143,1,Smith & Wollensky,201 East 49th Street,New York,212-753-1530,american,62,Smith & Wollensky,797 Third Avenue,New York City,212-753-1530,steakhouses,62
144,0,Matthew's,1030 3rd Ave at 61st St,New York,212-838-4343,american,305,Masa's,648 Bush St,San Francisco,415-989-7154,french (new),106
145,0,Border Grill,4th St,Los Angeles,310-451-1655,mexican,116,Roosevelt Tamale Parlor,2817 24th St,San Francisco,415-550-9213,mexican,742
146,0,Cafe Ritz-Carlton Buckhead,3434 Peachtree Road NE,Atlanta,404-237-2700,ext 6108 international,89,La Grotta,2637 Peachtree Road NE,Atlanta,404-231-1368,italian,85
147,0,Vivande Porta Via,2125 Fillmore Street,San Francisco,415-346-4430,italian,524,Plumpjack Cafe,3127 Fillmore Street,San Francisco,415-563-4755,american (new),108
148,1,pisces,95 Avenue A at 6th St,New York,212-260-6660,seafood,54,pisces,95 Avenue A,New York City,212-260-6660,seafood,54
149,0,Le Chardonnay,8284 Melrose Avenue,Los Angeles,213-655-8880,french,12,citrus,6703 Melrose Avenue,Los Angeles,213-857-0034,californian,6
150,0,bruno,240 e 58th st,New York,212-688-4190,italian,195,lutece,249 e 50th st,New York City,212-752-2225,french (classic),44
151,0,March,405 East 58th Street,New York,212-754-6272,american,46,Shun Lee Palace,155 East 55th Street,New York City,212-371-8844,chinese,60
152,0,Toulouse,1745 Peachtree Street,Atlanta,404-351-9533,french,92,Abruzzi,2355 Peachtree Road NE,Atlanta,404-261-8186,italian,74
153,0,Yolie's,3900 Paradise Road,Las Vegas,702-794-0700,steak houses,452,Le Montrachet Bistro,3000 Paradise Road,Las Vegas,702-732-5651,french bistro,69
154,0,Chin's,3200 Las Vegas Boulevard South,Las Vegas,702-733-8899,asian,67,Madame Ching's,3300 Las Vegas Boulevard South,Las Vegas,702-894-7111,asian,662
155,1,granita,23725 West Malibu Road,Malibu,310-456-0488,californian,8,granita,23725 West Malibu Road,Malibu,310-456-0488,californian,8
156,1,L' Orangerie,903 N La Cienega Blvd,Los Angeles,310-652-9770,french,11,L' Orangerie,903 N La Cienega Blvd,West Hollywood,310-652-9770,french (classic),11
157,1,Georgia Grille,2290 Peachtree Road Suite Peachtree Square Shopping Center,Atlanta,404-352-3517,american,81,Georgia Grille,2290 Peachtree Road,Atlanta,404-352-3517,southwestern,81
158,0,Camille's,1186 North Highland Avenue,Atlanta,404-872-7203,italian,388,Uncle Bill's Pancake House,1305 Highland Avenue,Manhattan Beach,310-545-5177,diners,599
159,0,Antonio's,3700 West Flamingo Road,Las Vegas,702-252-7737,italian,423,Fiore Rotisserie & Grille,3700 West Flamingo Road,Las Vegas,702-252-7702,italian,660
160,0,bistango,1100 Peachtree Street,Atlanta,404-724-0901,mediterranean,386,Ritz-Carlton Restaurant,181 Peachtree Street,Atlanta,404-659-0400,french (classic),91
161,0,Cafe Roma,3570 Las Vegas Boulevard South,Las Vegas,702-731-7547,coffee shops/diners,433,Chin's,3200 Las Vegas Boulevard South,Las Vegas,702-733-8899,chinese,67
162,0,Ralph's Diner,3000 Las Vegas Boulevard South,Las Vegas,702-732-6330,coffee shops/diners,448,Michael's (Las Vegas),3595 Las Vegas Boulevard South,Las Vegas,702-737-7111,continental,664
163,0,helmand,430 Broadway,San Francisco,415-362-0641,greek and middle eastern,479,Carmine's,2450 Broadway,New York City,212-362-2200,italian,28
164,0,mikado,3400 Las Vegas Boulevard South,Las Vegas,702-791-7111,asian,446,Michael's,3595 Las Vegas Boulevard South,Las Vegas,702-737-7111,continental,664
165,1,lulu,816 Folsom Street,San Francisco,415-495-5775,mediterranean,105,lulu restaurant-bis-cafe,816 Folsom Street,San Francisco,415-495-5775,mediterranean,105
166,0,the bacchanal,3570 Las Vegas Boulevard South,Las Vegas,702-731-7525,only in las vegas,449,buccaneer bay club,3300 Las Vegas Boulevard South,Las Vegas,702-894-7350,continental,657
167,0,Le Marais,150 W 46th St,New York,212-869-0900,american,290,Virgil's Real BBQ,152 W 44th St,New York City,212-921-9494,bbq,66
168,0,Le Chantilly,106 E 57th St,New York,212-751-2931,french,285,yama,122 E 17th St,New York City,212-475-0969,japanese,654
169,0,Pano's and Paul's,1232 W Paces Ferry Road,Atlanta,404-261-3662,international,88,103 West,103 W Paces Ferry Road,Atlanta,404-233-5993,continental,675
170,0,Ralph's Diner,3000 Las Vegas Boulevard South,Las Vegas,702-732-6330,coffee shops/diners,448,Sterling Brunch,3645 Las Vegas Boulevard South,Las Vegas,702-739-4651,eclectic,673
171,0,Tadich Grill,240 California Street,San Francisco,415-391-2373,seafood,519,Aqua,252 California Street,San Francisco,415-956-9662,american (new),95
172,0,sanppo,1702 Post Street,San Francisco,415-346-3486,asian,510,postrio,545 Post Street,San Francisco,415-776-7825,californian,109
173,1,Restaurant Katsu,1972 North Hillhurst Avenue,Los Angeles,213-665-1891,asian,10,Katsu,1972 Hillhurst Avenue,Los Feliz,213-665-1891,japanese,10
174,0,petrossian,182 West 58th Street,New York City,212-245-2214,french,52,felidia,243 East 58th Street,New York City,212-758-1479,italian,33
175,0,Zuni Cafe & Grill,1658 Market Street,San Francisco,415-552-2522,mediterranean,532,Cafe Flore,2298 Market Street,San Francisco,415-621-8579,californian,722
176,0,la folie,2316 Polk Street,San Francisco,415-776-5577,french,104,swan oyster depot,1517 Polk Street,San Francisco,415-673-1101,seafood,746
177,0,Bistro,3400 Las Vegas Boulevard South,Las Vegas,702-791-7111,continental,429,Michael's (Las Vegas),3595 Las Vegas Boulevard South,Las Vegas,702-737-7111,continental,664
178,0,Virgil's,152 W 44th St,New York,212-921-9494,american,66,Les Celebrites,155 W 58th St,New York City,212-484-5113,french (classic),42
179,0,Virgil's,152 W 44th St,New York,212-921-9494,american,66,Petrossian,182 W 58th St,New York City,212-245-2214,russian,52
180,0,abbey,163 Ponce de Leon Avenue,Atlanta,404-876-8532,international,379,tortillas,774 Ponce de Leon Avenue NE,Atlanta,404-892-0193,tex-mex,716
181,0,Restaurant Ritz-Carlton,181 Peachtree Street,Atlanta,404-659-0400,continental,91,Morton's of Chicago,303 Peachtree Street NE,Atlanta,404-577-4366,steakhouses,704
182,0,Bertolini's,3570 Las Vegas Boulevard South,Las Vegas,702-735-4663,italian,427,Tre Visi,3799 Las Vegas Boulevard South,Las Vegas,702-891-7331,italian,674
183,0,Mon Kee Seafood Restaurant,679 North Spring Street,Los Angeles,213-628-6717,asian,147,Lombardi's,32 Spring Street,New York City,212-941-7994,pizza,625
184,0,lespinasse,2 E 55th St,New York,212-339-6719,american,43,felidia,243 E 58th St,New York City,212-758-1479,italian,33
185,0,posto,14928 Ventura Boulevard,Sherman Oaks,818-784-4400,italian,156,Art's Deli,12224 Ventura Boulevard,Studio City,818-762-1221,delis,1
186,0,toulouse,1405 B Peachtree Rd,Atlanta,404-351-9533,french,92,Ritz-Carlton Cafe (Buckhead),3434 Peachtree Rd NE,Atlanta,404-237-2700,american (new),89
187,0,Bone's,3130 Piedmont Road,Atlanta,404-237-2663,american,76,Rae's,2901 Pico Blvd.,Santa Monica,310-828-7937,diners,589
188,0,The Palm,9001 Santa Monica Boulevard,Los Angeles,310-550-8811,american,15,La Cachette,10506 Little Santa Monica Boulevard,Century City,310-470-4992,french (new),568
189,0,Le Perigord,405 E 52nd St,New York,212-755-6244,french,291,Four Seasons,99 E 52nd St,New York City,212-754-9494,american (new),34
190,1,aquavit,13 W 54th St,New York,212-307-7311,continental,24,aquavit,13 W 54th St,New York City,212-307-7311,scandinavian,24
191,0,Bistro,3400 Las Vegas Boulevard South,Las Vegas,702-791-7111,continental,429,Coyote Cafe,3799 Las Vegas Boulevard South,Las Vegas,702-891-7349,southwestern,68
192,0,Pinot Bistro,12969 Ventura Boulevard,Los Angeles,818-990-0500,french,18,Sushi Nozawa,11288 Ventura Boulevard,Studio City,818-508-7017,japanese,595
193,0,Carnival World,3700 West Flamingo Road,Las Vegas,702-252-7777,buffets,435,Buzio's in the Rio,3700 West Flamingo Road,Las Vegas,702-252-7697,seafood,658
194,1,fenix,8358 Sunset Boulevard West,Hollywood,213-848-6677,american,7,fenix at the argyle,8358 Sunset Boulevard,West Hollywood,213-848-6677,french (new),7
195,0,Yolie's,3900 Paradise Road,Las Vegas,702-794-0700,steak houses,452,Rae's,2901 Pico Boulevard,Santa Monica,310-828-7937,diners,589
196,0,Luna Si,1931 Peachtree Rd,Atlanta,404-355-5993,continental,405,Palm The ( Atlanta ),3391 Peachtree Rd NE,Atlanta,404-814-1955,steakhouses,709
197,0,la reserve,4 W 49th St,New York,212-247-2993,french,281,Wollensky's Grill,205 E 49th St,New York City,212-753-0444,steakhouses,653
198,0,Le Colonial,149 E 57th St,New York,212-752-0808,asian,286,Shun Lee Palace,155 E 55th St,New York City,212-371-8844,chinese,60
199,0,Pinot Bistro,12969 Ventura Boulevard,Los Angeles,818-990-0500,french,18,Cafe Bizou,14016 Ventura Boulevard,Sherman Oaks,818-788-3536,french bistro,3
200,0,Gallagher's,228 W 52nd St,New York,212-245-5336,american,254,Edison Cafe,228 W 47th St,New York City,212-840-5000,diners,611
201,0,Le Marais,150 W 46th St,New York,212-869-0900,american,290,Les Celebrites,155 W 58th St,New York City,212-484-5113,french (classic),42
202,0,Margarita's Mexican Cantina,3120 Las Vegas Boulevard South,Las Vegas,702-794-8200,mexican,444,Tre Visi,3799 Las Vegas Boulevard South,Las Vegas,702-891-7331,italian,674
203,0,Border Grill,4th St,Los Angeles,310-451-1655,mexican,116,Water Grill,544 S Grand Ave,Los Angeles,213-891-0900,seafood,600
204,0,em press court,3570 Las Vegas Boulevard South,Las Vegas,702-731-7888,asian,438,moongate,3400 Las Vegas Boulevard South,Las Vegas,702-791-7352,chinese,666
205,0,Cafe Michelle,1350 East Flamingo Road,Las Vegas,702-735-8686,american,432,Buzio's in the Rio,3700 West Flamingo Road,Las Vegas,702-252-7697,seafood,658
206,0,the bacchanal,3570 Las Vegas Boulevard South,Las Vegas,702-731-7525,only in las vegas,449,em eril's new orleans fish house,3799 Las Vegas Boulevard South,Las Vegas,702-891-7374,seafood,659
207,0,mikado,3400 Las Vegas Boulevard South,Las Vegas,702-791-7111,asian,446,Chin's,3200 Las Vegas Boulevard South,Las Vegas,702-733-8899,chinese,67
208,0,steak house,2880 Las Vegas Boulevard South,Las Vegas,702-734-0410,steak houses,72,steakhouse the,128 East Fremont Street,Las Vegas,702-382-1600,steakhouses,671
209,1,Rose Pistola,532 Columbus Avenue,San Francisco,415-399-0499,italian,111,Rose Pistola,532 Columbus Avenue,San Francisco,415-399-0499,italian,111
210,1,La Cote Basque,60 West 55th Street Between 5th and 6th Avenue,New York,212-688-6525,french,40,La Cote Basque,60 West 55th Street,New York City,212-688-6525,french (classic),40
211,0,Ernie's,2150 Broadway between 75th and 76th Sts.,New York,212-496-1588,american,234,Joe's,1023 Abbot Kinney Blvd.,Venice,310-399-5811,american (new),560
212,1,Le Chardonnay,8284 Melrose Avenue,Los Angeles,213-655-8880,french,12,Le Chardonnay,8284 Melrose Avenue,Los Angeles,213-655-8880,french bistro,12
213,0,Kabuto Sushi,5116 Geary Boulevard,San Francisco,415-752-5652,asian,486,Khan Toke Thai House,5937 Geary Boulevard,San Francisco,415-668-6654,thai,103
214,0,Le Perigord,405 East 52nd Street,New York,212-755-6244,french,291,March,405 East 58th Street,New York City,212-754-6272,american (new),46
215,0,em press court,3570 Las Vegas Boulevard South,Las Vegas,702-731-7888,asian,438,em eril's new orleans fish house,3799 Las Vegas Boulevard South,Las Vegas,702-891-7374,seafood,659
216,0,Manhattan Ocean Club,57 W 58th St,New York,212-371-7777,seafood,45,Petrossian,182 W 58th St,New York City,212-245-2214,russian,52
217,0,Coyote Cafe,3799 Las Vegas Boulevard South,Las Vegas,702-891-7349,southwestern,68,Moongate,3400 Las Vegas Boulevard South,Las Vegas,702-791-7352,chinese,666
218,0,Des Alpes,732 Broadway,San Francisco,415-788-9900,french,468,Peter Luger Steak House,178 Broadway,Brooklyn,718-387-7400,steakhouses,637
219,0,Lincoln Tavern,51 W 64th St,New York,212-721-8271,american,294,Cafe des Artistes,1 W 67th St,New York City,212-877-3500,french (classic),27
220,0,Bertolini's,3570 Las Vegas Boulevard South,Las Vegas,702-735-4663,italian,427,Palace Court,3570 Las Vegas Boulevard South,Las Vegas,702-731-7110,french (new),70
221,0,Indigo Coastal Grill,1397 N Highland Avenue,Atlanta,404-876-0676,caribbean,84,Uncle Bill's Pancake House,1305 Highland Avenue,Manhattan Beach,310-545-5177,diners,599
222,0,Dante's Down the Hatch,3380 Peachtree Rd,Atlanta,404-266-1600,continental,393,Ritz-Carlton Cafe,3434 Peachtree Rd NE,Atlanta,404-237-2700,american (new),89
223,0,Art's Delicatessen,12224 Ventura Blvd.,Studio City,818-762-1221,american,1,Pinot Bistro,12969 Ventura Blvd.,Studio City,818-990-0500,french bistro,18
224,0,Cafe Adriano,3347 Fillmore Street,San Francisco,415-474-4180,italian,461,Trio Cafe,1870 Fillmore Street,San Francisco,415-563-2248,american,749
225,0,tomtom,3393 Peachtree Road,Atlanta,404-264-1163,continental,422,Georgia Grille,2290 Peachtree Road,Atlanta,404-352-3517,southwestern,81
226,0,Coyote Cafe,3799 Las Vegas Boulevard South,Las Vegas,702-891-7349,southwestern,68,Tre Visi,3799 Las Vegas Boulevard South,Las Vegas,702-891-7331,italian,674
227,0,Bone's,3130 Piedmont Road,Atlanta,404-237-2663,american,76,Duke's,8909 Sunset Boulevard,West Hollywood,310-652-3100,coffee shops,551
228,0,Gallagher's,228 W 52nd St,New York,212-245-5336,american,254,21 Club,21 W 52nd St,New York City,212-582-7200,american (new),23
229,0,mikado,3400 Las Vegas Boulevard South,Las Vegas,702-791-7111,asian,446,Em Eril's New Orleans Fish House,3799 Las Vegas Boulevard South,Las Vegas,702-891-7374,seafood,659
230,0,The Palm,9001 Santa Monica Boulevard,Los Angeles,310-550-8811,american,15,Cafe Blanc,9777 Little Santa Monica Boulevard,Beverly Hills,310-888-0108,pacific new wave,546
231,0,Restaurant Ritz-Carlton,181 Peachtree St.,Atlanta,404-659-0400,continental,91,Ritz-Carlton Cafe,181 Peachtree St.,Atlanta,404-659-0400,american (new),711
232,1,brasserie le coze,3393 Peachtree Rd.,Atlanta,404-266-1440,french,77,brasserie le coze,3393 Peachtree Rd.,Atlanta,404-266-1440,french bistro,77
233,0,Margarita's Mexican Cantina,3120 Las Vegas Boulevard South,Las Vegas,702-794-8200,mexican,444,Sterling Brunch,3645 Las Vegas Boulevard South,Las Vegas,702-739-4651,eclectic,673
234,0,dawat,210 E 58th St,New York,212-355-7555,asian,32,lutece,249 E 50th St,New York City,212-752-2225,french (classic),44
235,0,Union Square Cafe,21 E 16th St,New York,212-243-4020,american,65,Arcadia,21 E 62nd St,New York City,212-223-2900,american (new),603
236,1,patina,5955 Melrose Avenue,Los Angeles,213-467-1108,californian,16,patina,5955 Melrose Avenue,Los Angeles,213-467-1108,californian,16
237,0,Restaurant Ritz-Carlton Atlanta,181 Peachtree Street,Atlanta,404-659-0400,continental,91,Alon's at the Terrace,659 Peachtree Street,Atlanta,404-724-0444,sandwiches,676
238,0,Art's Delicatessen,12224 Ventura Blvd,Studio City,818-762-1221,american,1,Cafe Bizou,14016 Ventura Blvd,Sherman Oaks,818-788-3536,french bistro,3
239,0,Dining Room Ritz-Carlton Buckhead,3434 Peachtree Road,Atlanta,404-237-2700,international,90,Nava,3060 Peachtree Road,Atlanta,404-240-1984,southwestern,706
240,0, chin's ,3200 Las Vegas Boulevard South,Las Vegas,702-733-8899,asian,67, Sterling Brunch ,3645 Las Vegas Boulevard South,Las Vegas,702-739-4651,eclectic,673
241,0,Cafe Roma,3570 Las Vegas Boulevard South,Las Vegas,702-731-7547,coffee shops/diners,433,Coyote Cafe,3799 Las Vegas Boulevard South,Las Vegas,702-891-7349,southwestern,68
242,0,Palace Court,3570 Las Vegas Boulevard South,Las Vegas,702-731-7547,continental,70,Monte Carlo,3145 Las Vegas Boulevard South,Las Vegas,702-733-4524,french (new),665
243,0,21 club,21 West 52nd Street,New York,212-582-7200,american,23,arcadia,21 East 62nd Street,New York City,212-223-2900,american (new),603
244,0,Arnie Morton's of Chicago,435 South La Cienega Boulevard,Los Angeles,310-246-1501,american,0,Morton's of Chicago,3200 Las Vegas Boulevard South,Las Vegas,702-893-0703,steakhouses,667
245,0,chiam,160 E 48th St,New York,212-371-2323,asian,218,dawat,210 E 58th St,New York City,212-355-7555,indian,32
246,0,tomtom,3393 Peachtree Road,Atlanta,404-264-1163,continental,422,Ritz-Carlton Cafe (Buckhead),3434 Peachtree Road NE,Atlanta,404-237-2700,american (new),89
247,0,Des Alpes,732 Broadway,San Francisco,415-788-9900,french,468,Pho Hoa,642 Broadway,Chinatown,213-626-5530,vietnamese,585
248,0,Camille's,1186 N Highland Avenue,Atlanta,404-872-7203,italian,388,Indigo Coastal Grill,1397 N Highland Avenue,Atlanta,404-876-0676,eclectic,84
249,0,Cafe Adriano,3347 Fillmore Street,San Francisco,415-474-4180,italian,461,Plumpjack Cafe,3127 Fillmore Street,San Francisco,415-563-4755,american (new),108
250,1,Cafe Lalo,201 W 83rd St,New York,212-496-6031,coffee bar,26,Cafe Lalo,201 W 83rd St,New York City,212-496-6031,coffeehouses,26
251,0,the bacchanal,3570 Las Vegas Boulevard South,Las Vegas,702-731-7525,only in las vegas,449,sterling brunch,3645 Las Vegas Boulevard South,Las Vegas,702-739-4651,eclectic,673
252,0,Margarita's Mexican Cantina,3120 Las Vegas Boulevard South,Las Vegas,702-794-8200,mexican,444,Palace Court,3570 Las Vegas Boulevard South,Las Vegas,702-731-7110,french (new),70
253,0,Shun Lee West,43 W 65th St,New York,212-371-8844,asian,60,John's Pizzeria,48 W 65th St,New York City,212-721-7001,pizza,618
254,0,chin's,3200 Las Vegas Boulevard South,Las Vegas,702-733-8899,asian,67,Buccaneer Bay Club,3300 Las Vegas Boulevard South,Las Vegas,702-894-7350,continental,657
255,0,felidia,243 E 58th St,New York,212-758-1479,italian,33,lutece,249 E 50th St,New York City,212-752-2225,french (classic),44
256,0, chin's ,3200 Las Vegas Boulevard South,Las Vegas,702-733-8899,asian,67,Morton's of Chicago (Las Vegas),3200 Las Vegas Boulevard South,Las Vegas,702-893-0703,steakhouses,667
257,0,Art's Delicatessen,12224 Ventura Blvd.,Studio City,818-762-1221,american,1,Mulberry St.,17040 Ventura Blvd.,Encino,818-906-8881,pizza,580
258,0,Sea Grill,19 W 49th St,New York,212-332-7610,seafood,345,Mesa Grill,102 Fifth Ave,New York City,212-807-7400,southwestern,47
259,0,Smith & Wollensky,201 East 49th Street,New York,212-753-1530,american,62,Sparks Steak House,210 East 46th Street,New York City,212-687-4855,steakhouses,641
260,0,rex il ristorante,617 S Olive St,Los Angeles,213-627-2300,italian,19,bernard's,515 S Olive St,Los Angeles,213-612-1580,continental,539
261,0,bertolini's,3570 Las Vegas Boulevard South,Las Vegas,702-735-4663,italian,427,steak house the,2880 Las Vegas Boulevard South,Las Vegas,702-734-0410,steakhouses,72
262,0,Cafe Pierre,2 East 61st St,New York,212-940-8185,french,203,Cafe Flore,2298 Market St,San Francisco,415-621-8579,californian,722
263,0,Le Jardin,25 Cleveland Place near Spring Street,New York,212-343-9599,french,288,Le Bernardin,155 W 51st St,New York City,212-489-1515,seafood,41
264,0,Gianni's,15 Fulton Street,New York,212-608-7300,seafood,255,Patsy's Pizza,19 Old Fulton Street,Brooklyn,718-858-4300,pizza,636
265,0,vong,200 E 54th St,New York,212-486-9592,american,373,jo jo,160 E 64th St,New York City,212-223-5656,french bistro,38
266,0,Planet Hollywood,140 West 57th Street,New York,212-333-7827,american,328,Les Celebrites,155 West 58th Street,New York City,212-484-5113,french (classic),42
267,0,Le Chardonnay,8284 Melrose Avenue,Los Angeles,213-655-8880,french,12,patina,5955 Melrose Avenue,Los Angeles,213-467-1108,californian,16
268,0,chin's,3200 Las Vegas Boulevard South,Las Vegas,702-733-8899,asian,67,Steak House The,2880 Las Vegas Boulevard South,Las Vegas,702-734-0410,steakhouses,72
269,0,Dining Room Ritz-Carlton Buckhead,3434 Peachtree Road,Atlanta,404-237-2700,international,90,Georgia Grille,2290 Peachtree Road,Atlanta,404-352-3517,southwestern,81
270,1,21 club,21 W 52nd St,New York,212-582-7200,american,23,21 club,21 W 52nd St,New York City,212-582-7200,american (new),23
271,0,Bally's Big Kitchen,3645 Las Vegas Boulevard South,Las Vegas,702-739-4111,buffets,424,Tre Visi,3799 Las Vegas Boulevard South,Las Vegas,702-891-7331,italian,674
272,0,Hard Rock Cafe,8600 Beverly Boulevard,Los Angeles,310-276-7605,american,137,Jan's Family Restaurant,8424 Beverly Boulevard,Los Angeles,213-651-2866,coffee shops,557
273,0,California Pizza Kitchen,207 S Beverly Dr,Los Angeles,310-275-1101,californian,121,Ruth's Chris Steak House,224 S Beverly Dr,Beverly Hills,310-859-8744,steakhouses,593
274,1,matsuhisa,129 North La Cienega Boulevard,Beverly Hills,310-659-9639,asian,14,matsuhisa,129 North La Cienega Boulevard,Beverly Hills,310-659-9639,seafood,14
275,1,steak house,2880 Las Vegas Boulevard South,Las Vegas,702-734-0410,steak houses,72,steak house the,2880 Las Vegas Boulevard South,Las Vegas,702-734-0410,steakhouses,72
276,0,Cafe Ritz-Carlton Buckhead,3434 Peachtree Road,Atlanta,404-237-2700,ext 6108 international,89,Georgia Grille,2290 Peachtree Road,Atlanta,404-352-3517,southwestern,81
277,0,California Culinary Academy,625 Polk Street,San Francisco,415-771-3500,french,463,La Folie,2316 Polk Street,San Francisco,415-776-5577,french (new),104
278,0,steak house,2880 Las Vegas Boulevard South,Las Vegas,702-734-0410,steak houses,72,tre visi,3799 Las Vegas Boulevard South,Las Vegas,702-891-7331,italian,674
279,0,osteria al droge,142 W 44th St,New York,212-944-3643,italian,317,petrossian,182 W 58th St,New York City,212-245-2214,russian,52
280,1,Pano's and Paul's,1232 W Paces Ferry Road,Atlanta,404-261-3662,international,88,Pano's & Paul's,1232 W Paces Ferry Road,Atlanta,404-261-3662,american (new),88
281,0,Margarita's Mexican Cantina,3120 Las Vegas Boulevard South,Las Vegas,702-794-8200,mexican,444,Buccaneer Bay Club,3300 Las Vegas Boulevard South,Las Vegas,702-894-7350,continental,657
282,0,feast,2411 West Sahara Avenue,Las Vegas,702-367-2411,buffets,439,Mayflower Cuisinier,4750 West Sahara Avenue,Las Vegas,702-870-8432,chinese,663
283,0,Le Chantilly,106 East 57th Street,New York,212-751-2931,french,285,Shun Lee Palace,155 East 55th Street,New York City,212-371-8844,chinese,60
284,0,Palisades,1829 Peachtree Road NE,Atlanta,404-350-6755,continental,410,Palm Atlanta,3391 Peachtree Road NE,Atlanta,404-814-1955,steakhouses,709
285,0,orso,322 W 46th St,New York,212-489-7212,italian,316,Virgil's Real BBQ,152 W 44th St,New York City,212-921-9494,bbq,66
286,0,Plumpjack Cafe,3201 Fillmore Street,San Francisco,415-563-4755,mediterranean,108,Trio Cafe,1870 Fillmore Street,San Francisco,415-563-2248,american,749
287,0,lespinasse,2 E 55th St,New York,212-339-6719,american,43,La Cote Basque,60 W 55th St,New York City,212-688-6525,french (classic),40
288,0,RJ's Uptown Kitchen & Wine Bar,870 North Highland Avenue,Atlanta,404-875-7775,american,413,Uncle Bill's Pancake House,1305 Highland Avenue,Manhattan Beach,310-545-5177,diners,599
289,0,helmand,430 Broadway,San Francisco,415-362-0641,greek and middle eastern,479,peter luger steak house,178 Broadway,Brooklyn,718-387-7400,steakhouses,637
290,0,orleans,11705 National Boulevard,Los Angeles,310-479-4187,cajun,152,indo cafe,10428 1/2 National Boulevard,Los Angeles,310-815-1290,indonesian,556
291,0,Margarita's Mexican Cantina,3120 Las Vegas Boulevard South,Las Vegas,702-794-8200,mexican,444,Em's New Orleans Fish House,3799 Las Vegas Boulevard South,Las Vegas,702-891-7374,seafood,659
292,0,palio,151 W 51st St,New York,212-245-4850,italian,320,Le Bernardin,155 W 51st St,New York City,212-489-1515,seafood,41
293,0,the bacchanal,3570 Las Vegas Boulevard South,Las Vegas,702-731-7525,only in las vegas,449,Coyote Cafe,3799 Las Vegas Boulevard South,Las Vegas,702-891-7349,southwestern,68
294,0,2223,2223 Market Street,San Francisco,415-431-0692,american,453,Cafe Flore,2298 Market Street,San Francisco,415-621-8579,californian,722
295,0,betelnut,2030 Union Street,San Francisco,415-929-8855,asian,456,Doodge's,2217 Union Street,San Francisco,415-921-2149,american,726
296,0,manora,3226 Mission Street,San Francisco,415-861-6224,asian,494,shiro,1505 Mission Street South,Pasadena,818-799-4774,pacific new wave,594
297,0,San Pietro,18 E 54th St,New York,212-753-9015,italian,342,Oceana,55 E 54th St,New York City,212-759-5941,seafood,50
298,0,posto,14928 Ventura Boulevard,Sherman Oaks,818-784-4400,italian,156,Pinot Bistro,12969 Ventura Boulevard,Studio City,818-990-0500,french bistro,18
299,1,Philippe's the Original,1001 N Alameda St,Los Angeles,213-628-3781,american,17,Philippe the Original,1001 N Alameda St,Chinatown,213-628-3781,cafeterias,17
300,0,chin's ,3200 Las Vegas Blvd S,Las Vegas,702-733-8899,asian,67,moongate,3400 Las Vegas Blvd S,Las Vegas,702-791-7352,chinese,666
301,0,Masa's,648 Bush Street,San Francisco,415-989-7154,french,106,Teresa's,80 Montague Street,Queens,718-520-2910,polish,647
302,0,Circus Circus,2880 Las Vegas Boulevard South,Las Vegas,702-734-0410,buffets,437,Steak House The,2880 Las Vegas Boulevard South,Las Vegas,702-734-0410,steakhouses,72
303,0,Hedgerose Heights Inn,490 East Paces Ferry Road,Atlanta,404-233-7673,international,82,Chops,70 West Paces Ferry Road,Atlanta,404-262-2675,steakhouses,687
304,0,Mavalli Palace,46 E 29th St,New York,212-679-5535,asian,306,Gramercy Tavern,42 E 20th St,New York City,212-477-0777,american (new),36
305,0,Morton's,8764 Melrose Avenue,Los Angeles,310-276-5205,american,148,Citrus,6703 Melrose Avenue,Los Angeles,213-857-0034,californian,6
306,0,Pen & Pencil,205 E 45th St,New York,212-682-8660,american,325,Wollensky's Grill,205 E 49th St,New York City,212-753-0444,steakhouses,653
307,0,orso,322 W 46th Street,New York,212-489-7212,italian,316,Sparks Steak House,210 E 46th Street,New York City,212-687-4855,steakhouses,641
308,0,Monkey Bar,60 E 54th St,New York,212-838-2600,american,308,Oceana,55 E 54th St,New York City,212-759-5941,seafood,50
309,0,Four Seasons Grill Room,99 E 52nd St,New York,212-754-9494,american,34,La Grenouille,3 E 52nd St,New York City,212-752-1495,french (classic),623
310,0,ralph's diner,3000 Las Vegas Boulevard South,Las Vegas,702-732-6330,coffee shops/diners,448,moongate,3400 Las Vegas Boulevard South,Las Vegas,702-791-7352,chinese,666
311,0,Cafe Ritz-Carlton Buckhead,3434 Peachtree Road,Atlanta,404-237-2700,ext 6108 international,89,Nava,3060 Peachtree Road,Atlanta,404-240-1984,southwestern,706
312,0,La Caravelle,33 West 55th Street,New York,212-586-4252,french,39,Menchanko-tei,39 West 55th Street,New York City,212-247-1585,japanese,627
313,0,Jewel of India,15 W 44th St,New York,212-869-5544,asian,273,Island Spice,402 W 44th St,New York City,212-765-1737,caribbean,37
314,0,Bertolini's,3570 Las Vegas Boulevard South,Las Vegas,702-735-4663,italian,427,Madame Ching's,3300 Las Vegas Boulevard South,Las Vegas,702-894-7111,asian,662
315,0,manora,3226 Mission Street,San Francisco,415-861-6224,asian,494,La Taqueria,2889 Mission Street,San Francisco,415-285-7117,mexican,736
316,1,Cafe Bizou,14016 Ventura Boulevard,Sherman Oaks,818-788-3536,french,3,Cafe Bizou,14016 Ventura Boulevard,Sherman Oaks,818-788-3536,french bistro,3
317,1,Palace Court,3570 Las Vegas Blvd S,Las Vegas,702-731-7547,continental,70,Palace Court,3570 Las Vegas Blvd S,Las Vegas,702-731-7110,french (new),70
318,0,California Culinary Academy,625 Polk Street,San Francisco,415-771-3500,french,463,Mario's Bohemian Cigar Store Cafe,2209 Polk Street,San Francisco,415-776-8226,italian,737
319,0,vong,200 E 54th St,New York,212-486-9592,american,373,lutece,249 E 50th St,New York City,212-752-2225,french (classic),44
320,0,bolo,23 East 22nd Street,New York,212-228-2200,mediterranean,191,arcadia,21 East 62nd Street,New York City,212-223-2900,american (new),603
321,0,Cafe Ritz-Carlton Buckhead,3434 Peachtree Road,Atlanta,404-237-2700,international,89,Brasserie Le Coze,3393 Peachtree Road,Atlanta,404-266-1440,french bistro,77
322,0,Tavola Calda,7371 Melrose Avenue,Los Angeles,213-658-6340,italian,165,Johnny Rockets,7507 Melrose Avenue,Los Angeles,213-651-3361,american,564
323,0,fleur de jour,348 E 62nd St,New York,212-355-2020,coffee bar,245,arcadia,21 E 62nd St,New York City,212-223-2900,american (new),603
324,0,lespinasse,2 E 55th St,New York,212-339-6719,american,43,Shun Lee Palace,155 E 55th St,New York City,212-371-8844,chinese,60
325,1,dawat,210 East 58th Street,New York,212-355-7555,asian,32,dawat,210 East 58th Street,New York City,212-355-7555,indian,32
326,0,Bamboo Garden,4850 Flamingo Road,Las Vegas,702-871-3262,asian,425,Buzio's in the Rio,3700 West Flamingo Road,Las Vegas,702-252-7697,seafood,658
327,0,Boulevard,1 Mission Street,San Francisco,415-543-6084,american,96,Shiro,1505 Mission Street South,Pasadena,818-799-4774,pacific new wave,594
328,1,march,405 E 58th St,New York,212-754-6272,american,46,march,405 E 58th St,New York City,212-754-6272,american (new),46
329,0,Bally's Big Kitchen,3645 Las Vegas Boulevard South,Las Vegas,702-739-4111,buffets,424,Chin's,3200 Las Vegas Boulevard South,Las Vegas,702-733-8899,chinese,67
330,0,em press court,3570 Las Vegas Boulevard South,Las Vegas,702-731-7888,asian,438,Monte Carlo,3145 Las Vegas Boulevard South,Las Vegas,702-733-4524,french (new),665
331,1,cafe ritz-carlton,3434 Peachtree Rd,Atlanta,404-237-2700,ext 6108 international,89,ritz-carlton cafe,3434 Peachtree Rd NE,Atlanta,404-237-2700,american (new),89
332,0,la caravelle,33 W 55th St,New York,212-586-4252,french,39,aquavit,13 W 54th St,New York City,212-307-7311,scandinavian,24
333,1,felidia,243 East 58th Street,New York,212-758-1479,italian,33,felidia,243 East 58th Street,New York City,212-758-1479,italian,33
334,0,em pire korea,6 E 32nd St,New York,212-725-1333,asian,233,la grenouille,3 E 52nd St,New York City,212-752-1495,french (classic),623
335,0,Helmand,430 Broadway,San Francisco,415-362-0641,greek and middle eastern,479,Pho Hoa,642 Broadway,Chinatown,213-626-5530,vietnamese,585
336,0,Palisades,1829 Peachtree Road,Atlanta,404-350-6755,continental,410,Ritz-Carlton Cafe,181 Peachtree Street,Atlanta,404-659-0400,american (new),711
337,1,montrachet,239 W Broadway,New York,212-219-2777,french,49,montrachet,239 W Broadway,New York City,212-219-2777,french bistro,49
338,0,oritalia,1915 Fillmore Street,San Francisco,415-346-1333,italian,501,Plumpjack Cafe,3127 Fillmore Street,San Francisco,415-563-4755,american (new),108
339,0,palace court,3570 Las Vegas Boulevard South,Las Vegas,702-731-7547,continental,70,em eril's new orleans fish house,3799 Las Vegas Boulevard South,Las Vegas,702-891-7374,seafood,659
340,0,Cafe Ritz-Carlton Buckhead,3434 Peachtree Road,Atlanta,404-237-2700,ext 6108 international,89,Brookhaven Cafe,4274 Peachtree Road,Atlanta,404-231-5907,vegetarian,682
341,0,Bally's Big Kitchen,3645 Las Vegas Boulevard South,Las Vegas,702-739-4111,buffets,424,Moongate,3400 Las Vegas Boulevard South,Las Vegas,702-791-7352,chinese,666
342,0,Planet Hollywood,140 W 57th St,New York,212-333-7827,american,328,Petrossian,182 W 58th St,New York City,212-245-2214,russian,52
343,0,Tommy Tang's,7313 Melrose Avenue,Los Angeles,213-937-5733,asian,167,Mo Better Meatty Meat,7261 Melrose Avenue,Los Angeles,213-935-5280,hamburgers,579
344,1,Le Montrachet,3000 West Paradise Road,Las Vegas,702-732-5111,continental,69,Le Montrachet Bistro,3000 Paradise Road,Las Vegas,702-732-5651,french bistro,69
345,0,Yolie's,3900 Paradise Road,Las Vegas,702-794-0700,steak houses,452,Joe's,1023 Abbot Kinney Boulevard,Venice,310-399-5811,american (new),560
346,0,Annie's Thai Castle,3195 Roswell Road,Atlanta,404-264-9546,asian,381,Cafe Sunflower,5975 Roswell Road,Atlanta,404-256-1675,health food,683
347,0,Bugsy's Diner,3555 Las Vegas Boulevard South,Las Vegas,702-733-3111,coffee shops/diners,431,Morton's of Chicago (Las Vegas),3200 Las Vegas Boulevard South,Las Vegas,702-893-0703,steakhouses,667
348,0,French Quarter Food Shop,923 Peachtree Street at 8th St,Atlanta,404-875-2489,southern,396,Ritz-Carlton Cafe,181 Peachtree St,Atlanta,404-659-0400,american (new),711
349,0,French Quarter Food Shop,923 Peachtree Street at 8th St,Atlanta,404-875-2489,southern,396,Ritz-Carlton Restaurant,181 Peachtree Street,Atlanta,404-659-0400,french (classic),91
350,0,Mambo Restaurante Cubano,1402 North Highland Avenue,Atlanta,404-874-2626,caribbean,406,Indigo Coastal Grill,1397 North Highland Avenue,Atlanta,404-876-0676,eclectic,84
351,0,Masa's,648 Bush Street,San Francisco,415-989-7154,french,106,Kelly's on Trinity,333 Bush Street,San Francisco,415-362-4454,californian,733
352,0,Bertolini's,3570 Las Vegas Boulevard South,Las Vegas,702-735-4663,italian,427,Chin's,3200 Las Vegas Boulevard South,Las Vegas,702-733-8899,chinese,67
353,1,la folie,2316 Polk Street,San Francisco,415-776-5577,french,104,la folie,2316 Polk Street,San Francisco,415-776-5577,french (new),104
354,0,Border Grill,4th St,Los Angeles,310-451-1655,mexican,116,Andre's French Restaurant,401 S 6th St,Las Vegas,702-385-5016,french (classic),656
355,0,Cafe Roma,3570 Las Vegas Boulevard South,Las Vegas,702-731-7547,coffee shops/diners,433,Spago (Las Vegas),3500 Las Vegas Boulevard South,Las Vegas,702-369-6300,californian,670
356,0,dive !,10250 Santa Monica Boulevard,Los Angeles,310-788-,dive american,128,jiraffe,502 Santa Monica Boulevard,Santa Monica,310-917-6671,californian,558
357,0,Bugsy's Diner,3555 Las Vegas Boulevard South,Las Vegas,702-733-3111,coffee shops/diners,431,Steak House The,2880 Las Vegas Boulevard South,Las Vegas,702-734-0410,steakhouses,72
358,0,mikado,3400 Las Vegas Boulevard South,Las Vegas,702-791-7111,asian,446,Buccaneer Bay Club,3300 Las Vegas Boulevard South,Las Vegas,702-894-7350,continental,657
359,1,The Palm,9001 Santa Monica Boulevard,Los Angeles,310-550-8811,american,15,The Palm (Los Angeles),9001 Santa Monica Boulevard,West Hollywood,310-550-8811,steakhouses,15
360,0,tomtom,3393 Peachtree Road,Atlanta,404-264-1163,continental,422,La Grotta,2637 Peachtree Road NE,Atlanta,404-231-1368,italian,85
361,1,Buckhead Diner,3073 Piedmont Road,Atlanta,404-262-3336,american,78,Buckhead Diner,3073 Piedmont Road,Atlanta,404-262-3336,american (new),78
362,0,Alley's End,311 West 17th Street,New York,212-627-8899,american,178,Cafe des Artistes,1 West 67th Street,New York City,212-877-3500,french (classic),27
363,0,masa's,648 Bush St.,San Francisco,415-989-7154,french,106,Martha's,25 22nd Street Grill,Hermosa Beach,310-376-7786,american,575
364,0,steak house,2880 Las Vegas Boulevard South,Las Vegas,702-734-0410,steak houses,72,Peter Luger Steak House,178 Broadway,Brooklyn,718-387-7400,steakhouses,637
365,0,Alley's End,311 W 17th St,New York,212-627-8899,american,178,Yama,122 E 17th St,New York City,212-475-0969,japanese,654
366,1,Ritz-Carlton Restaurant and Dining Room,600 Stockton Street,San Francisco,415-296-7465,american,110,Ritz-Carlton Dining Room,600 Stockton Street,San Francisco,415-296-7465,french (new),110
367,0,Circus Circus,2880 Las Vegas Boulevard South,Las Vegas,702-734-0410,buffets,437,Chin's,3200 Las Vegas Boulevard South,Las Vegas,702-733-8899,chinese,67
368,0,China Grill,60 W 53rd St,New York,212-333-7788,american,219,La Cote Basque,60 W 55th St,New York City,212-688-6525,french (classic),40
369,0,tavola calda,7371 Melrose Avenue,Los Angeles,213-658-6340,italian,165,mo better meatty meat,7261 Melrose Avenue,Los Angeles,213-935-5280,hamburgers,579
370,0,eclipse,8800 Melrose Avenue,Los Angeles,310-724-5959,californian,132,Johnny Rockets,7507 Melrose Avenue,Los Angeles,213-651-3361,american,564
371,1,Hotel Bel-Air,701 Stone Canyon Road,Bel Air,310-472-1211,californian,2,Bel-Air Hotel,701 Stone Canyon Road,Bel Air,310-472-1211,californian,2
372,0,Bistro,3400 Las Vegas Boulevard South,Las Vegas,702-791-7111,continental,429,Palace Court,3570 Las Vegas Boulevard South,Las Vegas,702-731-7110,french (new),70
373,0,Ralph's Diner,3000 Las Vegas Boulevard South,Las Vegas,702-732-6330,coffee shops/diners,448,Monte Carlo,3145 Las Vegas Boulevard South,Las Vegas,702-733-4524,french (new),665
374,0,Bistro Roti,155 Steuart St.,San Francisco,415-495-6500,french,457,Bistro The,56 E. Andrews Dr. NW,Atlanta,404-231-5733,french bistro,679
375,0,Taste of New Orleans,889 West Peachtree Street,Atlanta,404-874-5535,southern,421,Ritz-Carlton Cafe,181 Peachtree Street,Atlanta,404-659-0400,american (new),711
376,0,Hong Kong Flower Lounge,5322 Geary Boulevard,San Francisco,415-668-8998,asian,480,Khan Toke Thai House,5937 Geary Boulevard,San Francisco,415-668-6654,thai,103
377,0,posto,14928 Ventura Boulevard,Sherman Oaks,818-784-4400,italian,156,Sushi Nozawa,11288 Ventura Boulevard,Studio City,818-508-7017,japanese,595
378,0,Binion's Coffee Shop,128 Fremont St.,Las Vegas,702-382-1600,coffee shops/diners,428,Second Street Grill,200 E. Fremont St.,Las Vegas,702-385-6277,pacific rim,71
379,0,Mary Mac's Tea Room,224 Ponce de Leon Avenue,Atlanta,404-876-1800,southern,86,Java Jive,790 Ponce de Leon Avenue,Atlanta,404-876-6161,coffee shops,698
380,0,Le Colonial,8783 Beverly Boulevard,Los Angeles,310-289-0660,asian,144,Tommy's,2575 Beverly Boulevard,Los Angeles,213-389-9060,hamburgers,598
381,1,picholine,35 W 64th St,New York,212-724-8585,mediterranean,53,picholine,35 W 64th St,New York City,212-724-8585,mediterranean,53
382,0,vong,200 East 54th Street,New York,212-486-9592,american,373,oceana,55 East 54th Street,New York City,212-759-5941,seafood,50
383,0,carta,1772 Market Street,San Francisco,415-863-3516,american,465,Cafe Flore,2298 Market Street,San Francisco,415-621-8579,californian,722
384,0,mikado,3400 Las Vegas Boulevard South,Las Vegas,702-791-7111,asian,446,Tre Visi,3799 Las Vegas Boulevard South,Las Vegas,702-891-7331,italian,674
385,0,eclipse,8800 Melrose Avenue,Los Angeles,310-724-5959,californian,132,patina,5955 Melrose Avenue,Los Angeles,213-467-1108,californian,16
386,0,Cafe Roma,3570 Las Vegas Boulevard South,Las Vegas,702-731-7547,coffee shops/diners,433,Em Eril's New Orleans Fish House,3799 Las Vegas Boulevard South,Las Vegas,702-891-7374,seafood,659
387,0,pano's and paul's,1232 W Paces Ferry Road,Atlanta,404-261-3662,international,88,riviera,519 E Paces Ferry Road,Atlanta,404-262-7112,mediterranean,712
388,0,Monkey Bar,60 E 54th St,New York,212-838-2600,american,308,Aquavit,13 W 54th St,New York City,212-307-7311,scandinavian,24
389,0,em press court,3570 Las Vegas Boulevard South,Las Vegas,702-731-7888,asian,438,Coyote Cafe,3799 Las Vegas Boulevard South,Las Vegas,702-891-7349,southwestern,68
390,0,Virgil's,152 W 44th St,New York,212-921-9494,american,66,Island Spice,402 W 44th St,New York City,212-765-1737,caribbean,37
391,1,Campton Place,340 Stockton Street,San Francisco,415-955-5555,american,98,Campton Place,340 Stockton Street,San Francisco,415-955-5555,american (new),98
392,0,Dante's Down the Hatch Buckhead,3380 Peachtree Road,Atlanta,404-266-1600,continental,393,La Grotta,2637 Peachtree Road NE,Atlanta,404-231-1368,italian,85
393,0,Luna Si,1931 Peachtree Road,Atlanta,404-355-5993,continental,405,La Grotta,2637 Peachtree Road NE,Atlanta,404-231-1368,italian,85
394,0,Circus Circus,2880 Las Vegas Boulevard South,Las Vegas,702-734-0410,buffets,437,Palace Court,3570 Las Vegas Boulevard South,Las Vegas,702-731-7110,french (new),70
395,0,21 club,21 W 52nd St,New York,212-582-7200,american,23,La Grenouille,3 E 52nd St,New York City,212-752-1495,french (classic),623
396,0,Border Grill,4th St,Los Angeles,310-451-1655,mexican,116,Island Spice,402 W 44th St,New York City,212-765-1737,caribbean,37
397,0,Palisades,1829 Peachtree Road,Atlanta,404-350-6755,continental,410,Abruzzi,2355 Peachtree Road NE,Atlanta,404-261-8186,italian,74
398,0,Bally's Big Kitchen,3645 Las Vegas Boulevard South,Las Vegas,702-739-4111,buffets,424,Steak House The,2880 Las Vegas Boulevard South,Las Vegas,702-734-0410,steakhouses,72
399,0,California Culinary Academy,625 Polk Street,San Francisco,415-771-3500,french,463,Wa-Ha-Ka Oaxaca Mexican Grill,2141 Polk Street,San Francisco,415-775-1055,mexican,752
400,0,Le Madri,168 W 18th St,New York,212-727-8022,italian,289,Les Celebrites,155 W 58th St,New York City,212-484-5113,french (classic),42
401,0,Palisades,1829 Peachtree Road,Atlanta,404-350-6755,continental,410,Ritz-Carlton Dining Room (Buckhead),3434 Peachtree Road NE,Atlanta,404-237-2700,american (new),90
402,0,Ralph's Diner,3000 Las Vegas Boulevard South,Las Vegas,702-732-6330,coffee shops/diners,448,Steak House The,2880 Las Vegas Boulevard South,Las Vegas,702-734-0410,steakhouses,72
403,1,Toulouse,293B Peachtree Road,Atlanta,404-351-9533,french,92,Toulouse,293B Peachtree Road,Atlanta,404-351-9533,french (new),92
404,0,Bugsy's Diner,3555 Las Vegas Boulevard South,Las Vegas,702-733-3111,coffee shops/diners,431,Monte Carlo,3145 Las Vegas Boulevard South,Las Vegas,702-733-4524,french (new),665
405,0,two two two,222 West 79th Street,New York,212-799-0400,american,368,Edison Cafe,228 West 47th Street,New York City,212-840-5000,diners,611
406,0,Coyote Cafe,3799 Las Vegas Boulevard South,Las Vegas,702-891-7349,southwestern,68,Michael's (Las Vegas),3595 Las Vegas Boulevard South,Las Vegas,702-737-7111,continental,664
407,0,Des Alpes,732 Broadway,San Francisco,415-788-9900,french,468,Carmine's,2450 Broadway,New York City,212-362-2200,italian,28
408,0,steak house,2880 Las Vegas Boulevard South,Las Vegas,702-734-0410,steak houses,72,sterling brunch,3645 Las Vegas Boulevard South,Las Vegas,702-739-4651,eclectic,673
409,0,dining room ritz-carlton buckhead,3434 Peachtree Road,Atlanta,404-237-2700,international,90,white house restaurant,3172 Peachtree Road NE,Atlanta,404-237-7601,diners,719
410,1,Mary Mac's Tea Room,224 Ponce de Leon Avenue,Atlanta,404-876-1800,southern,86,Mary Mac's Tea Room,224 Ponce de Leon Avenue,Atlanta,404-876-1800,southern/soul,86
411,0,Morton's,8764 Melrose Avenue,Los Angeles,310-276-5205,american,148,patina,5955 Melrose Avenue,Los Angeles,213-467-1108,californian,16
412,1,rex il ristorante,617 South Olive Street,Los Angeles,213-627-2300,italian,19,rex il ristorante,617 South Olive Street,Los Angeles,213-627-2300,nuova cucina italian,19
413,1,Uncle Nick's,747 9th Avenue between 50th and 51st Sts.,New York,212-315-1726,mediterranean,64,Uncle Nick's,747 Ninth Avenue,New York City,212-245-7992,greek,64
414,0,Ralph's Diner,3000 Las Vegas Boulevard South,Las Vegas,702-732-6330,coffee shops/diners,448,Chin's,3200 Las Vegas Boulevard South,Las Vegas,702-733-8899,chinese,67
415,0,Le Madri,168 West 18th Street,New York,212-727-8022,italian,289,San Francisco BBQ,1328 18th Street,San Francisco,415-431-8956,thai,744
416,0,Pano's and Paul's,1232 W Paces Ferry Road,Atlanta,404-261-3662,international,88,Hedgerose Heights Inn,490 E Paces Ferry Road NE,Atlanta,404-233-7673,continental,82
417,0,Ernie's,2150 Broadway between 75th and 76th Sts.,New York,212-496-1588,american,234,Rae's,2901 Pico Blvd.,Santa Monica,310-828-7937,diners,589
418,0,chin's,3200 Las Vegas Boulevard South,Las Vegas,702-733-8899,asian,67,EmERil's New Orleans Fish House,3799 Las Vegas Boulevard South,Las Vegas,702-891-7374,seafood,659
419,0,Carnival World,3700 West Flamingo Road,Las Vegas,702-252-7777,buffets,435,Fiore Rotisserie & Grille,3700 West Flamingo Road,Las Vegas,702-252-7702,italian,660
420,0,Moose's,1652 Stockton Street,San Francisco,415-989-7800,mediterranean,498,Joe's,1023 Abbot Kinney Boulevard,Venice,310-399-5811,american (new),560
421,0,The Palm,9001 Santa Monica Boulevard,Los Angeles,310-550-8811,american,15,jiraffe,502 Santa Monica Boulevard,Santa Monica,310-917-6671,californian,558
422,0,Swingers,8020 Beverly Boulevard,Los Angeles,213-653-5858,american,164,Koo Koo Roo,8393 West Beverly Boulevard,Los Angeles,213-655-9045,chicken,567
423,0,Jean Lafitte,68 W 58th St,New York,212-751-2323,french,272,Manhattan Ocean Club,57 W 58th St,New York City,212-371-7777,seafood,45
424,0,Ton Kiang,3148 Geary Boulevard,San Francisco,415-752-4440,asian,522,Khan Toke Thai House,5937 Geary Boulevard,San Francisco,415-668-6654,thai,103
425,0,vong,200 e 54th st,New York,212-486-9592,american,373,Wollensky's Grill,205 e 49th st,New York City,212-753-0444,steakhouses,653
426,0,Eclipse,8800 Melrose Avenue,Los Angeles,310-724-5959,californian,132,Citrus,6703 Melrose Avenue,Los Angeles,213-857-0034,californian,6
427,0,Palace Court,3570 Las Vegas Boulevard South,Las Vegas,702-731-7547,continental,70,Coyote Cafe,3799 Las Vegas Boulevard South,Las Vegas,702-891-7349,southwestern,68
428,0,Le Montrachet,3000 West Paradise Road,Las Vegas,702-732-5111,continental,69,Nicky Blair's,3925 Paradise Road,Las Vegas,702-792-9900,italian,668
429,0,Mandarin Court,1510 East Flamingo Road,Las Vegas,702-737-1234,asian,443,Tillerman's The,2245 East Flamingo Road,Las Vegas,702-731-4036,steakhouses,73
430,0,Second Street Grille,200 East Fremont Street,Las Vegas,702-385-3232,seafood,71,Steakhouse The,128 East Fremont Street,Las Vegas,702-382-1600,steakhouses,671
431,0,Border Grill,4th St,Los Angeles,310-451-1655,mexican,116,Veni Vidi Vici,41 14th St,Atlanta,404-875-8424,italian,93
432,1,lespinasse,2 E 55th St,New York,212-339-6719,american,43,lespinasse,2 E 55th St,New York City,212-339-6719,asian,43
433,0,felidia,243 e 58th st,New York,212-758-1479,italian,33,Lespinasse,2 e 55th st,New York City,212-339-6719,asian,43
434,1,Gotham Bar & Grill,12 E 12th St,New York,212-620-4020,american,35,Gotham Bar & Grill,12 E 12th St,New York City,212-620-4020,american (new),35
435,0,9 Jones Street,9 Jones Street,New York,212-989-1220,american,173,Dottie's True Blue Cafe,522 Jones Street,San Francisco,415-885-2767,diners,727
436,1,petrossian,182 West 58th Street,New York,212-245-2214,french,52,petrossian,182 West 58th Street,New York City,212-245-2214,russian,52
437,0,Palisades,1829 Peachtree Road,Atlanta,404-350-6755,continental,410,Nava,3060 Peachtree Road,Atlanta,404-240-1984,southwestern,706
438,0,citrus,6703 Melrose Avenue,Los Angeles,213-857-0034,californian,6,patina,5955 Melrose Avenue,Los Angeles,213-467-1108,californian,16
439,0,Viva Mercado's,6182 W Flamingo Road,Las Vegas,702-871-8826,mexican,451,Buzio's in the Rio,3700 W Flamingo Road,Las Vegas,702-252-7697,seafood,658
440,0,Moose's,1652 Stockton Street,San Francisco,415-989-7800,mediterranean,498,Campton Place,340 Stockton Street,San Francisco,415-955-5555,american (new),98
441,0,lespinasse,2 East 55th Street,New York,212-339-6719,american,43,lutece,249 East 50th Street,New York City,212-752-2225,french (classic),44
442,0,Hard Rock Cafe,8600 Beverly Boulevard,Los Angeles,310-276-7605,american,137,Tommy's,2575 Beverly Boulevard,Los Angeles,213-389-9060,hamburgers,598
443,1,Lutece,249 East 50th Street,New York,212-752-2225,french,44,Lutece,249 East 50th Street,New York City,212-752-2225,french (classic),44
444,0,Palisades,1829 Peachtree Road,Atlanta,404-350-6755,continental,410,Brookhaven Cafe,4274 Peachtree Road,Atlanta,404-231-5907,vegetarian,682
445,0,Dante's Down the Hatch Buckhead,3380 Peachtree Rd,Atlanta,404-266-1600,continental,393,Brasserie Le Coze,3393 Peachtree Rd,Atlanta,404-266-1440,french bistro,77
446,0,Lillie Langtry's,129 E Fremont St,Las Vegas,702-385-7111,asian,442,Steakhouse The,128 E Fremont St,Las Vegas,702-382-1600,steakhouses,671
447,0,Cafe Pierre,2 E 61st St,New York,212-940-8185,french,203,Aureole,34 E 61st St,New York City,212-319-1660,american (new),25
448,0,March,405 East 58th Street,New York,212-754-6272,american,46,Petrossian,182 West 58th Street,New York City,212-245-2214,russian,52
449,0,the bacchanal,3570 Las Vegas Boulevard South,Las Vegas,702-731-7525,only in las vegas,449,moongate,3400 Las Vegas Boulevard South,Las Vegas,702-791-7352,chinese,666
450,0,Dining Room Ritz-Carlton Buckhead,3434 Peachtree Road NE,Atlanta,404-237-2700,international,90,Abruzzi,2355 Peachtree Road NE,Atlanta,404-261-8186,italian,74
451,0,Toulouse,1745 Peachtree Street NW,Atlanta,404-351-9533,french,92,La Grotta,2637 Peachtree Road NE,Atlanta,404-231-1368,italian,85
452,0,Binion's Coffee Shop,128 Fremont St.,Las Vegas,702-382-1600,coffee shops/diners,428,Hugo's Cellar,202 E. Fremont St.,Las Vegas,702-385-4011,continental,661
453,1,Hawthorne Lane,22 Hawthorne Street,San Francisco,415-777-9779,american,102,Hawthorne Lane,22 Hawthorne Street,San Francisco,415-777-9779,californian,102
454,0,Circus Circus,2880 Las Vegas Boulevard South,Las Vegas,702-734-0410,buffets,437,Emeril's New Orleans Fish House,3799 Las Vegas Boulevard South,Las Vegas,702-891-7374,seafood,659
455,0,Mary Mac's Tea Room,224 Ponce de Leon Avenue,Atlanta,404-876-1800,southern,86,Majestic,1031 Ponce de Leon Avenue,Atlanta,404-875-0276,diners,703
456,0,Golden Nugget Hotel,129 E Fremont St,Las Vegas,702-385-7111,buffets,440,Second Street Grill,200 E Fremont St,Las Vegas,702-385-6277,pacific rim,71
457,0,Bistro,3400 Las Vegas Boulevard South,Las Vegas,702-791-7111,continental,429,Sterling Brunch,3645 Las Vegas Boulevard South,Las Vegas,702-739-4651,eclectic,673
458,0,Binion's Coffee Shop,128 Fremont St.,Las Vegas,702-382-1600,coffee shops/diners,428,Stefano's,129 Fremont St.,Las Vegas,702-385-7111,italian,672
459,0,Le Chardonnay,8284 Melrose Avenue,Los Angeles,213-655-8880,french,12,Mo Better Meatty Meat,7261 Melrose Avenue,Los Angeles,213-935-5280,hamburgers,579
460,0,bistro,3400 Las Vegas Boulevard South,Las Vegas,702-791-7111,continental,429,Morton's of Chicago (Las Vegas),3200 Las Vegas Boulevard South,Las Vegas,702-893-0703,steakhouses,667
461,0,Palisades,1829 Peachtree Road,Atlanta,404-350-6755,continental,410,Original Pancake House,4330 Peachtree Road,Atlanta,404-237-4116,american,708
462,0,Gabriela's,685 Amsterdam Avenue at 93rd St,New York,212-961-0574,mexican,253,Monsoon (NY),435 Amsterdam Avenue,New York City,212-580-8686,thai,629
463,1,Grill on the Alley,9560 Dayton Way,Los Angeles,310-276-0615,american,9,Grill The,9560 Dayton Way,Beverly Hills,310-276-0615,american (traditional),9
464,0,Luna Si,1931 Peachtree Road,Atlanta,404-355-5993,continental,405,Toulouse,293 Peachtree Road,Atlanta,404-351-9533,french (new),92
465,0,petrossian,182 W 58th St,New York,212-245-2214,french,52,Virgil's Real BBQ,152 W 44th St,New York City,212-921-9494,bbq,66
466,0,Cafe Ritz-Carlton Buckhead,3434 Peachtree Road,Atlanta,404-237-2700,ext 6108 international,89,Toulouse,293 Peachtree Road NE,Atlanta,404-351-9533,french (new),92
467,0,Postrio,545 Post Street,San Francisco,415-776-7825,american,109,Mifune,1737 Post Street,San Francisco,415-922-0337,japanese,107
468,0,Bally's Big Kitchen,3645 Las Vegas Boulevard South,Las Vegas,702-739-4111,buffets,424,Coyote Cafe,3799 Las Vegas Boulevard South,Las Vegas,702-891-7349,southwestern,68
469,0,Bally's Big Kitchen,3645 Las Vegas Boulevard South,Las Vegas,702-739-4111,buffets,424,Michael's (Las Vegas),3595 Las Vegas Boulevard South,Las Vegas,702-737-7111,continental,664
470,0,Swingers,8020 Beverly Boulevard,Los Angeles,213-653-5858,american,164,Tommy's,2575 Beverly Boulevard,Los Angeles,213-389-9060,hamburgers,598
471,0,steak house,2880 Las Vegas Boulevard South,Las Vegas,702-734-0410,steak houses,72,Morton's of Chicago ( Las vegas ),3200 Las Vegas Boulevard South,Las Vegas,702-893-0703,steakhouses,667
472,0,Dante's Down the Hatch Buckhead,3380 Peachtree Rd,Atlanta,404-266-1600,continental,393,White House Restaurant,3172 Peachtree Rd NE,Atlanta,404-237-7601,diners,719
473,0,Annie's Thai Castle,3195 Roswell Road,Atlanta,404-264-9546,asian,381,Chopstix,4279 Roswell Road,Atlanta,404-255-4868,chinese,688
474,0,tomtom,3393 Peachtree Road,Atlanta,404-264-1163,continental,422,nava,3060 Peachtree Road,Atlanta,404-240-1984,southwestern,706
475,0,steak house,2880 Las Vegas Boulevard South,Las Vegas,702-734-0410,steak houses,72,em eril's New Orleans Fish House,3799 Las Vegas Boulevard South,Las Vegas,702-891-7374,seafood,659
476,0,Toulouse,1745 Peachtree Street,Atlanta,404-351-9533,french,92,Nava,3060 Peachtree Road,Atlanta,404-240-1984,southwestern,706
477,0,Katia's,600 5th Avenue,San Francisco,415-668-9292,,487,Sylvia's,328 Lenox Avenue,New York City,212-996-0660,southern/soul,644
478,0, Antonio's , 3700 West Flamingo Road,Las Vegas,702-252-7737,italian,423, Don Antonio's , 1136 Westwood Boulevard,Westwood,310-209-1422,italian,550
479,0,bruno,240 East 58th Street,New York,212-688-4190,italian,195,Sparks Steak House,210 East 46th Street,New York City,212-687-4855,steakhouses,641
480,0,Alain Rondelli,126 Clement Street,San Francisco,415-387-0408,french,94,Bill's Place,2315 Clement Street,San Francisco,415-221-5262,hamburgers,721
481,0,Luna Si,1931 Peachtree Road,Atlanta,404-355-5993,continental,405,Ritz-Carlton Cafe (Buckhead),3434 Peachtree Road NE,Atlanta,404-237-2700,american (new),89
482,0,Hedgerose Heights Inn,490 East Paces Ferry Road,Atlanta,404-233-7673,international,82,Canoe,4199 Paces Ferry Road,Atlanta,770-432-2663,american (new),684
483,0,Palace Court,3570 Las Vegas Boulevard South,Las Vegas,702-731-7547,continental,70,Buccaneer Bay Club,3300 Las Vegas Boulevard South,Las Vegas,702-894-7350,continental,657
484,0,Nate n al's,414 N Beverly Dr,Los Angeles,310-274-0101,american,149,Ruth's Chris Steak House,224 S Beverly Dr,Beverly Hills,310-859-8744,steakhouses,593
485,1,citrus,6703 Melrose Avenue,Los Angeles,213-857-0034,californian,6,citrus,6703 Melrose Avenue,Los Angeles,213-857-0034,californian,6
486,0,Bone's,3130 Piedmont Road,Atlanta,404-237-2663,american,76,Carmine's,2450 Broadway,New York City,212-362-2200,italian,28
487,1,Locanda Veneta,3rd St,Los Angeles,310-274-1893,italian,13,Locanda Veneta,8638 W Third St,Los Angeles,310-274-1893,italian,13
488,0,fifty seven fifty seven,57 East 57th Street,New York,212-758-5757,american,239,manhattan ocean club,57 West 58th Street,New York City,212-371-7777,seafood,45
489,0,patina,5955 Melrose Avenue,Los Angeles,213-467-1108,californian,16,Johnny Rockets,7507 Melrose Avenue,Los Angeles,213-651-3361,american,564
490,0,Circus Circus,2880 Las Vegas Boulevard South,Las Vegas,702-734-0410,buffets,437,Tre Visi,3799 Las Vegas Boulevard South,Las Vegas,702-891-7331,italian,674
491,0,Lanza Restaurant,168 1st Avenue Between 10th and 11th Sts.,New York,212-674-7014,italian,282,Thailand Restaurant,106 Bayard Street,New York City,212-349-3132,thai,649
492,0,Morton's,8764 Melrose Avenue,Los Angeles,310-276-5205,american,148,Le Chardonnay,8284 Melrose Avenue,Los Angeles,213-655-8880,french bistro,12
493,0,Margarita's Mexican Cantina,3120 Las Vegas Boulevard South,Las Vegas,702-794-8200,mexican,444,Moongate,3400 Las Vegas Boulevard South,Las Vegas,702-791-7352,chinese,666
494,0,Ritz-Carlton Restaurant and Dining Room,600 Stockton Street,San Francisco,415-296-7465,american,110,Campton Place,340 Stockton Street,San Francisco,415-955-5555,american (new),98
495,0,Le Marais,150 W 46th St,New York,212-869-0900,american,290,Sparks Steak House,210 E 46th St,New York City,212-687-4855,steakhouses,641
496,0,Morton's,8764 Melrose Avenue,Los Angeles,310-276-5205,american,148,Johnny Rockets,7507 Melrose Avenue,Los Angeles,213-651-3361,american,564
497,0,Circus Circus,2880 Las Vegas Boulevard South,Las Vegas,702-734-0410,buffets,437,Morton's of Chicago (Las Vegas),3200 Las Vegas Boulevard South,Las Vegas,702-893-0703,steakhouses,667
498,0,Manhattan Cafe,1161 1st Ave between 63rd and 64th Sts,New York,212-888-6556,american,300,Manhattan Ocean Club,57 W 58th St,New York City,212-371-7777,seafood,45
499,0,steak house,2880 Las Vegas Boulevard South,Las Vegas,702-734-0410,steak houses,72,Coyote Cafe,3799 Las Vegas Boulevard South,Las Vegas,702-891-7349,southwestern,68
500,0,fenix,8358 Sunset Boulevard West,Hollywood,213-848-6677,american,7,Duke's,8909 Sunset Boulevard,West Hollywood,310-652-3100,coffee shops,551
501,0,Gotham Bar & Grill,12 E 12th St,New York,212-620-4020,american,35,Yama,122 E 17th St,New York City,212-475-0969,japanese,654
502,0,otabe,68 East 56th Street,New York,212-223-7575,asian,318,darbar,44 West 56th Street,New York City,212-432-7227,indian,609
503,0,Pacific Dining Car,6th St,Los Angeles,213-483-6000,american,153,Ti Couz,3108 16th St,San Francisco,415-252-7373,french,748
504,0,Lillie Langtry's,129 E Fremont St,Las Vegas,702-385-7111,asian,442,Hugo's Cellar,202 E Fremont St,Las Vegas,702-385-4011,continental,661
505,1,aqua,252 California Street,San Francisco,415-956-9662,seafood,95,aqua,252 California Street,San Francisco,415-956-9662,american (new),95
506,1,campanile,624 S La Brea Ave,Los Angeles,213-938-1447,american,4,campanile,624 S La Brea Ave,Los Angeles,213-938-1447,californian,4
507,0,Pen & Pencil,205 E 45th St,New York,212-682-8660,american,325,March,405 E 58th St,New York City,212-754-6272,american (new),46
508,0,Le Soleil,133 Clement Street,San Francisco,415-668-4848,asian,492,Bill's Place,2315 Clement Street,San Francisco,415-221-5262,hamburgers,721
509,0,mikado,3400 Las Vegas Boulevard South,Las Vegas,702-791-7111,asian,446,Madame Ching's,3300 Las Vegas Boulevard South,Las Vegas,702-894-7111,asian,662
510,0,Inca Grill,492 Broome Street near W Broadway,New York,212-966-3371,latin american,268,Mesa Grill,102 Fifth Ave,New York City,212-807-7400,southwestern,47
511,0,em press court,3570 Las Vegas Boulevard South,Las Vegas,702-731-7888,asian,438,chin's,3200 Las Vegas Boulevard South,Las Vegas,702-733-8899,chinese,67
512,0,Bally's Big Kitchen,3645 Las Vegas Boulevard South,Las Vegas,702-739-4111,buffets,424,Morton's of Chicago (Las Vegas),3200 Las Vegas Boulevard South,Las Vegas,702-893-0703,steakhouses,667
513,0,Tommy Tang's,7313 Melrose Avenue,Los Angeles,213-937-5733,asian,167,Le Chardonnay,8284 Melrose Avenue,Los Angeles,213-655-8880,french bistro,12
514,0,ferrier,29 E 65th St,New York,212-772-9000,french,238,John's Pizzeria,48 W 65th St,New York City,212-721-7001,pizza,618
515,0,Hong Kong Villa,2332 Clement Street,San Francisco,415-752-8833,asian,481,Bill's Place,2315 Clement Street,San Francisco,415-221-5262,hamburgers,721
516,0,the bacchanal,3570 Las Vegas Boulevard South,Las Vegas,702-731-7525,only in las vegas,449,Spago (Las Vegas),3500 Las Vegas Boulevard South,Las Vegas,702-369-6300,californian,670
517,0,The Bacchanal,3570 Las Vegas Boulevard South,Las Vegas,702-731-7525,only in las vegas,449,Madame Ching's,3300 Las Vegas Boulevard South,Las Vegas,702-894-7111,asian,662
518,1,Arnie Morton's of Chicago,435 S La Cienega Boulevard,Los Angeles,310-246-1501,american,0,Arnie Morton's of Chicago,435 S La Cienega Boulevard,Los Angeles,310-246-1501,steakhouses,0
519,0,citrus,6703 Melrose Avenue,Los Angeles,213-857-0034,californian,6,mo better meatty meat,7261 Melrose Avenue,Los Angeles,213-935-5280,hamburgers,579
520,0,Bugsy's Diner,3555 Las Vegas Boulevard South,Las Vegas,702-733-3111,coffee shops/diners,431,Michael's (Las Vegas),3595 Las Vegas Boulevard South,Las Vegas,702-737-7111,continental,664
521,0,Tavola Calda,7371 Melrose Avenue,Los Angeles,213-658-6340,italian,165,Sweet Lady Jane,8360 Melrose Avenue,Los Angeles,213-653-7145,desserts,596
522,0,lespinasse,2 E 55th St,New York,212-339-6719,american,43,dawat,210 E 58th St,New York City,212-355-7555,indian,32
523,0,vong,200 E 54th St,New York,212-486-9592,american,373,dawat,210 E 58th St,New York City,212-355-7555,indian,32
524,1, chin's ,3200 Las Vegas Blvd S,Las Vegas,702-733-8899,asian,67, chin's ,3200 Las Vegas Blvd S,Las Vegas,702-733-8899,chinese,67
525,0,Il Nido,251 East 53rd Street,New York,212-753-8450,italian,267,Seryna,11 East 53rd Street,New York City,212-980-9393,japanese,59
526,0,Jean Lafitte,68 W 58th St,New York,212-751-2323,french,272,Petrossian,182 W 58th St,New York City,212-245-2214,russian,52
527,0,mikado,3400 Las Vegas Boulevard South,Las Vegas,702-791-7111,asian,446,steak house the,2880 Las Vegas Boulevard South,Las Vegas,702-734-0410,steakhouses,72
528,0,Luna Si,1931 Peachtree Road,Atlanta,404-355-5993,continental,405,Ritz-Carlton Restaurant,181 Peachtree Street,Atlanta,404-659-0400,french (classic),91
529,0,Four Seasons Grill Room,99 E 52nd St,New York,212-754-9494,american,34,21 Club,21 W 52nd St,New York City,212-582-7200,american (new),23
530,0,Golden Steer,308 W Sahara Ave,Las Vegas,702-384-4470,steak houses,441,Mayflower Cuisinier,4750 W Sahara Ave,Las Vegas,702-870-8432,chinese,663
531,0,Camille's,1186 North Highland Avenue,Atlanta,404-872-7203,italian,388,Carmine's,2450 Broadway,New York City,212-362-2200,italian,28
532,0,em press court,3570 Las Vegas Boulevard South,Las Vegas,702-731-7888,asian,438,buccaneer bay club,3300 Las Vegas Boulevard South,Las Vegas,702-894-7350,continental,657
533,0,felidia,243 e 58th st,New York,212-758-1479,italian,33,petrossian,182 w 58th st,New York City,212-245-2214,russian,52
534,0,Viva Mercado's,6182 W Flamingo Road,Las Vegas,702-871-8826,mexican,451,Tillerman The,2245 E Flamingo Road,Las Vegas,702-731-4036,steakhouses,73
535,0,Coyote Cafe,3799 Las Vegas Boulevard South,Las Vegas,702-891-7349,southwestern,68,Morton's of Chicago,3200 Las Vegas Boulevard South,Las Vegas,702-893-0703,steakhouses,667
536,0,Le Colonial,149 E 57th St,New York,212-752-0808,asian,286,Lutece,249 E 50th St,New York City,212-752-2225,french (classic),44
537,0,tomtom,3393 Peachtree Road,Atlanta,404-264-1163,continental,422,Original Pancake House,4330 Peachtree Road,Atlanta,404-237-4116,american,708
538,0,Palisades,1829 Peachtree Road,Atlanta,404-350-6755,continental,410,Ritz-Carlton Cafe (Buckhead),3434 Peachtree Road NE,Atlanta,404-237-2700,american (new),89
539,1,Art's Delicatessen,12224 Ventura Blvd.,Studio City,818-762-1221,american,1,Art's Deli,12224 Ventura Blvd.,Studio City,818-762-1221,delis,1
540,1,Carnegie Deli,854 7th Avenue between 54th and 55th Sts,New York,212-757-2245,delicatessen,29,Carnegie Deli,854 Seventh Avenue,New York City,212-757-2245,delis,29
541,0,orso,322 W 46th St,New York,212-489-7212,italian,316,Island Spice,402 W 44th St,New York City,212-765-1737,caribbean,37
542,0,Annie's Thai Castle,3195 Roswell Road,Atlanta,404-264-9546,asian,381,La Fonda Latina,4427 Roswell Road,Atlanta,404-303-8201,spanish,701
543,0,Judson Grill,152 West 52nd Street,New York,212-582-5252,american,276,21 Club,21 West 52nd Street,New York City,212-582-7200,american (new),23
544,0,Manhattan Ocean Club,57 W 58th St,New York,212-371-7777,seafood,45,Les Celebrites,155 W 58th St,New York City,212-484-5113,french (classic),42
545,0,Teresa's,103 1st Ave between 6th and 7th Sts,New York,212-228-0604,east european,358,Teresa's,80 Montague St,Queens,718-520-2910,polish,647
546,0,toulouse,1200 Peachtree Street NE,Atlanta,404-351-9533,french,92,Palm Atlanta,3391 Peachtree Road NE,Atlanta,404-814-1955,steakhouses,709
547,0,citrus,6703 Melrose Avenue,Los Angeles,213-857-0034,californian,6,Johnny Rockets,7507 Melrose Avenue,Los Angeles,213-651-3361,american,564
548,0,Cafe Pierre,2 East 61st St,New York,212-940-8185,french,203,Lespinasse,2 East 55th St,New York City,212-339-6719,asian,43
549,0,yoyo tsumami bistro,1611 Post Street,San Francisco,415-922-7788,french,530,mifune,1737 Post Street,San Francisco,415-922-0337,japanese,107
550,0,Dining Room Ritz-Carlton,3434 Peachtree Road,Atlanta,404-237-2700,international,90,Ritz-Carlton Cafe,3434 Peachtree Road NE,Atlanta,404-237-2700,american (new),89
551,0,steak house,2880 Las Vegas Boulevard South,Las Vegas,702-734-0410,steak houses,72,Michael's,3595 Las Vegas Boulevard South,Las Vegas,702-737-7111,continental,664
552,0,Des Alpes,732 Broadway,San Francisco,415-788-9900,french,468,Montrachet,239 W Broadway,New York City,212-219-2777,french bistro,49
553,0,Bugsy's Diner,3555 Las Vegas Boulevard South,Las Vegas,702-733-3111,coffee shops/diners,431,Chin's,3200 Las Vegas Boulevard South,Las Vegas,702-733-8899,chinese,67
554,0,Jewel of India,15 W 44th St,New York,212-869-5544,asian,273,Virgil's Real BBQ,152 W 44th St,New York City,212-921-9494,bbq,66
555,0,shaan,57 W 48th St,New York,212-977-8400,asian,349,Manhattan Ocean Club,57 W 58th St,New York City,212-371-7777,seafood,45
556,0,fleur de jour,348 East 62nd Street,New York,212-355-2020,coffee bar,245,la grenouille,3 East 52nd Street,New York City,212-752-1495,french (classic),623
557,0,dive !,10250 Santa Monica Boulevard,Los Angeles,310-788-0000,dive american,128,Cafe Blanc,9777 Little Santa Monica Boulevard,Beverly Hills,310-888-0108,pacific new wave,546
558,0,bizou,598 Fourth Street,San Francisco,415-543-2222,french,459,Cucina di Pesce,87 E Fourth Street,New York City,212-260-6800,seafood,608
559,0,tillerman,2245 East Flamingo Road,Las Vegas,702-731-4036,seafood,73,Fiore Rotisserie & Grille,3700 West Flamingo Road,Las Vegas,702-252-7702,italian,660
560,0,petrossian,182 West 58th Street,New York City,212-245-2214,french,52,dawat,210 East 58th Street,New York City,212-355-7555,indian,32
561,0,Le Chardonnay,8284 Melrose Avenue,Los Angeles,213-655-8880,french,12,Johnny Rockets,7507 Melrose Avenue,Los Angeles,213-651-3361,american,564
562,0,Bamboo Garden,4850 Flamingo Road,Las Vegas,702-871-3262,asian,425,Tillerman The,2245 E Flamingo Road,Las Vegas,702-731-4036,steakhouses,73
563,0,Cafe Bizou,14016 Ventura Boulevard,Sherman Oaks,818-788-3536,french,3,Sushi Nozawa,11288 Ventura Boulevard,Studio City,818-508-7017,japanese,595
564,0,bistango,1100 Peachtree St,Atlanta,404-724-0901,mediterranean,386,Morton's of Chicago (Atlanta),303 Peachtree St NE,Atlanta,404-577-4366,steakhouses,704
565,0,Circus Circus,2880 Las Vegas Boulevard South,Las Vegas,702-734-0410,buffets,437,Madame Ching's,3300 Las Vegas Boulevard South,Las Vegas,702-894-7111,asian,662
566,0,abbey,163 Ponce de Leon Avenue,Atlanta,404-876-8532,international,379,majestic,1031 Ponce de Leon Avenue,Atlanta,404-875-0276,diners,703
