id,label,left_title,right_title
0,0,,
1,0,,
2,1,,
3,0,,
4,1,HP Xeon E5607 BL460c G7,HP Xeon E5607 BL460c G7
5,0,,
6,0,,
7,0,HP 72-GB 15K 3.5 DP SAS HDD HP 417190-002,HP 72-GB 6G 15K 2.5 DP SAS
8,0,,
9,0,Apple Mac Mini Aluminum Unibody 2.6GHZ Dual Core i5 (Late 2014) MGEN2LL/A,"Apple MacBook Pro 13-inch 2.9GHz Core i7 (Retina, Late 2012) MD213LL/A"
10,0,Gigabyte Radeon RX 580 Gaming 4GB GDDR5 PCIe Graphics Card,AMD Radeon Pro WX 4100 4GB
11,0,HP BL460c G8 Intel Xeon E5-2650L 1.8GHz,HP BL460c G7 Intel Xeon E5607
12,0,,
13,0,,
14,0,,
15,0,,
16,0,"Seagate ST31000524NS 1TB 7200RPM 3.5"" SATA","HP G8/G9 658071-B21 500GB 7200RPM 3.5"" SATA"
17,0,HP Xeon E5504 2.0GHz,HP Xeon E5335 2.0GHz
18,1,,
19,0,Samsung 840 EVO SSD MZ-7TE1250BW 1TB SATA 6Gb/s,WD Blue WDS100T1B0A SSD 1TB SATA 6Gb/s
20,0,ASUS PCE-AC55BT,Asus PCE-AC55BT
21,0,Dell PowerEdge DL360R G3 Xeon 2.8GHz 512MB,Compaq ProLiant ML530R G3 Xeon 3.0GHz 1GB
22,0,,
23,0,,
24,0,RAM 8GB 2RX8 10600 9 UDIMM,HP Original 500670-B21 CNJ 2GB 240P PC3-10600 CL9 18c 128x8 DDR3-1333 1.5V ECC UDIMM
25,1,,
26,0,,
27,0,,
28,0,Asus Xonar Essence STX II 7.1,Asus DUAL-GTX1060-3G
29,0,Lenovo ThinkPad 11e Chromebook Celeron N3160 4GB RAM 16GB,Open Box Lenovo ThinkPad Yoga 11e G3 Celeron N3160 4GB 16GB
30,0,Corsair CMU32GX4M4C3000C15,Corsair Vengeance LED CMU64GX4M4C3000C15
31,0,HP Pavilion 32 Monitor,"Apple iPad Pro Wi-Fi 12.9"" ML0G2LL/A"
32,0,Corsair Obsidian 350D Micro ATX Case - Black,Corsair Carbide Series 400Q Mid Tower Case
33,0,Kingston 256MX64 DDR2-800 CL5,Kingston ValueRAM - DDR3 8GB
34,0,,
35,1,Corsair AX860i,Corsair AX860i 80+ Platinum
36,0,HP Xeon L5335 2.0GHz,Intel Xeon E7-4830
37,1,Logitech C270 3MP 1280 x 720pixels USB 2.0 Black,WebCam HD C270
38,0,,
39,0,HP ZBook Studio G3 Xeon E3-1505M 16GB 512GB SSD M1000 4GB 15.6 4K W7Pro,Asus ROG G501VW-FW106T i7-6700HQ 8GB 1TB Nvidia GTX960 2GB W10 15.6
40,1,Intel Core i7-4790 Processor,S1150 Core i7-4790
41,0,,
42,0,HP 804587-B21 G8/G9 240GB SATA SSD,Intel DC S3500 Series 120GB SATA SSD
43,0,,
44,0,,
45,0,PNY Elite Performance 64GB SDXC,Sandisk Extreme microSDXC 64GB
46,1,,
47,1,Dell PowerEdge DL580R G2 Xeon 2.8GHz,Dell PowerEdge DL580R G2 Xeon 2.8GHz
48,1,,
49,1,,
50,0,Dell PowerEdge ML350T G4p Xeon 3.2GHz 2MB Cache 512MB,HP ProLiant DL370 G6 Xeon E5540 2.53GHz
51,1,,
52,0,,
53,0,,
54,0,,
55,0,,
56,0,,
57,0,,
58,0,NETGEAR ReadyNAS 212 Diskless Network Attached Storage,WD Black 6TB
59,0,,
60,1,,
61,0,,
62,0,HP Intel Xeon E7-4830,HP Xeon X7560 2.26GHz
63,0,,
64,1,,
65,0,233609-001 SA 5I for ML370 G2,495942-B21 HP E5506 2.13GHz
66,0,,
67,1,,
68,0,,
69,1,,
70,0,HP 512MB DDR 200MHz,HP Proliant ML350 G4p PS
71,0,,
72,0,,
73,0,,
74,1,,
75,0,"Apple MacBook Air 13"" i5/1.8GHz/8GB/256GB","MacBook Pro Touch Bar 15"" 256GB Space Gray"
76,0,,
77,0,,
78,0,,
79,0,ST1000DM003,Western Digital WD60EFRX 6TB SATA 6Gb/s HDD
80,1,,
81,0,,
82,1,,
83,0,,
84,0,HP Intel Xeon E7-4820,Intel Xeon E7-4820
85,0,,
86,0,Apple Smart Keyboard for 10.5-inch iPad Pro,Apple 12.9-inch iPad Pro Wi-Fi 32GB
87,0,HP Xeon E5506 2.13GHz BL280c G6,HP Xeon E5506 2.13GHz BL280c G6
88,0,,
89,0,ASUS Crosshair V Formula-Z,ASRock Fatal1ty 990FX Killer
90,0,,
91,0,,
92,1,,
93,0,,
94,0,Apple iPad Pro Wi-Fi + Cellular 32GB Rosa Oro,Apple iPad Pro Wi-Fi 128GB Gris
95,0,,
96,0,Western Digital RE 6TB SATA 128MB 3.5,WD Black 7200RPM 64MB 3.5
97,0,HP 512MB PC2-5300 ECC DIMM,HP 2GB FBD PC2-5300
98,0,,
99,0,Apple iPad Pro 128GB Gris,Apple iPad Pro 12.9-Inch Charcoal Gray Smart Cover
100,0,,
101,0,Seagate Barracuda 7200.14 1TB,HP G8 G9 3-TB 6G 7.2K
102,0,HP Wide Ultra3 SCSI Adapter,HP NC340T Server Adapter
103,0,,
104,1,,
105,1,,
106,0,,
107,0,,
108,0,,
109,0,,
110,0,,
111,0,Dell 73GB U320 NHP 15K,Fujitsu 73GB 10K SAS
112,0,"Seagate ST2000DM001 2TB 3.5"" SATA 6Gb/s HDD","Seagate ST2000DM001 2TB 3.5"" SATA 6Gb/s HDD"
113,0,,
114,1,,
115,0,Gigabyte GA-H110M-S2HP,Asus STRIX Z270G GAMING
116,1,,
117,0,"Seagate ST3750330NS 750GB 15K 3.5"" SATA","Seagate ST1000DM003 1TB 7200RPM 3.5"" SATA"
118,1,Lenovo ThinkPad 14 Sleeve Black,ThinkPad 14 inch Sleeve
119,0,Kingston ValueRAM KVR13N9S8HK2/8,DDR3 SO DIMM 4GB
120,0,Flaptop Sleeve MacBook Air 13,AmazonBasics 13.3-Inch Laptop Sleeve Black
121,0,Corsair SP120 High Performance Static Pressure Twin,Corsair Carbide Series Air 240 Black Mini Tower Case CC-9011070-WW
122,0,,
123,0,,
124,0,Asus PCE-AC51 Wi-Fi Adapter for Desktop Computer/Notebook,Corsair Vengeance Pro CMY16GX3M2A2133C11
125,0,,
126,0,,
127,0,Dell XPS 12 Ultrabook,HP Ultrabook
128,1,,
129,1,,
130,0,"Asus GeForce GTX 1070 Ti Turbo Boost PCIe 3.0 Graphics Card, 8GB GDDR5",Asus DUAL-GTX1060-3G
131,1,Intel Core i5-3570 3.4GHz Quad-Core Processor,Intel Core i5-3570
132,0,,
133,1,,
134,0,,
135,0,Asus Xonar Essence STX II 7.1,Gigabyte Radeon RX 550 2GB
136,1,,
137,0,,
138,0,,
139,0,,
140,1,AMD FX8350 Black Edition,AMD FX8350 Black Edition
141,0,Asus ROG Strix Z270G GAMING,Asus B250M-A PRIME
142,0,,
143,0,,
144,0,HP Smart Array P600/512 Controller,HP Smart Array P420/2GB with FBWC
145,0,,
146,0,,
147,1,HP 15.6-inch Spectrum Sleeve Ladies Edition,HP 15.6 Valentine
148,0,,
149,0,,
150,0,WD Red 2TB WD20EFRX,WD Blue 4TB Desktop Hard Disk Drive - 5400 RPM SATA 6 Gb/s 64MB Cache 3.5 Inch WD40EZRZ-US
151,1,HP 36.4GB Hot Plug 15K Ultra3 HDD,HP 36.4GB U160 SCSI HPLUG 15K HDD
152,1,,
153,0,,
154,0,,
155,0,,
156,0,,
157,0,,
158,0,,
159,1,,
160,0,Apple iMac 27-inch 3.5GHz Quad-core i7 (Late 2013),Apple 21.5 2.7GHz Intel Quad-Core i5
161,1,TP-Link TL-SF1005D 5 Port 10/100M Unmanaged Desktop Switch,TP-Link TL-SF1005D Switch 5 Puertos 10/100
162,0,,
163,1,,
164,1,,
165,1,NZXT Phantom 530 Full Tower Gaming Case - Black,NZXT Phantom 530 Negra
166,0,,
167,0,,
168,0,,
169,0,,
170,0,,
171,1,,
172,0,HP Smart Array 641 Controller,HP Smart Array 3200
173,0,,
174,0,HP Xeon E78867 2.13GHz BL680c G7,HP Xeon E5506 2.13GHz DL380 G6
175,0,,
176,1,,
177,0,,
178,0,,
179,0,,
180,0,,
181,0,,
182,0,,
183,0,Intel EXPI9301CT Gigabit PCI-Express Network Adapter,TLSG1005D SWITCH 5P GIGALAN
184,1,4GB 2666MHZ DDR4 CL15,Kingston 4GB PC4-21300 288-pin DDR4 SDRAM DIMM
185,0,HP Pavilion 32 Monitor,HP Pavilion 570-p060na Desktop
186,1,,
187,0,,
188,0,,
189,0,,
190,0,ASUS H81I-PLUS,ASUS H170M-E D3
191,0,Corsair Vengeance RGB 16GB (2x8GB) DDR4 PC4-21300 2666MHz Dual Channel Memory Kit,Corsair 16GB DDR4 SDRAM Upgrade Kit
192,0,,
193,0,,
194,0,,
195,0,325134-001 DL580R G2 (2P) Xeon 2.8GHz,359031-B21 BL20P G2 Xeon 3.2GHz
196,0,Asus PCE-AC55BT,TP-Link TL-WDN4800
197,1,,
198,0,,
199,1,Kingston Digital 128GB SDXC Class 10 UHS-I,Kingston Digital 128GB SDXC Class 10 UHS-I
200,0,,
201,1,,
202,0,,
203,0,"HP 80GB 1.5G 7200RPM 3.5"" SATA HDD DL320 G4","HP 500GB 1.5G 7200RPM 3.5"" NHP SATA"
204,0,HP 400-GB 6G SAS SLC SSD,Seagate 2-TB 7.2K SATA
205,1,,
206,1,,
207,0,,
208,0,Sandisk Extreme Pro Compact Flash 160MB/s 32GB,Kingston High Speed SD Memory Card 64GB
209,0,,
210,1,,
211,0,,
212,1,,
213,0,,
214,0,,
215,1,Sandisk iXpand 64GB Zilver,SanDisk iXpand USB Flash Drive 64GB
216,0,,
217,0,,
218,1,Apple Smart Cover for iPad Pro 12.9,Smart Cover APPLE para iPad Pro 12.9
219,0,,
220,0,,
221,0,,
222,0,,
223,0,Corsair Carbide Series 400Q Silent Mid Tower Case CC-9011100-WW,Corsair Air Series AF140 Quiet Edition CO-9050009-WW
224,0,323146-B21 BL20p Xeon 3.06GHz,293461-B21 BL40P Xeon 1.5 1MB 1P Blade
225,0,,
226,0,,
227,1,,
228,0,,
229,1,,
230,1,,
231,0,HP Rail Kit for ML370 G2/G3,HP 512 MB PC300 DDR RAM
232,0,LAPTOP SSHD SS HYBRID SATA1000,WD Green WDS240G1G0A 240GB SATA 6Gb/s
233,1,,
234,0,,
235,0,,
236,0,,
237,0,,
238,0,,
239,0,,
240,1,,
241,0,,
242,0,,
243,0,,
244,1,,
245,0,,
246,1,,
247,0,,
248,0,Samsung 750 EVO 500GB SSD MZ-750500BW,Samsung 1TB 850 EVO SSD MZ-75E1T0B
249,1,Asus PRIME Z270M-PLUS,ASUS PRIME Z270M-PLUS
250,1,,
251,0,,
252,0,Intel Core i3-4150 3.50GHz (Haswell) Socket LGA1150 Processor,Intel Core i5 6600K / 3.5 GHz processor
253,0,,
254,0,Corsair Vengeance LPX DDR4 16GB (2x8GB) DIMM,Corsair Vengeance LPX DDR4 16 GB: 2 x 8 GB
255,0,,
256,1,,
257,0,,
258,0,,
259,0,,
260,0,,
261,1,,
262,0,,
263,0,Gigabyte GA-Z270N-WIFI,GIGABYTE Z370M D3H
264,1,,
265,0,,
266,0,Corsair Vengeance LED CMU32GX4M4C3000C15,Corsair Vengeance LPX Black 32GB (2x16GB) DDR4 PC4-24000 3000MHz Dual Channel Kit CMK32GX4M2B3000C15
267,0,HP DL380 G6 2P X5560 12GB,HP 72-GB 6G 15K 2.5 DP SAS HDD
268,0,,
269,1,,
270,0,,
271,0,,
272,0,,
273,1,,
274,0,Asus DUAL-GTX1060-3G,Zotac GeForce GTX 1050 Ti 4GB OC Edition
275,0,,
276,0,,
277,0,,
278,0,,
279,0,,
280,0,,
281,1,,
282,1,XL2430,XL2430 MON ZOWIE
283,0,,
284,0,,
285,1,,
286,1,,
287,1,,
288,1,Gigabyte GA-H110M-S2HP,Gigabyte H110M-S2HP
289,0,,
290,0,,
291,1,Corsair Carbide Series 400R Mid Tower ATX Gaming Computer Case CC-9011011-WW,Corsair Carbide Series 400R Mid Tower ATX Gaming Computer Case CC-9011011-WW
292,0,Acer Swift 1 SF113-31-P4A2 Pink,Intel Xeon E5-2603 / 1.8 GHz processor
293,1,HP Power Bank para ordenadores portátiles@es EliteBook 850 G3 i5-6200u 8GB 256GB SSD,HP Power Bank para ordenadores portátiles@es ProBook 470 G4 i5-7500U 8GB 1TB Nvidia GT930
294,0,,
295,0,HP NC373F PCI Express Multifunction Gigabit Server Adapter,230534-B21 HP 40-GB Ultra ATA 100 7.2K
296,1,,
297,0,Apple iPad Pro 128GB,Apple 12.9-inch iPad Pro Wi-Fi - tablet 32 GB
298,0,,
299,0,Apple iPad Pro Smart Keyboard 12.9,Apple iPad Pro 10.5 Midnight Blue Smart Cover
300,0,Gigabyte GA-H170N-WIFI LGA1150 Motherboard,Gigabyte SSD (GB-BKI3HA-7100)
301,0,HP MSL5026 SDLT RackMount Tape Library,HP Storageworks Internal
302,0,,
303,1,,
304,0,Targus Essential 15-15.6 Backpack Black,Lenovo Professional Backpack (Black) for 15.6 inch ThinkPad Notebooks
305,0,,
306,0,,
307,0,,
308,0,,
309,0,,
310,1,SanDisk 32GB Ultra microSD High Capacity UHS-1,SanDisk 32GB Ultra microSD High Capacity UHS-1
311,1,,
312,0,Intel Xeon 2.8GHz 512MB,Dell PowerEdge DL760 G2 (8P) Xeon 2.5GHz
313,0,"HP 628061-S21 G8/G9 3TB 6G 7.2K 3.5"" SATA","HP 454141-002 500GB 7.2K 3.5"" SATA"
314,0,,
315,0,,
316,1,,
317,0,HP Xeon X3330 2.66GHz,HP Xeon E5335 2.0GHz
318,0,Asus M5A97 R2.0,Z170A PC Mate LGA1151 ATX
319,1,,
320,0,,
321,1,,
322,0,,
323,0,,
324,0,,
325,0,,
326,1,,
327,0,,
328,0,,
329,0,,
330,0,HP 500GB HDD,HP 500GB HDD
331,0,Corsair Obsidian 350D Micro ATX Case - Black,Cooler Master MasterCase Pro 3 Micro ATX Computer Case
332,0,,
333,1,Asus VivoBook Pro N552VX-FY024T i7-6700HQ 8GB 1TB Nvidia GTX950 4GB W10,Asus VivoBook Pro N552VX-FY024T i7-6700HQ 8GB 1TB Nvidia GTX950 4GB W10
334,0,,
335,0,,
336,0,,
337,0,,
338,0,,
339,1,,
340,0,,
341,1,,
342,0,,
343,0,,
344,1,Apple MJYR2LL/A Smart Keyboard for 12.9-inch iPad Pro,MJYR2LL/A Apple iPad Pro Smart Keyboard
345,0,,
346,0,Housse noire HP Ultrabook 14.1,HP ProBook 640 G3 i5-7200u 8GB 256GB SSD
347,1,M Rock Ships New Camera Bags for Mini-Cams & Cameras with Lenses,Western Digital Caviar Blue 1TB SATA 6Gb/s 7200RPM
348,0,,
349,0,Corsair Air Series SP120 PWM High Performance Edition Single Pack,Corsair Obsidian 350D Micro ATX Case
350,1,,
351,0,,
352,0,,
353,1,Mac Mini i5 8/1TB Iris Graphics,Mac Mini Qc I5 2.6ghz/8gb/1tb/Iris Graphics
354,0,,
355,1,HP 512MB PC2-5300 ECC DIMM,HP 512MB PC2-5300 ECC DIMM
356,1,Zebra ZXP7,Zebra Stampante Card ZXP7
357,0,,
358,0,,
359,0,,
360,0,,
361,0,,
362,0,,
363,0,,
364,0,,
365,0,,
366,0,HP Intel Xeon MP 2.2GHz DL560,HP Xeon E5506
367,0,,
368,0,"HP EliteDisplay E240 Monitor mit 60,4 cm (23,8) Diagonale",HP Signature Slim Topload-Tasche 14''
369,1,,
370,0,Intel Core i5-4590 3.3Ghz,Core i3-6300 2Core 3.8Ghz
371,0,,
372,0,,
373,0,Apple MJVM2LL/A,Apple iMac 21.5
374,0,,
375,0,,
376,0,,
377,0,MSI Z170I Gaming Pro AC,Asus B250M-A PRIME
378,0,HP 487364-001 DL580 G5 4-Core E7440 2.4GHz/16MB 4P 8GB,HP 533993-B22 Xeon E7400 2.8GHz DL120
379,0,,
380,0,Apple Smart Case iPad Air 2 Azul,Apple Smart Cover iPad Pro 2017 10.5 Roze
381,0,DGS-3308FG,HP 15.6 Valentine
382,0,,
383,0,Apple iPad Pro 12.9 Retina Display 256GB WiFi Space Gray,Apple iPad Pro 12.9 Inch Wi-Fi 32GB Gold
384,1,,
385,0,,
386,0,,
387,0,HP Intel Xeon E5-2650L 1.8GHz BL460c,HP Xeon E5506
388,0,AMD A6 6400K,AMD FX-8320E
389,0,Kingston Class 10 UHS-I SDXC 64GB,SanDisk Extreme MicroSDXC 90MB/s UHSI V30 Card 64GB
390,1,HP Smart Array P-Series Low Profile BBWC Battery Pack,452348-B21 HP SA P700M Battery Option Kit
391,0,,
392,0,ASUS H81M-PLUS Intel H81 Micro ATX Motherboard Socket 1150,Asus STRIX Z270G GAMING
393,0,,
394,0,,
395,1,,
396,0,,
397,1,,
398,1,,
399,0,,
400,1,,
401,0,,
402,0,,
403,0,,
404,0,,
405,1,,
406,0,,
407,0,HP 72.8GB Ultra320 SCSI Universal 10K,BD1465822C HP 146.8-GB 10K FC-AL
408,0,Asus Crosshair V Formula-Z,Asus H81-PLUS
409,0,,
410,1,Gigabyte GA-H170N-WIFI,Gigabyte GA-H170N-WIFI
411,1,,
412,0,,
413,0,,
414,0,,
415,0,,
416,0,,
417,0,McAfee LiveSafe 12 mois + 3 gratuits,HP Chroma hoes
418,0,,
419,0,,
420,0,Intel Xeon 359031-B21 BL20P G2 3.2GHz 2M (2P),HP BL10e G2 40GB Server Blade
421,0,,
422,0,HP NC373F PCI Express Multifunction Gigabit Server Adapter,238590-B21 HP 36.4-GB 10K FC-AL HDD
423,1,,
424,0,,
425,0,,
426,0,,
427,0,,
428,0,Intel Core i5 7600K,Intel Core i5 6400
429,1,,
430,0,,
431,0,,
432,0,,
433,0,NZXT S340 USB 3.0,ASRock Fatal1ty 990FX
434,0,,
435,1,Crucial 8GB (1 x 8GB) DDR4-2133 Memory,Crucial 8Go 2133 MHz
436,0,TP-Link TL-WN781ND,TP-LINK TL-WDN4800
437,0,,
438,0,,
439,0,,
440,1,,
441,0,,
442,0,,
443,0,,
444,0,,
445,1,HP 11.6 Chroma Hoes Reversible Case Black/Blue,HP 11.6 Chroma Hoes Accessory
446,1,Apple iPad Air 2 Midnight Blue Smart Case,Smart Case Apple para iPad Air 2 Azul
447,0,,
448,1,DDR3 SO DIMM 4GB PC1600 CL11,Kingston ValueRAM DDR3-1600
449,0,323146-B21 BL20P G2 (1P) Xeon 3.06GHz,359031-B21 BL20P G2 Xeon 3.2GHz 2M
450,0,Asus PRIME Z270M-PLUS,Asrock Intel Z270M Extreme4
451,0,,
452,0,,
453,0,,
454,0,,
455,1,,
456,1,Asus Essence STX II 7.1,Asus Xonar Essence STX II 7.1
457,1,,
458,1,,
459,0,,
460,0,,
461,0,,
462,1,,
463,0,,
464,0,,
465,0,case Logic LAPS116K 16 Sleeve Negro,HP ZBook Studio G3 i7-6700HQ 8GB 256GB SSD M1000
466,0,,
467,0,WD 6TB My Cloud Personal Network Attached Storage,DS1517+ 5 Bay Synology Desktop NAS
468,0,,
469,0,,
470,0,Gigabyte GA-B250M-D3H Micro ATX LGA1151 Motherboard,Asus B250M-A PRIME
471,0,HP DL380 G6 2P X5550 2.66GHz 12GB,HP Xeon E5506 2.13GHz DL380 G6
472,0,,
473,1,,
474,0,340769-001 Tape Drives Suppliers,HP 199679-001 10/20-GB Ext SCSI
475,0,,
476,0,,
477,0,,
478,1,AMD Ryzen 5 1600X,AMD Ryzen 5 Six Core 1600X
479,0,,
480,1,,
481,0,,
482,0,,
483,1,,
484,0,,
485,1,,
486,0,,
487,0,,
488,0,ProDesk 600 SFF,StarTech TX3 Replacement Fan
489,0,,
490,0,,
491,1,,
492,0,,
493,0,,
494,0,,
495,0,,
496,1,,
497,0,,
498,0,,
499,0,,
500,0,,
501,0,,
502,1,Gigabyte Brix GB-BXBT-2807 Intel Celeron (Baytrail) DDR3 Barebones PC,Gigabyte BRIX GB-BXBT-2807
503,0,TP-Link TL-WN951N,Asus PCIe AC55BT
504,0,449363-B21 HP SC40Ge Host Bus Adapter,391661-B21 HP NC340T Server Adapter
505,0,HP Pavilion 15 CC109NA Laptop,HP Pavilion 32 Monitor
506,1,AMD FX-4300,AMD FX 4300
507,0,Intel Xeon E5-2609V2 2.5GHz,"HP G8/G9 960GB 2.5"" SATA LE 6G EL SSD"
508,0,Intel Core i7-6700K Boxed,INTEL CORE I5-7500 Processor 6M Cache 4 Cores 3.4GHZ Up to 3.8GHZ FC-LGA14C Retail Box
509,0,,
510,0,,
511,1,,
512,0,,
513,0,,
514,0,,
515,0,,
516,0,Asus VivoBook Pro N552VX-FY024T i7-6700HQ 8GB 1TB Nvidia GTX950 4GB W10,Asus ROG G501VW-FW106T i7-6700HQ 8GB 1TB Nvidia GTX960 2GB W10
517,0,,
518,0,D-Link DES 1008PA,TARJETA PCI GIGABIT ETHERNET
519,0,,
520,0,Gigabyte Realtek ALC255 SFF HDMI LAN SSD,Raidsonic Icy Box IB-AC6034-U3 Aluminium
521,0,,
522,0,ASUS TUF SABERTOOTH X99 Socket 2011-3 ATX,ASUS H170M-E D3 LGA1151 Socket H170
523,0,,
524,0,,
525,0,,
526,0,,
527,0,HP X5560 2.80GHz ML350 G6,HP Ethernet 1Gb 4-Port 366M Adapter
528,0,,
529,0,Gigabyte GA-Z170N-Gaming 5 - 1.0 motherboard mini ITX LGA1151 Socket,Gigabyte GA-Z270N-WIFI Intel Z270 (Socket 1151) DDR4 Mini-ITX Motherboard
530,0,,
531,0,,
532,0,,
533,1,,
534,0,"HP 6-TB 6G 7200RPM 3.5"" SAS HDD","HP G8/G9 3TB 6G 7200RPM 3.5"" SATA HDD"
535,0,,
536,1,,
537,0,,
538,1,340769-001,HP StorageWorks Internal DLT SCSI
539,1,Gigabyte GeForce GTX 1070 WINDFORCE OC 8GB,Gigabyte NVIDIA GeForce GTX 1070 WINDFORCE OC
540,0,,
541,0,,
542,1,,
543,1,,
544,0,,
545,0,StarTech.com SATDUP11,Seagate IronWolf 1TB
546,1,,
547,0,,
548,0,,
549,0,SeeThru MacBook Pro with Retina Display 13 Cases,Macbook Pro 13.3-inch Glossy 2.5Ghz Dual Core i5 Mid 2012
550,0,,
551,0,,
552,1,Apple iPad Pro 10.5-Inch Midnight Blue Smart Cover,Funda Smart Cover Ipad Pro 10.5 Azul Noche
553,0,ML530R G2 Xeon 3.0GHz 1GB,HP 400-GB 10K 3.5 DP NHP SAS HDD
554,1,,
555,1,,
556,0,,
557,0,,
558,0,,
559,0,,
560,1,,
561,1,,
562,0,,
563,0,,
564,0,,
565,1,,
566,0,,
567,0,,
568,0,Apple iPad Mini 4 128GB WiFi Silver,Apple 12.9-inch iPad Pro Wi-Fi 32GB
569,0,HP Intel Xeon X7560,Intel Xeon X7560
570,0,,
571,1,Logitech HD Pro C920,Webcam HD Pro C920
572,0,,
573,1,,
574,1,Asus GeForce GTX 1070 Turbo 8GB GDDR5,Asus TURBO-GTX1070-8G
575,1,,
576,1,,
577,0,Dell Vostro 14 5000,HP Spectre x360 13-ac004na
578,0,,
579,0,,
580,0,,
581,0,Apple Smart Keyboard and Folio Case English,Apple MJYR2LL/A Smart Keyboard for 12.9-inch iPad Pro
582,0,,
583,0,,
584,1,,
585,1,336047-B21 KVM USB Console Interface,336047-B21 KVM USB Console Interface
586,1,,
587,0,HPE Ethernet 1Gb 4-port 331T Adapter,AccelePort PCI XEM Host Adapter
588,0,,
589,0,,
590,0,,
591,0,Gigabyte GB-BXBT-2807 PC/estación de trabajo barebone,"Intel NUC5i5RYH BGA 1168 1.6GHz i5-5250U UCFF Negro, Plata"
592,1,,
593,0,TP-LINK TL-SG1005D 5-Port Gigabit Desktop Switch,D-Link DES-1008PA
594,1,,
595,0,AMD FX 6300,Intel Core i3 4150
596,0,,
597,1,,
598,0,,
599,0,,
600,1,,
601,0,CoolerMaster MasterCase Pro 3 Micro-ATX Gaming Case - Black,Corsair SPEC-02 ATX Mid Tower Case
602,0,,
603,0,,
604,0,Datalogic Palmare DL-Axist,Apple MacBook Air 13-inch Summer 2012
605,0,,
606,0,,
607,0,,
608,0,,
609,0,,
610,0,Asus PCE-AC55BT,Asus DUAL-GTX1060-3G
611,0,,
612,0,,
613,0,,
614,1,,
615,0,Asus ROG Strix Z270G Gaming Intel Z270 Micro ATX Motherboard,ASUS PRIME Z270M-PLUS Intel Z270 Micro ATX Motherboard
616,0,,
617,0,,
618,0,WD Black WD1003FZEX 1TB Desktop Internal Hard Drive,"Western Digital Red WD30EFRX 3TB 3.5"" NAS HDD"
619,0,,
620,0,Apple 12.9-inch iPad Pro Wi-Fi 256GB - Silver,Smart Cover Apple para iPad Pro 12.9
621,1,HP NC430T PCI-X Quad-port Gigabit server adapter,HP NC340T Server Adapter
622,0,Intel 800GB DC S3710 Series SATA 6Gb/s SSD,Intel 800GB DC S3610 Series SATA 6Gb/s SSD
623,0,,
624,0,,
625,0,,
626,1,,
627,1,"Apple MacBook Air 11"" Core i5 128GB Flash",MacBook Air 11-inch 128GB
628,0,,
629,0,,
630,0,HP DL380 G6 2P X5550 12GB,Dell PowerEdge R720 Xeon (2) 2.8GHz
631,1,Asus PCE-AC55BT,Asus PCE-AC55BT
632,0,,
633,0,Targus Eco Spruce 15-15.6 Laptop Backpack Black,HP Pavilion Power 15-cb008ns i7-7700HQ 8GB 1TB Nvidia GTX1050 2GB
634,0,WD BLUE,Western Digital WD1003FZEX 1TB Black HDD
635,1,Apple Mac mini DTS Core i5 2.6 GHz 8 GB 1 TB,Mac Mini Aluminum Unibody 2.6GHZ Dual Core i5 Late 2014 MGEN2LL/A
636,0,,
637,0,HP Pavilion x360 11-ad018ca,HP Workstation Z440 MT Xeon E5-1630V4 3.7 GHz 16 GB 1 TB
638,1,,
639,0,,
640,0,SanDisk 64GB Ultra SDXC UHS-I Memory Card,WD Black 2TB HDD
641,0,,
642,0,,
643,1,HP Smart Array 641 Controller,Hewlett Packard Enterprise Smart Array 641 Controller
644,0,,
645,0,,
646,0,Asus M5A99X PRO R2.0 AMD 990X Socket AM3+ DDR3 ATX Motherboard,GIGABYTE GA-990XA-UD3 AMD 990X AM3+ ATX DDR3 3PCI-E16 2PCI-E1 2PCI SLI SATA3 USB3.0 Motherboard
647,0,,
648,1,,
649,0,"HP 60GB 2.5"" SATA SSD DL165 G5","HP 300GB 3G 10K 2.5"" SAS HDD BL685c G7"
650,0,HP Xeon 2.8GHz,HP Intel Xeon MP 2.2GHz
651,0,,
652,0,,
653,1,,
654,0,,
655,1,,
656,0,Datalogic Palmare DL-Axist,Seagate Expansion Portable 1TB
657,0,,
658,0,HP Storageworks External,HP 199679-001 10/20-GB Ext SCSI DLT
659,1,,
660,1,,
661,0,,
662,0,,
663,0,Amazon Fire Kids Edition Tablet OS 5 Bellini 16GB,Lenovo ThinkServer RD350 Xeon E5-2609V4 1.7GHz 16GB
664,0,,
665,0,,
666,0,,
667,0,HP 629135-B21 Ethernet Adapter,HP Xeon E5335 2GHz
668,0,,
669,0,HP BL20p G2 X2.8GHz/1MB 512MB,BL20P G2 Xeon 2.8GHz (2P)
670,0,Corsair Carbide SPEC-03 Orange LED,ASRock Fatal1ty 990FX Killer
671,0,,
672,1,,
673,0,,
674,0,,
675,0,Gigabyte H110M-S2HP Micro-ATX,ASUS STRIX Z270G GAMING microATX LGA1151 Intel Z270 DDR4 SATA 3
676,0,Intel Core i5-7500,Intel Core i5 6600K
677,1,,
678,0,,
679,0,,
680,0,ThinkPad 14 inch Sleeve,ThinkPad Backpack Pro 15.6 Negro
681,0,,
682,1,,
683,0,,
684,0,,
685,0,AMD Ryzen Threadripper 1950X,AMD Ryzen 5 1400
686,0,AMD Athlon II X4 860K / 3.7 GHz,AMD A8-5600K
687,0,,
688,0,AMD Radeon Pro WX 4100 4GB,GRAFICA Dual-RX460-O2G
689,0,ASUS H81-PLUS,Asus H81M-PLUS
690,0,Intel Core i3-4340 Boxed,Intel Core i3-6300 Boxed
691,0,AMD FX-8320E 3.2GHz (4.0GHz Turbo) Socket AM3+ Desktop Processor,AMD A6-9500
692,1,,
693,1,Home Decor 8x8 Swatch Fabric-Waverly Sherborne Emb Opal,Western Digital Red WD30EFRX
694,0,,
695,0,Corsair Carbide SPEC-03 Orange Windowed,Corsair Carbide Series Quiet 400Q Compact Mid-Tower Case
696,1,,
697,1,,
698,0,,
699,1,,
700,0,,
701,0,WD Purple WD20PURZ 2TB,WD Blue WD40EZRZ 4TB
702,1,,
703,0,,
704,0,,
705,0,,
706,1,,
707,0,Micron LambdaTek Internal SSD,Transcend TS256GSSD370 256GB SATA 6Gb/s
708,0,,
709,0,,
710,1,,
711,0,,
712,0,PNY NVIDIA Quadro K1200 DVI,Gigabyte AMD Radeon RX Vega 56 8GB HBM2
713,0,Gigabyte GeForce GTX 1060 ITX Edition 6144MB GDDR5 PCI-Express Graphics Card (GV-N1060IXOC-6GD),GIGABYTE GeForce GTX 1060 3GB 8008 GDDR5 PCI-E 3.0 DVI/HDMI/3XDP Mini-ITX Video Card
714,0,,
715,0,,
716,1,,
717,0,,
718,1,,
719,0,,
720,0,,
721,0,Asus M5A99FX Pro R2.0,Asus Prime X299-Deluxe
722,0,,
723,0,Gigabyte GA-B250M-D3H 64GB DDR4 PCIEx16,Gigabyte H110M-S2HP
724,1,,
725,0,WEBCAM HD PRO C920,Phase One Schneider Kreuznach 120 mm f/4 LS Macro
726,0,,
727,0,HP Xeon E5607 2.26GHz BL460c G7,HP Xeon E5335 2.0GHz DL140 G3
728,1,,
729,0,,
730,0,,
731,1,,
732,1,HP 35.5 cm (14 tum) Signature Slim Topload,HP Signature Slim Topload
733,0,,
734,0,,
735,0,,
736,1,,
737,0,HP NC340T Server Adapter,HP 8GB (2x4GB) PC6400 SDRAM Kit
738,0,,
739,1,,
740,0,HP XTA-3510 300GB 10K FC-AL HDD,HP BD03655B28 36.4GB 10K FC-AL HDD
741,1,Zebra CBA-U42-S07PAR,Zebra CBA-U42-S07PAR
742,0,,
743,1,,
744,0,,
745,0,HP Pavilion Power 15-cb008ns i7-7700HQ 8GB 1TB Nvidia GTX1050 2GB,Asus ZenBook 3 Deluxe UX490UA-BE029T i5-7200u 8GB 256GB SSD
746,0,"HP 80GB 1.5G 7200RPM 3.5"" SATA HDD DL320 G3","HP 500GB 7200RPM 3.5"" SATA"
747,1,,
748,0,HP Spectre x360 13-ac004na,OMEN X by HP 17-ap000na
749,0,,
750,0,,
751,0,ASUS Transformer Mini T102HA D4 - 10.1 Atom x5 Z8350 4 GB RAM 128 GB,Apple iPad Mini 4 128GB WiFi Gold
752,0,Intel Xeon 306GHz,Intel Xeon 15 1MB
753,1,,
754,0,Gigabyte Radeon RX 580 Gaming 4096MB GDDR5 PCIe Graphics Card,AMD Radeon Pro WX 4100
755,1,,
756,0,Kingston HyperX Predator M.2 480GB,WD Green SATA 6Gb/s M.2 2280 Internal SSD
757,1,,
758,1,Apple iPad mini 4 Wi-Fi - tablet 128GB Silver,Apple iPad mini 4 Wi-Fi - tablet 128GB
759,0,HP Pavilion x360,HP Z440 Workstation
760,0,,
761,0,,
762,0,,
763,0,4GB DDR4 2133 MT/S,Kingston DDR4 SDRAM
764,0,,
765,0,,
766,0,,
767,1,,
768,0,,
769,0,,
770,0,Dell UltraSharp U2414H 60.5 cm LED LCD Monitor - 1920 x 1080,Macbook Air 13.3-inch Dual Core i5 (Mid 2012)
771,0,,
772,1,,
773,0,,
774,1,,
775,0,,
776,0,,
777,0,,
778,0,"WD Purple WD10PURX 1TB 3.5"" SATA 6Gb/s","Western Digital Caviar Blue WD40EZRX 4TB 3.5"" SATA 6Gb/s"
779,0,,
780,0,,
781,0,,
782,0,,
783,0,,
784,1,,
785,0,"HP G8 G9 756601-B21 960GB 2.5"" SATA LE 6G","SEAGATE BARRACUDA ES.2 ST3750330NS 750GB 3.5"" HDD"
786,0,,
787,0,,
788,0,Synology DS1517+,8GB 2133MHZ DDR4 ECC CL15 SODIMM
789,0,,
790,0,,
791,0,,
792,0,,
793,1,,
794,0,,
795,1,64GB 2133MHZ DDR4 CL14 DIMM,HyperX FURY - DDR4 64 GB: 4 x 16 GB
796,0,,
797,0,Dell Vostro 145000 Laptop,HP ENVY x360 Convertible Laptop
798,0,,
799,0,,
800,1,,
801,0,,
802,1,,
803,0,,
804,0,Asus ZenBook 3 UX390UA-GS042T i5-7200u 8GB 256GB SSD,HP ZBook Studio G3 i7-6700HQ 8GB 256GB SSD
805,0,,
806,0,,
807,0,,
808,1,Corsair Carbide Series Air 240 Black Mini Tower Case CC-9011070-WW,Corsair Carbide Series Air 240 Cube Micro ATX Corsair ATX CC-9011070-WW
809,1,,
810,1,Kingston 16GB MicroSD Class 10,Secure Digital MicroSD
811,0,,
812,0,TARJETA PCI EXPRESS RED WIFI N,TARJETA PCI GIGABIT ETHERNET
813,0,,
814,1,HP MSA50 10-Bay 1U Enclosure,364430-B21 HP MSA50 10-Bay 1U Enclosure
815,0,,
816,0,,
817,1,,
818,0,,
819,0,,
820,0,,
821,1,,
822,0,,
823,1,,
824,0,Seagate ST2000DM001 2TB SATA 6Gb/s HDD,"Western Digital Red WD10EFRX 1TB 3.5"" SATA 6Gb/s HDD"
825,0,,
826,0,Gigabyte 990XA-UD3 AMD 990X (Socket AM3+) DDR3 Motherboard,GA-Z270N-WIFI Mini-ITX Motherboard
827,0,,
828,0,,
829,0,,
830,1,,
831,0,,
832,0,,
833,0,Corsair Air Series SP120 PWM High Performance Edition Single Pack,Corsair Carbide Series Air 240 Black Mini Tower Case
834,1,,
835,0,,
836,0,,
837,0,,
838,0,,
839,1,,
840,1,,
841,1,,
842,0,,
843,0,Asus DUAL-GTX1060-3G,Gigabyte GeForce GTX 1060 ITX Edition
844,0,,
845,0,,
846,0,,
847,0,233609-001 SA 5I for ML370 G2,230994-001 HP Rail Kit for ML370 G2/G3
848,0,HP 2TB 6G 7.2K 3.5 SATA,Seagate 1TB 7.2K 3.5 SATA
849,0,,
850,0,HP 8GB (2x4GB) PC2-5300 LP SDRAM Kit,HP 2GB PC2-5300 SDRAM Module
851,0,,
852,1,,
853,0,,
854,0,,
855,0,345021-B21 BL20P G2 Xeon 3.2GHz 1GB (2P),300876-B21 BL20PG2 Xeon 2.8GHz 512 1P
856,1,,
857,0,HP ENVY x360 15-bp010ca,HP ENVY 13-ad015na Touchscreen
858,0,,
859,0,DISCO DURO INTERNO SOLIDO HDD SSD,Lenovo M.2 180GB SSD
860,0,,
861,0,HP E5410 2.33GHz ML370 G5,HP Xeon E5607 2.26GHz BL460c G7
862,0,,
863,0,AOC Value E2270SWDN Zwart,AMD Ryzen 5 1600X
864,0,Apple Smart Keyboard and Folio Case English MJYR2LL/A,Apple Smart Cover for 10.5-inch iPad Pro Midnight Blue MQ092ZM/A
865,0,HP Xeon E5506 2.13GHz,HP Xeon E5506
866,0,Kingston Fury Black 64GB (4x16GB) DDR4 PC4-19200C15 2400MHz Dual/Quad Channel Kit,Corsair 32GB PC4-25600 288-pin DDR4 SDRAM DIMM Kit
867,1,ASUS H81M-PLUS,Asus H81M-PLUS
868,1,,
869,0,,
870,0,Mac Mini Qc I5 2.6ghz/8gb/1tb/iris Graphics,Asus VivoBook Pro N552VX-FY024T i7-6700HQ 8GB 1TB Nvida GTX950 4GB
871,0,,
872,0,,
873,1,Corsair Vengeance Blue CMZ4GX3M1A1600C9 4GB 1x4GB DDR3-1600 CL9-9-9-24,Corsair Vengeance Blue CMZ4GX3M1A1600C9 4GB 1x4GB DDR3-1600 CL9-9-9-24
874,1,Transcend TS8GUSDHC10U1 CVQ 8GB 8p MSDHC r90MB/s 600x Class 10 UHS-I U1 Transcend Ultimate Micro Sec,Transcend TS8GUSDHC10U1
875,0,,
876,1,TP-Link TL-WN951N,TP-Link TL-WN951N Wireless N Triple Antenna Network Adapter Card 802.11B/G/N 2.4GHZ MIMO PCI PCI
877,1,,
878,1,,
879,0,,
880,0,Intel Core i7-7700,Intel Core i7 3770K
881,0,Lenovo M.2 180GB SSD,Intel 540s 240GB M.2 SATA SSD
882,1,Intel Core i3-7350K 4.20GHz LGA1151 BOX,Intel Core i3-7350K 4.20GHz FC-LGA14C Retail Box
883,0,,
884,0,,
885,0,,
886,0,,
887,0,Gigabyte BRIX GB-BSi5-6200,Gigabyte Brix GB-BKI5HA-7200
888,1,,
889,0,,
890,1,,
891,0,ASUS TUF SABERTOOTH X99 Intel Socket 2011-3 ATX,ASUS H170M-E D3 Intel Skylake Micro ATX
892,0,,
893,1,,
894,0,,
895,0,,
896,0,,
897,1,,
898,1,Cooler Master Elite 130,Cooler Master Elite 130 Mini ITX Case
899,0,,
900,1,,
901,0,HP Xeon E74820 2.0GHz,HP Xeon L5335 2.0GHz
902,0,,
903,1,,
904,0,"Apple MacBook Pro 15-inch 2.5GHz Quad-core i7 (Retina, Mid 2015) MJLT2LL/A",Apple MacBook Pro 13.3 Inch 2.3GHz Intel Core i5 Dual-Core Silver
905,0,,
906,0,,
907,1,,
908,0,,
909,0,,
910,0,HP 72.8-GB U320 SCSI 10K,HP 400-GB 10K 3.5 DP NHP SAS
911,0,Asus P541UJ-GO626T i7-7500u 12GB 1TB Nvidia GT920 2GB,Asus ZenBook 3 Deluxe UX490UA-BE029T i5-7200u 8GB 256GB SSD
912,1,,
913,1,,
914,0,HP AMD Opteron 8384,583383-B21 HP Xeon E5506
915,1,,
916,0,,
917,0,case Logic LAPS116K 16 Sleeve Negro,Workstation portátil HP ZBook Studio G4 Full HD
918,0,,
919,0,,
920,0,HP 250 G6 FHD Intel Core i5-7200u 8GB 1TB,case Logic LAPS116K 16 Sleeve Negro
921,0,Tech air TAECB001 15.6 Mochila Negro,HP Elite x2 1012 G1 2 en 1 Core M7-6Y65
922,0,Zebra Stampante Card ZXP7,Zebra Stampante Card ZXP3
923,0,,
924,0,,
925,1,,
926,1,,
927,0,,
928,0,HP 629142-B21 FlexFabric 10Gb 2-Port 554FLR Adapter,HP BL460c G7 Intel Xeon E5607 Processor Kit
929,0,,
930,0,HP ProBook 640 G3 i5-7200u 8GB 256GB SSD,HP ZBook Studio G3 Xeon E3-1505M 16GB 512GB SSD
931,0,,
932,0,,
933,0,,
934,1,,
935,1,Corsair Carbide 100R Silent Edition,Corsair Carbide 100R Silent Edition
936,1,,
937,0,,
938,0,,
939,1,,
940,0,,
941,0,,
942,0,,
943,0,WD Purple,WD Black 6TB SATA3 7200rpm
944,1,ASRock H81M-DGS R2.0 Micro-ATX Motherboard,ASRock H81M-DGS R2.0
945,0,,
946,1,Flaptop Sleeve MacBook Air 13,Speck Products FlapTop Sleeve for MacBook Air 13
947,1,,
948,0,,
949,0,HP 615729-B21 Ethernet Adapter,Kingston KVR16LS11/8 DDR3L 8GB
950,0,,
951,1,,
952,0,,
953,0,,
954,0,,
955,1,,
956,0,,
957,0,Asus TUF X99 Sabertooth Intel (Socket 2011) DDR4 ATX Motherboard,ASUS Prime Z270M PLUS Kaby Lake Micro ATX Motherboard
958,1,Intel Core i3 4150 3.5 GHz,Intel Core i3-4150 3.50 GHz
959,0,Intel Core i3-6300 3.8GHz Dual-Core Processor,Intel Core i3-4160 Boxed
960,1,,
961,0,,
962,0,,
963,1,,
964,0,,
965,0,HP EliteBook 850 G3,HP Power Bank para ordenadores portátiles EliteBook 850 G3
966,0,,
967,0,,
968,0,,
969,0,,
970,0,,
971,1,HP LaserJet Enterprise 700 Color MPF M775z+,HP LaserJet Enterprise 700 Color MPF M775z+
972,0,HP Pavilion 32 Monitor,HP Chroma 11.6
973,1,,
974,0,,
975,0,,
976,1,ASUS H110M-A/M.2 Intel H110 Micro ATX Motherboard Socket 1151,ASUS H110M-A/M.2 Intel H110 MATX Socket 1151 2xDDR4 6xSATAIII 4xUSB3.0 D-SUB DVI HDMI
977,0,Gigabyte GeForce GTX 1070 ITX Edition 8192MB GDDR5 PCI-Express Graphics Card (GV-N1070IXOC-8GD),EVGA NVIDIA GeForce GTX 1080 8GB Founders Edition Graphics Card
978,0,,
979,0,,
980,0,,
981,1,,
982,0,,
983,1,,
984,0,,
985,0,,
986,0,,
987,0,All New Fire HD 8 Tablet WiFi Black,Corsair Vengeance LPX DDR4 16GB
988,0,,
989,0,,
990,0,,
991,0,,
992,1,,
993,0,Asus Xonar Essence STX II 7.1,Intel DC P3600 PCIe 3.0 x4 1.6TB
994,0,,
995,0,,
996,0,,
997,0,,
998,0,TP-Link TL-WN881ND,Startech ST1000BT32
999,1,TP-LINK TL-WDN4800 450Mbps Wireless N Dual Band PCI Express,TP-LINK TL-WDN4800
1000,0,,
1001,0,,
1002,0,HP 629135-B21 Ethernet 1Gb 4-Port 331FLR Adapter,HP FlexFabric 10Gb 2-Port 554FLR Adapter
1003,0,,
1004,1,,
1005,0,Samsung 750 EVO SSD Series 120GB SATA3,"SSD Samsung 850 EVO 2.5"""
1006,0,,
1007,0,HP EliteBook 850 G3 i5-6200u 8GB 256GB SSD,HP ZBook Studio G4 Full HD 8GB SSD 256GB NVIDIA Quadro 4GB
1008,0,Gigabyte Minibarebone Brix N3150,Z170A PC MATE LGA1151 ATX
1009,0,,
1010,0,,
1011,0,,
1012,0,Dell PowerEdge 760 G2 Xeon 2.5GHz 1M (4P),Dell PowerEdge 580R G2 Xeon 2.8GHz 2MB
1013,1,,
1014,0,,
1015,0,Speck SeeThru MacBook Air 13,Apple MacBook Air (13-inch)
1016,0,Intel Core i3-6300 3.8GHz (Skylake) Socket LGA1151 Processor,Intel Core i3-4150
1017,0,,
1018,0,,
1019,1,,
1020,0,,
1021,0,,
1022,1,,
1023,0,,
1024,1,Intel Core i5-4590 3.3Ghz,Intel Core i5-4590
1025,0,,
1026,0,Silicon Power 32GB microSDHC,Transcend 32 GB Class 10 SDHC Flash Memory Card
1027,1,,
1028,0,,
1029,0,,
1030,0,HP Xeon E74830 2.13GHz,HP L5640 DL380G7 KIT
1031,0,,
1032,0,TP-LINK SWITCH 8 PUERTS MINI 10/100,KINGSTON DATA TRAVELER 32GB USB 3.1
1033,0,,
1034,0,WD Blue 4TB WD40EZRZ,WD Blue SSD 2.5 TLC 1TB
1035,0,,
1036,0,,
1037,0,,
1038,0,Acer Swift 1 SF113-31-P4A2,Apple MacBook Air 13-inch 1.6GHz Core i5 (Early 2015) MMGF2LL/A
1039,0,,
1040,0,SanDisk Ultra 16GB SDHC UHS-I 30MB/s,Sandisk Ultra 16GB SDHC UHS-I 30MB/s
1041,1,,
1042,1,,
1043,1,,
1044,0,,
1045,1,,
1046,1,,
1047,0,,
1048,0,Asus PCE-AC51 Wireless-AC750 Dual-band PCI-E Adapter,TP-Link TL-WN781ND
1049,0,HP Pavilion x360 11-ad018ca,HP ENVY x360 - 15-bp010ca
1050,0,,
1051,0,,
1052,0,,
1053,1,,
1054,0,"WD Blue SSD 2.5"" TLC 1TB",Western Digital Green M.2 2280 240GB TLC SATA
1055,0,122633-001 FAN CHASSIS 120MM,377239-001 DL580 G3 Intel Xeon MP
1056,0,,
1057,0,Corsair Vengeance LPX Red 16GB DDR4 PC4-28800 3000MHz C15,Corsair Vengeance LPX Black 64GB (4x16GB) DDR4 PC4-21300 2666MHz
1058,1,HPE ProLiant DL380 G6 Performance - Xeon X5560 2.8 GHz 12 GB,491315-001 HP DL380 G6 2P X5560 2.8GHz 12GB
1059,0,CoolerMaster Elite 130 Mini ITX Case - Black,Gigabyte GeForce GTX 1060 Mini ITX OC 6GB GDDR5
1060,1,,
1061,0,Corsair Force LS 120GB SSD,Samsung 750 EVO 500GB MZ-750500BW
1062,0,ASRock Fatal1ty 990FX Killer,IcyBox Aluminium Enclosure
1063,0,,
1064,0,,
1065,0,,
1066,0,Asus Radeon HD 7850 2GB Video Card,Gigabyte Radeon RX 550 D5 2G
1067,1,,
1068,0,,
1069,1,Vostro 14 5000,Vostro Series Laptop
1070,0,,
1071,0,,
1072,1,Supermicro CSE-842TQ-865B SYSTEM CABINET - RACK-MOUNTABLE POWER ON/OFF BUTTON,Supermicro SuperChassis 842TQ-865B
1073,0,,
1074,1,,
1075,0,HP Signature Slim Topload-Tasche 14'',HP Pavilion 570-p060na Desktop
1076,0,,
1077,0,D-Link DIR-818LW,Trendnet TEW-818DRU
1078,0,,
1079,0,,
1080,1,,
1081,1,,
1082,0,,
1083,0,,
1084,0,,
1085,0,,
1086,0,,
1087,0,,
1088,1,,
1089,0,WD Red 3TB WD30EFRX,"HDD Desk Red Pro 4TB 3.5"" SATA"
1090,0,HP Intel Xeon X7560,HP Xeon E5506
1091,0,,
1092,0,,
1093,0,,
1094,0,,
1095,0,,
1096,0,,
1097,0,HP 146-GB 3G 10K 2.5 DP SAS 2 Pack,HP 400-GB 10K 3.5 DP SAS
1098,1,,
1099,0,,
1100,0,,
1101,1,,
1102,0,,
1103,0,Apple Smart Cover for 10.5 iPad Pro Midnight Blue,Apple 12.9-inch iPad Pro Wi-Fi 256GB Silver
1104,0,,
1105,1,,
1106,0,,
1107,0,,
1108,0,,
1109,0,,
1110,0,,
1111,0,,
1112,1,Kingston HyperX Fury Black 16GB (2 x 8GB) DDR4-2133 Memory,Kingston HyperX Fury black
1113,0,,
1114,0,,
1115,0,Apple Smart Cover for 10.5-inch iPad Pro Midnight Blue MQ092ZM/A,Apple 12.9-Inch iPad Pro Wi-Fi 256GB Silver
1116,0,,
1117,0,287494-B21 128MB PC100 ECC DDR,Hewlett Packard Enterprise 2GB DDR-333
1118,0,,
1119,1,HP SCSI Series 72.8GB Ultra320 SCSI,HP 72.8-GB U320 SCSI 15K
1120,0,,
1121,1,,
1122,0,,
1123,0,,
1124,0,HP Xeon MP 2.2GHz DL560,HP Xeon X7560 2.26GHz BL620c
1125,0,Kingston Fury 32GB (2 x 16GB) DDR4-2400,Kingston HyperX Fury black HX421C14FB2K2/16
1126,0,,
1127,0,,
1128,0,Asrock Z270M Extreme4,Asus H110M-A/M.2 Intel H110 (Socket 1151) DDR4 Micro ATX Motherboard
1129,1,,
1130,0,HP Xeon X3210 2.13GHz,HP Xeon X7560 2.26GHz
1131,0,HP 601248-B21 E5507 2.26GHz ML350 G6,HP 629142-B21 FlexFabric 10Gb 2-Port 554FLR Adapter
1132,0,,
1133,1,,
1134,1,,
1135,1,,
1136,0,Apple Smart Keyboard for 9.7 Inch iPad Pro,Apple Smart Keyboard for 10.5-inch iPad Pro
1137,0,Gigabyte GB-BACE-3150,Z170A PC MATE LGA1151
1138,0,,
1139,1,,
1140,0,,
1141,1,,
1142,1,,
1143,0,,
1144,0,,
1145,1,HP Smart Array P421/2GB Controller,HPE Smart Array P421/2GB RAID Controllers
1146,1,,
1147,0,Speck SeeThru MacBook 12 Case Clear,Speck iGuy iPad mini 4 Case
1148,0,,
1149,0,Micron LambdaTek Internal SSD,Samsung 960 EVO 500GB M.2 NVMe PCIe
1150,0,,
1151,1,Transcend JetFlash 500 8GB,Transcend JetFlash 500 8GB
1152,0,,
1153,0,,
1154,0,Sandisk Extreme microSDXC 64GB,SanDisk Ultra Premium Edition flash memory card 200 GB microSDXC
1155,0,,
1156,1,HP REMAN ENET 1GB 4P 331FLR ADAPTER,629135-B21 HP Ethernet 1Gb 4-Port 331FLR Adapter
1157,0,,
1158,0,,
1159,0,TP-Link TL-SG1016,TP-Link TL-PA7020PKIT
1160,1,,
1161,0,,
1162,0,,
1163,0,,
1164,0,,
1165,0,,
1166,1,,
1167,0,,
1168,0,,
1169,0,,
1170,1,Kingston DataTraveler microDuo 3C 32GB Zilver,Kingston LambdaTek USB Flash Drive
1171,0,,
1172,0,Cooler Master MasterCase Pro 3,Gigabyte GA-H110M-S2HP
1173,1,,
1174,0,,
1175,0,,
1176,1,,
1177,0,,
1178,0,"HP 60GB 2.5"" SATA SSD DL165 G7",HPE Read Intensive-2 240GB SATA 6Gb/s
1179,0,HP ML350T G4p Xeon 3.2 2MB 512MB,HP BL460c G7 Intel Xeon E5607
1180,0,,
1181,0,,
1182,1,,
1183,0,,
1184,0,,
1185,1,16GB MicroSD Class 2-US,SanDisk N2A-16T CRG 16GB 8p Transflash MSDHC Micro Secure Digital High Capacity Card Class 4
1186,0,,
1187,0,,
1188,0,,
1189,0,,
1190,0,,
1191,0,Intel Core i5 6600 / 3.3 GHz processor,Intel Core i3-6300
1192,1,Asus Crosshair V Formula-Z AMD 990FX DDR3 Motherboard,Asus Crosshair V Formula-Z
1193,0,Intel Xeon 2P 2.8GHz,Intel Xeon 1P 3.06GHz
1194,1,SanDisk Extreme Micro SDXC UHS-I Card for Action Cameras - 64GB,Sandisk Extreme microSDXC 64GB
1195,0,HP 361040-B21-HP Slim DVD DL145,HP DDR3 16GB DIMM 240-pin
1196,0,case Logic LAPS116K 16 Sleeve Negro,HP ZBook Studio G3 Xeon E3-1505M
1197,0,,
1198,0,,
1199,1,,
1200,1,,
1201,0,D-Link DES-1008P 8-Port Desktop Switch with 4 PoE ports,HP 366FLR Network Adapter
1202,0,HP Xeon E5506 2.13GHz BL280c G6,HP Xeon E5335 2.0GHz DL140 G3
1203,0,,
1204,0,,
1205,1,,
1206,0,,
1207,0,Intel Core i3 6100 3.7GHz Socket LGA1151,Intel Core i3 4340 / 3.6 GHz
1208,0,,
1209,0,,
1210,0,TRENDnet TEW-818DRU,TP-LINK TL-WDN4800
1211,0,,
1212,0,,
1213,0,,
1214,0,,
1215,0,,
1216,0,HP ZBook Studio G3 Xeon E3-1505M 16GB 512GB SSD M1000 4GB 15.6 4K W7Pro,HP EliteBook 820 G3 i7-6500u 8GB 512GB SSD 12.5 W10Pro
1217,0,,
1218,0,,
1219,0,,
1220,0,,
1221,0,,
1222,1,,
1223,0,,
1224,0,,
1225,0,,
1226,0,Apple Mac mini 3.0GHz Core i7 (Late 2014) MGEQ2LL/A,Apple 27 iMac 3.2GHz Intel Quad-Core i5 Desktop Computer MD096LL/A
1227,0,"WD Purple WD10PURX 1TB 3.5"" SATA 6Gb/s HDD","WD Black 6TB 3.5"" SATA 6Gb/s 7200RPM HDD"
1228,0,,
1229,0,PCI-E DUAL-BAND 802.11AC BLUETOOTH,TP-Link TL-WN881ND 300Mbps 2 Antenna Wireless PCI-E Card
1230,1,,
1231,0,Zotac GeForce GTX 1080 Ti AMP Edition,ASUS GeForce GTX 750 Ti Overclocked
1232,0,,
1233,0,,
1234,0,,
1235,1,"Apple MacBook Pro 15-inch 2.8GHz Quad-core i7 (Retina, Mid 2015) MJLT2LL/A","Apple MacBook Pro 15-inch 2.5GHz Quad-core i7 (Retina, Mid 2015) MJLT2LL/A"
1236,1,,
1237,0,,
1238,1,,
1239,0,,
1240,0,,
1241,0,MEMORIA DDR3 8GB 1333MHZ PC10600,HP Storageworks Internal
1242,1,,
1243,0,,
1244,1,,
1245,0,,
1246,0,,
1247,0,HP 2GB (1x2GB) PC3-10600 UDIMM,CONTROLADORA P420/2GB
1248,0,,
1249,1,,
1250,0,Apple Smart Case for iPad Air 2 Midnight Blue,SeeThru MacBook Air 13 Cases
1251,1,Intel Core i7-7800X 3.5GHz 6-Core Processor,Intel Hex Core i7 7800X Unlocked CPU/Processor
1252,0,,
1253,0,,
1254,1,,
1255,1,,
1256,0,,
1257,1,CoolerMaster MasterCase Pro 3 Micro-ATX Gaming Case - Black,MasterCase Pro 3 micro-ATX/ITX Modular Case from Cooler Master
1258,0,,
1259,1,,
1260,1,,
1261,1,Hynix 8GB DDR4 Server Memory 2133MHz Speed ECC Registered,Samsung DCZ 8GB 288p PC4-17000 CL15 1Rx4 1.2V ECC RDIMM
1262,1,,
1263,0,HP 665240-B21 Ethernet 1Gb 4-Port,HP X5560 2.80GHz ML350 G6
1264,0,,
1265,1,HP Intel Xeon E7-4830,643772-B21 HP Xeon E74830 2.13GHz
1266,0,,
1267,0,,
1268,1,,
1269,0,SeeThru MacBook 12 Cases,AmazonBasics Notebook Sleeve NC1303152
1270,0,HP 647594-B21 Ethernet 1Gb 4-Port Adapter,HP Genuine 2GB DDR
1271,1,,
1272,0,,
1273,1,,
1274,1,,
1275,0,,
1276,1,,
1277,0,,
1278,1,,
1279,0,"Housse noire HP Ultrabook 14,1","Intel DC S3500 2,5 120GB"
1280,0,HP Xeon E5345 2.33GHz,HP Xeon L5335 2.0GHz
1281,0,,
1282,0,,
1283,0,,
1284,0,HP Xeon E5607 2.26GHz,HP Xeon E5607 2.26GHz
1285,0,Crucial MX300 750GB SATA,Samsung 850 Evo SSD Series 1TB SATA
1286,0,,
1287,1,,
1288,0,,
1289,0,,
1290,1,,
1291,0,,
1292,0,,
1293,1,,
1294,1,,
1295,1,,
1296,0,Intel Xeon 2.8GHz 512MB,Intel Xeon 2.8GHz 1GB
1297,1,,
1298,0,Apple Mac Mini 2.4GHz Intel Core 2 Duo,MGEM2LL/A Mac Mini 1.4/4gb/500GB
1299,0,Intel Core i3-4340,Intel Core i5-4570
1300,0,Western Digital 500GB Blue 32MB 7200RPM SATA 6Gb/s,"Western Digital WDS100T1B0A 1TB Blue 2.5"" SSD"
1301,0,,
1302,0,Gigabyte GeForce GTX 1060 ITX Edition 3072MB GDDR5 PCIe Graphics Card,Gigabyte NVIDIA GeForce GTX 1070 WINDFORCE OC PCIe Graphics Card
1303,0,,
1304,0,,
1305,0,Logitech C920 15MP 1920 x 1080pixels USB 2.0 Black,Sony SAL14TC Tele lens
1306,0,,
1307,0,,
1308,0,,
1309,1,,
1310,0,,
1311,0,,
1312,0,,
1313,0,,
1314,0,,
1315,1,Lenovo ThinkPad Work-In Case Gen.2,ThinkPad 11.6” Work-In Case (Gen.2)
1316,0,,
1317,0,Kingston DataTraveler microDuo 16GB USB 3.1,Transcend JetFlash V80 8GB USB 2.0
1318,1,,
1319,1,,
1320,0,,
1321,1,,
1322,0,,
1323,0,,
1324,1,,
1325,0,,
1326,0,,
1327,0,HP Pavilion 570-p060na Desktop,HP ENVY 13-ad015na Touchscreen Laptop
1328,1,,
1329,0,,
1330,0,,
1331,0,Dell Ultrabook XPS 12 Convertible,HP Spectre x360 13-ac004na
1332,0,,
1333,0,"IBM 146GB 2.5"" SAS","HP MSA2 750GB 3.5"" SATA"
1334,0,,
1335,0,,
1336,0,Corsair Air Series SP120 PWM Quiet Edition Twin Pack,AMD Athlon X4 870K 3.9GHz Black Low Noise Edition
1337,0,Intel Core i7-7700 3.6GHz 8MB Smart Cache,Intel Core i7-6700
1338,0,,
1339,0,,
1340,1,,
1341,0,TP-LINK 16Port GB Easy Smart Switch Switch TL-SG1016DE,D-Link DGS-1210-28 24P Gb + 4X Sfp
1342,0,,
1343,0,,
1344,0,SSD 100GB SATA 6G,HPE Read Intensive SSD 240GB SATA 6Gb/s
1345,0,,
1346,0,,
1347,0,,
1348,0,HyperX Fury DDR3 8GB PC1866 CL10,Kingston DDR4 8GB PC4-17000
1349,0,,
1350,0,,
1351,0,,
1352,1,,
1353,0,"Seagate ST2000NM0011 2TB 7200RPM 3.5"" SATA 6Gb/s","HP 454141-002 500GB 7200RPM 3.5"" SATA 6Gb/s"
1354,0,,
1355,1,,
1356,0,,
1357,1,"Apple iMac 21.5"" (2015) 2.8 GHz","Apple iMac 21.5"" All-in-One Core i5 2.8 GHz 8GB 1TB LED"
1358,0,,
1359,0,Gigabyte GA-H170N-WIFI LGA1150 Motherboard,Gigabyte H110M-S2H Intel H110 Socket 1151 DDR4 Micro ATX Motherboard
1360,0,Corsair 400R ATX Mid Tower Case,NZXT Phantom 530 Full Tower Gaming Case
1361,0,,
1362,0,,
1363,1,,
1364,0,,
1365,0,Hewlett Packard Enterprise ProLiant BL40p Intel Xeon Processor 2.20 GHz 2M 512M 1P server,HP ProLiant BL40p
1366,0,,
1367,0,310590-001 ML370T G3 Xeon 3.06GHz 512k,377239-001 DL580 G3 Intel Xeon MP 3.16GHz
1368,0,,
1369,0,HP G8 G9 400-GB 6G SAS SLC SSD,HP G8 G9 3-TB 6G 7.2K SATA
1370,0,,
1371,0,,
1372,0,Dell Vostro 14 5000 Series Laptop,HP Spectre x360 13-ac004na 4K Convertible Laptop
1373,0,,
1374,1,,
1375,0,,
1376,0,,
1377,0,,
1378,0,HP 8GB (2x4GB) PC2-5300P SDRAM Kit,HP 1GB FBD PC2-5300 2X512 KIT
1379,1,,
1380,0,Apple Smart Keyboard for iPad Pro 9.7,Apple iPad Pro 12.9 Retina Display 256GB WiFi Silver
1381,1,HP Xeon E5506,HP Xeon E5506 2.13GHz BL280c G6
1382,0,,
1383,0,,
1384,1,,
1385,0,Asus H81M-PLUS Intel H81 (Socket 1150) DDR3 Micro ATX Motherboard,ASUS PRIME Z270M-PLUS microATX LGA1151 Intel Z270 DDR4 SATA 3
1386,0,Gigabyte Radeon RX 550 D5 2G,Dual-RX460-O2G
1387,1,,
1388,1,,
1389,0,,
1390,0,,
1391,1,,
1392,0,HP 36.4-GB 10K FC-AL BD03655B28,HP 300-GB 10K FC-AL 359461-007
1393,0,,
1394,0,,
1395,0,,
1396,0,,
1397,0,Intel Core i3-7350K 4.20GHz LGA1151,Intel i7 6900K Broadwell Extreme
1398,0,,
1399,0,,
1400,0,,
1401,0,,
1402,0,,
1403,0,Speck SmartShell MacBook Pro 13,Apple MacBook Air (13-inch)
1404,0,,
1405,0,Kingston Ultimate SDXC 128GB,SanDisk Ultra SDHC 16GB
1406,0,,
1407,0,HP 35.5 cm (14 tum) Signature Slim Topload,HP ProBook 440 G4 Notebook-PC
1408,0,,
1409,0,,
1410,0,,
1411,0,,
1412,0,DISCO DURO INTERNO SOLIDO HDD SSD,Intel Data Center S3610 800GB SSD
1413,0,,
1414,0,HP Wide Ultra3 SCSI Adapter,HP Smart Array 3200 Controller
1415,1,TRENDnet TEW-818DRU,TRENDnet TEW-818DRU
1416,1,HP Pavilion 570-p060na Desktop,HP Pavilion 570-p060na Desktop
1417,1,,
1418,0,,
1419,0,,
1420,0,WD My Cloud WDBCTL0030HWT 3TB NAS,Synology DS1517+ 8GB RAM
1421,0,,
1422,1,,
1423,0,,
1424,1,,
1425,0,,
1426,0,,
1427,1,,
1428,0,,
1429,0,,
1430,1,,
1431,1,,
1432,0,HP LaserJet Enterprise 700 Color MPF M775z,HP ProBook 440 G4 Notebook-PC
1433,1,,
1434,0,,
1435,0,,
1436,0,HyperX Fury 32GB 2400 MHz (2x16),Kingston HyperX Fury Black HX421C14FBK4/64
1437,0,,
1438,1,,
1439,0,310590-001 ML370T G3 Xeon 3.06GHz 512k,346919-001 HP Intel Xeon MP 2.2GHz DL560
1440,0,,
1441,0,"HP G8/G9 3-TB 6G 7200RPM 3.5"" SATA HDD","HP 500GB 7200RPM 3.5"" SATA HDD"
1442,1,,
1443,0,,
1444,0,,
1445,0,Gigabyte Brix GB-BKI5HA-7200 i5-7200U Sin HDD RAM FreeDOS,Microsoft Surface Pro Core i5-7300U 8GB 256GB SSD ac BT
1446,0,,
1447,1,HP 8 INTERNAL PORT,347786-B21 HP PCI-X HBA
1448,0,,
1449,0,,
1450,0,,
1451,0,Intel Xeon 2.5GHz 1MB,Intel Xeon Hz 1MB
1452,0,HP MSA50 10-Bay 1U Enclosure,Hewlett Packard Enterprise DVD-ROM Internal Black optical disc drive
1453,0,,
1454,1,HPE 366FLR Ethernet Adapter,HP Ethernet 1Gb 4-Port 366FLR
1455,0,ASRock Fatal1ty 990FX Killer,Asrock Z270M Extreme4
1456,0,,
1457,0,,
1458,0,MSI Z170I Gaming Pro AC,Gigabyte GA-Z170-HD3P
1459,1,,
1460,0,,
1461,0,,
1462,0,,
1463,0,,
1464,0,,
1465,0,,
1466,0,HyperX Fury 4Go 2400 MHz,Kingston HyperX Fury blu HX316C10F/4
1467,1,Null 578230-B21 HP Smart Array P410/512 Controller,HP Smart Array P410/512 Controller
1468,0,,
1469,1,,
1470,1,,
1471,1,,
1472,0,,
1473,0,Corsair Carbide Series Air 240 Micro ATX Case,Corsair Obsidian 350D Micro ATX Case
1474,1,,
1475,1,WD Black WD1003FZEX 1TB Desktop Internal Hard Drive,Western Digital WD1003FZEX Black 1TB SATA3 6GB/S 7200RPM 64MB Cache 3.5in Hard Drive
1476,0,,
1477,0,HP 146-GB 3G 10K 2.5 DP SAS HDD,HP 400-GB 10K 3.5 DP SAS
1478,0,,
1479,0,8GB MICROSD 10 ADAP 600X,Transcend TS128GSDU3 128gb Sdxc Class 3 Uhs-I U3
1480,0,,
1481,0,,
1482,0,Kingston ValueRAM KVR21N15S8K2/16,8GB 1333MHZ DDR3 DIMM KIT OF 2
1483,1,Gigabyte GA-Z270M-D3H,GIGABYTE MATX Socket 1151 Intel Z270 4xDDR4 M.2 D-Sub DVI HDMI
1484,1,Speck iGuy iPad mini 4 Case,Speck iGuy IPad mini 4 - case
1485,1,,
1486,1,,
1487,0,AMD Opteron 8384 2.7GHz,"HP G8 G9 960-GB 2.5"" SATA LE 6G EL SSD"
1488,0,,
1489,0,Kingston DataTraveler SE9 G2 16GB USB 3.0 Type-A Silver,Corsair Slider X2 Voyager 128GB USB 3.0 Flash Drive
1490,0,,
1491,0,,
1492,0,,
1493,1,,
1494,0,,
1495,0,,
1496,0,,
1497,0,,
1498,0,Crucial CT750MX300SSD1 750GB SSD,Corsair Internal Solid State Drive
1499,0,PCI-E DUAL-BAND 802.11AC BLUETOOTH,Asus PCE-AC55BT
1500,0,64GB 2133MHZ DDR4 CL14 DIMM,HyperX FURY - DDR4 4 GB
1501,0,Kingston DataTraveler SE9 32GB USB 2.0,"HDD Desk Black 1TB 3.5"" SATA 6Gb/s"
1502,0,Micro SD 16GB Class 10 Multi Kit,SanDisk Ultra 16GB CF
1503,0,,
1504,0,,
1505,1,"Housse noire HP Ultrabook 14,1","Housse noire HP Ultrabook 14,1"
1506,0,,
1507,0,,
1508,0,,
1509,0,HP Signature Slim Topload-Tasche 14,HP Probook 640 G2 8GB Ultra Slim Docking Carepack
1510,0,Corsair Air Series AF140 Quiet Edition 67.8 CFM 140mm Fan,Corsair Carbide 100R Silent Edition
1511,0,,
1512,0,,
1513,1,,
1514,0,,
1515,0,Lenovo ThinkPad Yoga 11e Chromebook - Celeron N3160 4GB RAM 16GB,HP EliteOne 800 G1 - Core i5-4590S 4GB 256GB
1516,0,,
1517,0,Lenovo ThinkPad SSD 512GB PCIe NVMe,Samsung 960 PRO 2TB M.2 NVMe
1518,0,,
1519,0,,
1520,0,,
1521,0,,
1522,0,,
1523,0,,
1524,1,,
1525,1,,
1526,1,,
1527,0,,
1528,0,,
1529,0,HP Xeon L5335 2.0GHz,HP Intel Xeon E7-4830
1530,0,,
1531,0,,
1532,0,Targus Eco Spruce 15-15.6 Laptop Backpack Black,HP 15.6-inch (39.62-cm) Spectrum Sleeve Ladies Edition
1533,0,8GB 2400MHZ DDR4 CL15 DIMM,Kingston Fury Black 64GB (4x16GB) DDR4 PC4-17000C14 2133MHz Dual/Quad Channel Kit
1534,1,,
1535,0,,
1536,0,,
1537,1,Sandisk Ultra SDXC Class 10 UHS-I 80MB/s 64GB,SanDisk Ultra SDXC Memory Card 80MB/s UHSI (Class 10) 64GB UHS-I
1538,0,,
1539,1,Asus EX-GTX1050-2G,ASUS NVIDIA GeForce GTX 1050 Expedition 2GB
1540,0,,
1541,0,,
1542,1,,
1543,1,,
1544,0,HP Smart Array 641 Controller,HP Smart Array P420/2GB
1545,0,Asus P541UJ-GO626T i7-7500u 12GB 1TB Nvidia GT920 2GB,Asus ROG G501VW-FW106T
1546,1,,
1547,0,SSD 750 BASIC 120GB,Samsung 850 EVO 500GB Internal SATA SSD
1548,1,Corsair Obsidian 350D Micro ATX Case - Black,Corsair Obsidian 350D Micro ATX PC Gaming Case
1549,0,HP Pavilion Power 15-cb008ns i7-7700HQ 8GB 1TB Nvidia GTX1050 2GB,HP ZBook Studio G3 Xeon E3-1505M 16GB 512GB SSD M1000 4GB
1550,1,,
1551,1,,
1552,0,,
1553,1,AUGUSTUS GLOBO 41331 Modern Chrom LED,Scratch & Dent Acer C731T-C42N Chromebook
1554,0,,
1555,0,,
1556,0,Intel Core i3-6300 Boxed,Intel Core i3-4160 Boxed
1557,0,,
1558,1,,
1559,0,WD Green 240GB SSD,Crucial MX300 750GB SATA
1560,0,,
1561,0,,
1562,0,,
1563,0,,
1564,0,,
1565,0,Lenovo ThinkPad 512GB PCIe NVMe SSD,SanDisk Z400s 256GB SATA SSD
1566,1,HP 404712-001 146GB,HP 404712-001 146GB
1567,0,Lenovo notebook sleeve  Lenovo sleeve - 4X40N18009 Sleeve/Shuttle Notebook Cases,Speck See Thru Matte for Macbook 12-Inch
1568,0,,
1569,1,,
1570,0,,
1571,0,HP 256MB DDR SDRAM Memory,HP PC3200-ECC SDRAM DIMM
1572,1,,
1573,0,,
1574,0,Asus ZenBook 3 Deluxe UX490UA-BE029T i5-7200u 8GB 256GB SSD,HP Zbook 15 G3 i7-6700HQ 8GB 256GB SSD Quadro M1000
1575,0,HP McAfee Live Safe Service E-License 12 months + 3 free,Apple Smart Keyboard for 12.9-inch iPad Pro
1576,1,,
1577,1,,
1578,0,345020-B21 BL20P G2 Xeon 3.2GHz 1M (2P),359031-B21 BL20P G2 Xeon 3.2GHz 2M (2P)
1579,1,,
1580,1,Asrock Z270M Extreme4 Intel Z270 (Socket 1151) DDR4 Micro ATX Motherboard,ASROCK Z270M Extreme4 KABYLAKE LGA1151 MATX DDR4
1581,0,,
1582,0,,
1583,0,,
1584,0,,
1585,0,,
1586,0,,
1587,0,,
1588,0,,
1589,0,,
1590,0,,
1591,0,,
1592,0,,
1593,0,HP 9.1GB Ultra2 7.2K Drive,HD 500GB SATA
1594,1,,
1595,0,,
1596,0,HP 2GB (1x2GB) PC3-10600 UDIMM,HP 2GB (2x1GB) PC2-5300 SDRAM Kit
1597,1,,
1598,1,,
1599,0,HP Chromebook 11.6,Lenovo ThinkPad Yoga 11e Chromebook
1600,0,,
1601,0,Antec P380 Full Tower PC Case,NZXT Phantom 530 Black
1602,1,,
1603,1,,
1604,0,Kingston ValueRAM KVR21N15S8K2/16,Kingston 32GB PC4-19200 288-pin DDR4 SDRAM DIMM Kit HX424C15FBK2/32
1605,0,,
1606,1,,
1607,0,,
1608,0,,
1609,0,,
1610,1,Gigabyte Brix BACE-3150,Gigabyte Mini Barebone Brix N3150
1611,0,,
1612,0,,
1613,0,HP Smart Array P600/512 Controller,P420/2GB FBWC
1614,0,,
1615,1,,
1616,0,HP Zbook 15 G3 i7-6700HQ 8GB 256GB SSD Quadro M1000 2GB,HP Power Bank para ordenadores portátiles EliteBook 850 G3 i5-6200u 8GB 256GB SSD
1617,0,,
1618,0,,
1619,0,"HP 72GB 15K 3.5"" DP SAS 5 Pack","HP 146GB 15K 3.5"" SP SAS 5 Pack"
1620,0,Asus PRIME B250M-A Micro ATX LGA1151 Motherboard,Gigabyte H110M-S2HP Micro-ATX Motherboard
1621,0,,
1622,0,SanDisk iXpand USB 3.0 Flash Drive 64GB,Sandisk Ultra USB 3.0 Flash Drive 32GB
1623,0,Asus VivoBook Pro N552VX-FY024T i7-6700HQ 8GB 1TB Nvidia GTX950 4GB W10,Asus ZenBook 3 UX390UA-GS042T i5-7200u 8GB 256GB SSD 12.5 W10
1624,0,,
1625,0,Apple MacBook Air 13-inch Summer 2012,Apple MacBook Pro 13-inch Retina Late 2012
1626,0,Intel DC S3500 120GB,SSD 750 BASIC 120GB
1627,0,,
1628,0,Intel Core i5 4460 3.2GHz Socket LGA1150,Intel Core i5 6600K 3.5Ghz
1629,1,,
1630,0,,
1631,0,,
1632,1,,
1633,1,,
1634,0,,
1635,0,"Seagate ST1000NM0033 1TB 7200RPM 3.5"" SATA","HP G8/G9 ST2000NM0011-SC 2TB 7200RPM 3.5"" SATA"
1636,0,HP 300876-B21,359557-B21 BL20P G2 Xeon 2.8GHz 1GB
1637,1,MSI Z170I GAMING PRO AC Mini ITX LGA1151,MSI Z170I Gaming Pro AC
1638,0,HP Smart Array P421/2GB Controller,HP 2GB (2x1GB) 266MHz SDRAM Kit
1639,0,,
1640,0,Asus EX-GTX1050-2G,ASUS GTX750TI-OC-2GD5
1641,0,,
1642,0,221275-B21 DL740R (4P) Xeon Hz 1MB,643774-B21 HP Xeon E74820 2.0GHz BL680c
1643,0,,
1644,0,,
1645,0,,
1646,0,Apple Smart Keyboard for 10.5-inch iPad Pro,MJYR2LL/A Apple iPad Pro Smart Keyboard
1647,0,MSI GeForce GTX 1080 GAMING X 8G,Asus TURBO-GTX1070-8G
1648,0,TP-Link TL-WN951N Wireless-N PCI Adapter,Asus PCE-AC55BT PCIe x1 802.11a/b/g/n/ac Wi-Fi Adapter
1649,0,,
1650,0,Asus H110M-A/M.2 Intel H110 (Socket 1151) DDR4 Micro ATX Motherboard,Asus B250M-A PRIME
1651,0,HP 361040-B21-HP Slim DVD DL145,HP Genuine 2GB DDR
1652,0,StarTech.com SATDUP11,Sandisk SD8SNAT-256G-1122
1653,0,NZXT Phantom 530 Full Tower Black Edition,Cooler Master MasterCase Pro 3
1654,0,Asus EX-GTX1050-2G,Asus GeForce GTX 750 Ti OC 2GB GDDR5
1655,0,,
1656,1,,
1657,1,,
1658,0,,
1659,0,,
1660,0,,
1661,0,,
1662,1,HP ENVY x360 15-bp100na Convertible Laptop,HP ENVY x360 15-bp100na Convertible Laptop
1663,0,,
1664,0,,
1665,1,,
1666,0,,
1667,0,,
1668,0,,
1669,0,,
1670,1,,
1671,0,,
1672,0,,
1673,0,,
1674,0,,
1675,0,,
1676,0,,
1677,0,,
1678,0,,
1679,0,,
1680,0,,
1681,0,Intel Xeon 3.2GHz 1MB,Compaq ML530R Xeon 3.0GHz 1GB
1682,0,,
1683,0,,
1684,0,,
1685,0,,
1686,0,310590-001 ML370T G3 Xeon 3.06GHz 512k,230994-001 HP Rail Kit for ML370 G2/G3
1687,1,NETGEAR READYNAS 212 DISKLESS,Netgear ReadyNAS 212 Diskless
1688,0,Dell OptiPlex 790,TP-Link TL-SG1024D-24-Port Gigabit Desktop Switch
1689,0,Western Digital Black 2TB Internal HDD,HDD Gold RE 6TB SATA
1690,0,,
1691,0,SSD 120GB SATA3 2.5 7MM V300,Intel Data Center S3610 SSD 800GB
1692,0,,
1693,0,,
1694,0,,
1695,1,Corsair AF140 Quiet Edition,Corsair AF140 Quiet High Airflow
1696,0,,
1697,0,,
1698,1,,
1699,1,,
1700,1,PNY NVIDIA Quadro K1200 DVI Graphics Card,PNY NVIDIA Quadro K1200 for DVI
1701,0,,
1702,0,Kingston ValueRAM 8GB DDR4 2133MHz Module,DDR3 Kingston Value 8Go 1600 MHz
1703,0,HP X5470 3.33GHz ML370 G5,HP Smart Array P-Series Low Profile BBWC Battery Pack
1704,0,,
1705,0,,
1706,1,,
1707,0,,
1708,1,,
1709,0,,
1710,0,,
1711,1,,
1712,0,HP 36.4-GB 10K FC-AL,HP 72.8-GB 10K FC-AL
1713,0,,
1714,1,,
1715,0,,
1716,0,HP Intel Xeon E7-4820,HP REMAN L5640 DL380G7 KIT
1717,1,HP Proliant,"HP G8/G9 500GB 3.5"" SATA HDD"
1718,1,HP Intel Xeon E5-2650L 1.8GHz BL460c G8,HP Intel Xeon E5-2650L 1.8GHz BL460c G8
1719,1,TP-Link 16-Port Gigabit Easy Smart Switch TL-SG1016DE,TP-Link TL-SG1016DE
1720,0,Samsung LambdaTek Internal SSD,WD Green M.2 240GB SSD
1721,0,,
1722,0,,
1723,0,AMD A6-7400K 3.5GHz Socket FM2 APU Kaveri Processor,AMD A8-7670K
1724,1,,
1725,0,,
1726,1,,
1727,0,Apple MacBook Air 13-inch Summer 2012,Apple MacBook Pro 13-inch Mid 2012 MD101LL/A
1728,0,,
1729,0,,
1730,0,,
1731,0,,
1732,0,Apple Mac Mini Aluminum Unibody 2.6GHZ Dual Core i5 Late 2014 MGEN2LL/A,Apple Mac mini 2.8GHz Intel Core i5 ENERGY STAR
1733,0,Intel P3600 Series 1.2TB PCIe SSD,Samsung 960 PRO 2TB NVMe M.2 SSD
1734,0,,
1735,0,,
1736,0,,
1737,0,TP-Link TL-WDN4800 PCIe x1 802.11a/b/g/n Wi-Fi Adapter,TP-Link TL-SG1005D-5-Port Gigabit Desktop Switch
1738,0,,
1739,0,,
1740,0,,
1741,1,,
1742,1,,
1743,0,,
1744,1,Asus Sabertooth X99,Asus TUF X99 Sabertooth
1745,1,,
1746,0,,
1747,0,,
1748,1,449363-B21 HP SC40Ge Host Bus Adapter,HP 449363-B21 SC40Ge
1749,0,OptiPlex 790 Desktop,DES-1008P Switch PoE
1750,0,HP Proliant ML350 G4p PS,Intel Xeon MP 2.2GHz DL560
1751,0,,
1752,0,NZXT H440 New Edition Zwart/Groen,Corsair Obsidian 350D Micro ATX Case - Black
1753,0,AMD FX-4300,Socket FM2+ Athlon X4 860K
1754,1,,
1755,1,,
1756,0,,
1757,0,,
1758,0,,
1759,0,,
1760,0,,
1761,0,,
1762,0,,
1763,1,,
1764,0,,
1765,1,SilverStone ECM20,SilverStone ECM20
1766,1,,
1767,0,,
1768,0,,
1769,0,,
1770,0,,
1771,1,HP EliteOne 800 G1 - Core i5 4590S 3 GHz 4 GB 256 LED 23,HP RP2 Retail System 2030 - Pentium J2900 2.41 GHz 4 GB 500 LED 14
1772,1,,
1773,1,,
1774,0,HP 712741-B21 Xeon E5-2609v2 2.5GHz,HP 804587-B21 240GB
1775,0,,
1776,1,,
1777,0,,
1778,0,,
1779,0,,
1780,0,Intel Xeon E5-2683 v4,Lenovo ThinkServer TD350 Intel Xeon
1781,0,,
1782,0,,
1783,1,ASUS Transformer Mini T102HA D4,ASUS T102HA-D4
1784,1,,
1785,1,,
1786,0,,
1787,0,,
1788,0,,
1789,1,,
1790,0,SanDisk Ultra Pendrive 32GB USB 3.0,64GB DT MICRODUO USB 3.0
1791,0,,
1792,1,,
1793,0,,
1794,1,,
1795,0,,
1796,0,,
1797,0,,
1798,0,Gigabyte GA-Z170N-Gaming 5,Gigabyte GA-Z270N-WIFI
1799,0,,
1800,0,,
1801,1,,
1802,1,,
1803,0,,
1804,0,Transcend 128GB SDXC Class 10 UHS-1 Flash Memory Card Up to 90MB/s,8GB MicroSD 10 Adaptor 600X
1805,0,Gigabyte BRIX GB-BACE-3000,Gigabyte BRIX GB-BSI5-6200
1806,1,,
1807,1,,
1808,1,,
1809,0,,
1810,0,,
1811,0,HP 308724-001 DL360R G3 Xeon 2.8GHz 512MB,HP 359623-B21 BL20p G2 X2.8GHz/1MB 512MB
1812,1,,
1813,1,,
1814,0,Asus Prime B250M-Plus,Asus H270-PRO PRIME
1815,0,Lenovo ThinkPad Work-In Case Gen.2 4X40L56488,ThinkPad 180GB M.2 SATA OPAL SSD
1816,0,,
1817,0,,
1818,1,,
1819,0,,
1820,1,HP Xeon L5640 2.26GHz,HP KIT - L5640
1821,0,,
1822,0,"Seagate ST1000DM003 1TB 3.5"" SATA 6Gb/s HDD","Seagate Desktop HDD 500GB 3.5"" SATA II"
1823,1,,
1824,1,Asus PRIME B250M-A Micro ATX LGA1151 Motherboard,ASUS PRIME B250M-A microATX LGA1151 Intel B250 DDR4 SATA 3
1825,0,,
1826,0,"Crucial BX200 240GB 2.5"" SATA SSD","Samsung 850 EVO MZ-N5E1T0BW 1TB 2.5"" SATA 6Gb/s"
1827,0,Kingston SDXC UHS-I 64GB,PNY Elite Performance 64GB SDXC
1828,1,,
1829,0,,
1830,0,,
1831,0,,
1832,0,TARJETA PCI EXPRESS RED WIFI N,Startech 1 Port PCI Gigabit Ethernet Network Adapter
1833,1,,
1834,0,,
1835,0,HP Xeon E5506 Boxed,453475-B21 HP Xeon L5335 2.0GHz DL140 G3
1836,0,Speck SeeThru MacBook 12 Notebook hardshell case,SeeThru MacBook Pro with Retina Display 13 Cases
1837,0,,
1838,1,,
1839,1,,
1840,0,,
1841,0,HP Intel Xeon 5130 2GHz 4MB L2 processor,HP Intel Xeon E5504 2.0GHz
1842,0,,
1843,0,,
1844,0,,
1845,0,271246-001 ML530R G2 Xeon 3.0GHz 1GB,345021-B21 BL20P G2 Xeon 3.2GHz 1GB
1846,0,,
1847,0,Intel Xeon 3200 1GB,HP BL20p G2 X2800/512MB
1848,0,,
1849,0,Apple MacBook Pro 15.4 With Touch Bar Silver,Apple MacBook Pro - 13.3 Core i5 4 GB RAM 500 HDD
1850,0,,
1851,0,HP 40GB Ultra ATA 100 72K,Seagate 500GB 72K 3.5 3G SATA
1852,0,,
1853,1,,
1854,0,,
1855,0,,
1856,0,,
1857,0,Intel DC P3600 Series 1.6TB SSD PCI-e Adaptor Card Solid State Drive,Samsung 960 Pro 2TB
1858,0,,
1859,1,,
1860,0,,
1861,0,Corsair 330R Blackout ATX Mid Tower Case,Corsair Carbide Series Quiet 400Q Compact Mid-Tower Case
1862,0,,
1863,0,,
1864,0,Apple Smart Keyboard Folio English MJYR2LL/A,Apple iPad Pro 12.9 Retina Display 256GB WiFi Space Gray MP6G2LL/A
1865,1,,
1866,0,,
1867,0,SanDisk Ultra 32GB USB 3.0 Stick,Corsair Flash Voyager GO OTG Drive 64GB
1868,1,Dell XPS 12 Ultrabook,Dell Ultrabook XPS 12
1869,0,,
1870,0,,
1871,0,,
1872,1,,
1873,1,HP EliteBook 850 G3 Notebook PC,HP EliteBook 850 G3
1874,0,,
1875,0,,
1876,1,,
1877,0,,
1878,0,,
1879,0,HP 8 INTERNAL PORT,HP Xeon E5506 2.13GHz
1880,1,IcyBox 2.5 SATA SSD/HDD To USB 3.0 Adapter With An Aluminium Enclosure,Raidsonic Icy Box IB-AC6034-U3 (9.5mm) Aluminium
1881,0,Corsair Air Series SP120 PWM Quiet Edition High Static Pressure Fan Twin Pack,Corsair AF120 Performance Edition Twin Pack
1882,1,,
1883,0,ASRock H81M-DGS R2.0,Asrock Z270M Extreme4
1884,0,"Crucial BX100 500GB SATA 2.5"" Internal Solid State Drive - CT500BX100SSD1",WD Green M.2 SSD WDS240G1G0B
1885,0,,
1886,0,,
1887,0,Asus VivoBook Max X541UJ-GQ438T i5-7200u 4GB 500GB 2GB,HP ZBook 14u G4 i7-7500U 16GB 512GB AMD FP W4190M
1888,1,,
1889,1,,
1890,0,,
1891,0,HP 146-GB 6G 15K 2.5 SAS HDD,HP G8 G9 400-GB 6G 2.5 SAS SLC SSD
1892,0,,
1893,0,HP PL8500R 2 Xeon 550MHz 1MB 1GB,325134-001 DL580R G2 2P Xeon 2.8GHz
1894,1,,
1895,1,LAPTOP SSHD SS HYBRID SATA1000,"Seagate ST1000LM014 1TB SSHD 2.5"" SATA 6Gb/s"
1896,0,,
1897,0,,
1898,1,,
1899,1,,
1900,0,MSI B350 TOMAHAWK ATX AM4 Motherboard,Gigabyte GA-B250M-D3H LGA1151 64GB DDR4 PCIEx16
1901,1,,
1902,1,HP 647594-B21 Ethernet 1 GB 4-Port 331T,647594-B21 HP Ethernet 1Gb 4-Port 331T
1903,1,,
1904,0,,
1905,0,,
1906,0,,
1907,0,HP Pavilion 570-p060na Desktop,HP LaserJet Enterprise 700 Color MPF M775z+
1908,0,,
1909,0,,
1910,1,Intel Xeon E5-2603 1.8GHz,HP Intel Xeon E5-2603 1.8GHz
1911,0,,
1912,1,,
1913,0,,
1914,0,HP ProBook 440 G4 Notebook-PC,HP ENVY x360 - 15-bp010ca
1915,0,Intel Core i3 6100 / 3.7 GHz,Intel Core i5-6400
1916,0,"Seagate ST31000640NS 1TB 7200RPM 3.5"" SATA HDD","HP G8/G9 3TB 6G 7200RPM 3.5"" SATA HDD"
1917,0,,
1918,1,,
1919,0,,
1920,0,AMD A10-9700E Boxed,AMD Ryzen 5 1500X Box
1921,0,,
1922,1,,
1923,0,,
1924,0,,
1925,0,,
1926,1,HP Xeon E74820 2.0GHz,Intel Xeon E7-4820
1927,0,,
1928,0,,
1929,0,,
1930,1,,
1931,0,HP 146-GB 6G 15K 2.5 DP SAS,HP G8 G9 200-GB 6G 2.5 SAS SC SSD
1932,0,,
1933,0,,
1934,0,,
1935,0,,
1936,1,,
1937,1,Matrox G550 LP PCIe,Matrox Millennium G550 LP PCIe
1938,0,,
1939,0,,
1940,0,HP ProDisplay P240va,HP Pavilion 32 Monitor
1941,0,,
1942,0,,
1943,0,Apple MacBook Air 13 1.6GHz Intel Core i5 Notebook Computer MMGF2LL/A,Apple MacBook Air 13.3 Display Intel Core i5 8GB Memory 256GB Flash Storage Silver
1944,1,,
1945,1,CONTROLADORA P420/2GB FBWC,HP Smart Array P420/2GB
1946,0,,
1947,0,,
1948,0,D-Link DES-1008P 8-Port Desktop Switch with 4 PoE ports,TP-LINK POWERLINE 1000MB ETHERNET 2 PORT GIGA PASSTHROUGH KIT
1949,1,,
1950,0,,
1951,0,,
1952,0,ASUS PRIME B250M-PLUS microATX LGA1151 DDR4 SATA 3,Gigabyte GA-H110M-S2HP microATX LGA1151 DDR4 SATA 6Gb/s
1953,0,,
1954,0,,
1955,0,,
1956,0,Dell PowerEdge DL580 G5 4-Core E7440 2.4GHz/16MB 4P 8GB,Dell PowerEdge DL580R G2 (2P) Xeon 2.8GHz
1957,0,,
1958,1,Datalogic Palmare DL-Axist,Datalogic PDA DL-Axist
1959,1,Integral Courier 64GB Blauw,Kingston DataTraveler 16GB USB 3.0
1960,1,"HP 500GB 7200RPM 3.5"" SATA HDD","HP 500GB 1.5G 7200RPM 3.5"" SATA HDD"
1961,0,,
1962,0,HP Probook 640 G2 8GB,HP Elite x2 1012 G1 Core M7-6Y65 8GB 256GB SSD
1963,0,,
1964,0,Intel Core i7-4820K Boxed,Intel Core i7-7800X Boxed
1965,0,,
1966,1,,
1967,1,AMD Ryzen 7 1800X 3600MHz,AMD Ryzen 7 1800X AM4 95W 3600MHz (Turbo 4000MHz) 8Cores
1968,0,,
1969,0,,
1970,0,64GB SDXC CLASS 10 UHS-I ULTIMATE,SanDisk Extreme MicroSDXC 100MB/s A1 C10 V30 UHS-I U3 - 64GB
1971,1,,
1972,0,,
1973,0,HP 146-GB 6G 10K 2.5 DP SAS,HP 300-GB FC-AL
1974,0,HP Xeon 5130 2.0GHz,HP KIT - 587507-B21
1975,0,,
1976,0,,
1977,0,,
1978,0,HP LaserJet Enterprise 700 Color MPF M775z+,"Housse de protection réversible 11,6 noire / bleue"
1979,0,,
1980,0,,
1981,0,HP 665240-B21 Ethernet 1Gb 4-Port,HP Xeon E5506 2.13GHz
1982,0,"HP 500GB 7200RPM 3.5"" SATA","HP G8/G9 3TB 6G 7200RPM 3.5"" SATA"
1983,0,,
1984,0,HP ZBook 15 G3 i7-6700HQ 8GB 256GB SSD Quadro M1000 2GB,HP ZBook Studio G3 Xeon E3-1505M 16GB 512GB SSD M1000 4GB
1985,0,,
1986,1,,
1987,1,,
1988,0,Apple MacBook Pro 13.3 i5 Notebook Computer MD101LL/A,Apple iMac 21.5 2.9GHz Quad-Core i5 Desktop MD094LL/A
1989,0,SmartShell Glitter MacBook Pro 2016 13 Cases,Apple MacBook Air 13 1.8GHz Core i5 8GB 256GB PCIe SSD
1990,0,,
1991,0,,
1992,0,,
1993,0,,
1994,0,,
1995,0,,
1996,1,,
1997,0,356820-CT1 DL585 (4P) OPT 848,346919-001 HP Intel Xeon MP
1998,1,"HP 500-GB 7200RPM 3.5"" SATA","HP 500-GB 7200RPM 3.5"" SATA"
1999,0,,
2000,0,,
2001,0,,
2002,1,,
2003,0,,
2004,0,,
2005,1,,
2006,0,AMD FX 8320 Black Edition,AMD FX-4300 Vishera
2007,0,,
2008,0,,
2009,0,,
2010,0,,
2011,0,,
2012,0,Gigabyte BRIX GB-BACE-3000,Gigabyte GA-Z170N-Gaming 5
2013,1,,
2014,0,,
2015,0,,
2016,0,,
2017,1,,
2018,0,,
2019,0,,
2020,0,Kingston Fury Black 32GB (2x16GB) DDR4 PC4-19200C15 2400MHz Dual Channel Kit,Corsair 32GB PC4-25600 288-pin DDR4 SDRAM DIMM Kit
2021,0,,
2022,0,,
2023,0,Logitech HD Pro Webcam C920,Logitech 960-000585
2024,0,,
2025,0,,
2026,0,AMD A10-9700E Boxed,AMD Ryzen 5 1500X
2027,1,,
2028,1,,
2029,0,,
2030,1,,
2031,0,Intel Xeon 359031-B21 BL20P G2 3.2GHz 2M (2P),HP Intel Xeon MP 346919-001 2.2GHz
2032,0,Kingston DataTraveler 100 G3 32GB USB 3.0,Kingston DataTraveler 100 G3 32GB USB 3.0
2033,0,,
2034,0,,
2035,0,AMD FX 6300,Intel Core i7 3770K
2036,0,,
2037,0,,
2038,1,,
2039,0,,
2040,1,,
2041,0,,
2042,0,,
2043,0,,
2044,0,,
2045,0,HP 400-GB 7.2K IDE SATA,Seagate 1-TB 7.2K 3.5 6G SP SATA
2046,0,,
2047,0,Intel Core i3 4340 3.6GHz,Intel Core i3-6300 3.8GHz
2048,1,,
2049,0,HP Smart Array P222/512 Controller,P420/2GB FBWC
2050,0,,
2051,0,,
2052,0,,
2053,1,,
2054,1,,
2055,0,,
2056,0,,
2057,0,,
2058,1,Asus PCE-N10,ASUS PCI EXPRESS
2059,0,,
2060,0,,
2061,0,Corsair SP120 PWM High Pressure Fan 4 pin Single Pack CO-9050013-WW,Corsair Carbide 100R Silent Mid Tower Case CC-9011077-WW
2062,0,,
2063,0,HP 39.62 cm (15.6) Spectrum Sleeve,HP Pavilion Power 15-cb008ns i7-7700HQ 8GB 1TB Nvidia GTX1050 2GB
2064,0,Asrock Z270M Extreme4,ASUS H110M-A/M.2 Intel H110
2065,0,,
2066,1,,
2067,0,,
2068,0,,
2069,1,,
2070,1,,
2071,0,Intel Xeon E5-2603 1.8 GHz,HP AMD Opteron 2354
2072,0,,
2073,1,"BenQ Zowie RL2455 e-Sports 24"" 1920x1080 TN Widescreen LED Monitor - Black",RL2455HM
2074,0,,
2075,0,,
2076,0,,
2077,0,,
2078,0,HP EliteBook 820 G3 i7-6500u 8GB 512GB SSD,Asus ROG G501VW-FW106T i7-6700HQ 8GB 1TB Nvidia GTX960 2GB
2079,0,Intel Core i5 7500,Intel Core i5 6600K
2080,0,,
2081,0,,
2082,0,,
2083,0,,
2084,1,,
2085,0,,
2086,1,TP-LINK TL-SF1008D 8 Ports 10/100 Mbps,TP-LINK TL-SF1008D Switch de sobremesa con 8 puertos a 10/100 Mbps
2087,0,,
2088,1,,
2089,1,,
2090,0,,
2091,0,,
2092,0,,
2093,0,,
2094,1,AMD Ryzen 7 1700 3.0GHz 8-Core Processor,AMD Ryzen 7 1700 Boxed Wraith Spire Cooler
2095,0,,
2096,0,,
2097,1,,
2098,0,,
2099,0,HP 500-GB 7.2K 3.5 SATA,HP G8 G9 2-TB 6G 7.2K 3.5 SATA
2100,0,HP Intel Xeon E5-2603 1.8GHz BL460c,HP Opteron 2354 2.2GHz DL165
2101,0,,
2102,0,,
2103,0,,
2104,0,Corsair Carbide 100R Silent Edition,Corsair 330R Blackout ATX Mid Tower Case
2105,0,Apple iPad Pro 9.7 Smart Keyboard,Apple 9.7 iPad Pro Wi-Fi + Modem 4G 32GB Rosa Oro@es MP2J2TY/A
2106,0,,
2107,0,,
2108,0,Apple Smart Cover iPad Pro 2017 10.5 Roze,Apple iPad Pro 12.9 Wi-Fi 32GB Silver
2109,0,,
2110,1,,
2111,0,,
2112,0,,
2113,1,4GB 2400MHZ DDR4 CL15,HyperX Fury 4Go 2400 MHz
2114,0,,
2115,1,,
2116,0,,
2117,1,,
2118,0,,
2119,0,,
2120,0,,
2121,0,,
2122,0,,
2123,1,,
2124,0,Matrox G550 LP PCIe,GIGABYTE GeForce GTX 1060 3GB 8008 GDDR5 PCI-E 3.0 DVI/HDMI/3XDP Mini-ITX Video Card
2125,1,Antec P380 Full Tower PC Case,Antec P380 Stylish And High End Performance Case
2126,0,Intel Core i7-6700,7th Generation Intel Core i7 7800X
2127,0,AMD FX-8350 4.0GHz 8-Core Vishera AM3+ CPU,AMD FD4300WMHKBOX Fx-4300 95w Am3+ 8mb 4000mhz
2128,0,,
2129,0,,
2130,0,HP 615729-B21 Ethernet Adapter,HP 647594-B21 Ethernet Adapter
2131,1,HP 242469-001 External,HP 242469-001 15/30GB External
2132,0,,
2133,0,,
2134,0,Kingston MicroSDHC 32GB Class 4 + Adapter,MEMORIA USB 32GB KINGSTON DATATRAVELER SE9H
2135,1,,
2136,0,,
2137,0,,
2138,0,,
2139,0,,
2140,1,Apple iMac 27-inch 3.5GHz Quad-core i7 (Late 2013) ME089LL/A,Fair Condition*: Apple iMac 27-inch 3.5GHz Quad-core i7 (Late 2013) ME089LL/A
2141,0,,
2142,0,,
2143,1,Apple Smart Cover iPad Pro 2017 10.5 Roze,Funda Smart Cover iPad Pro 10.5 Rosa
2144,1,,
2145,0,,
2146,1,Asus H81-Plus,ASUS H81-PLUS
2147,0,,
2148,0,Kingston DataTraveler SE9 G2 128GB Zilver,SanDisk Ultra USB flash drive 128 GB
2149,0,,
2150,0,,
2151,1,Intel Core i5 4570 / 3.2 GHz,Intel Core i5-4570
2152,0,,
2153,0,"HP 500GB 7200RPM 3.5"" SATA","HP G8/G9 3TB 6G 7200RPM 3.5"" SATA"
2154,0,,
2155,1,,
2156,0,HP 1GB PC2700 (1x1GB) Module,HP NC430T PCI-X Quad-port Gigabit server adapter
2157,0,ASUS Prime B250M PLUS Micro ATX LGA1151 Motherboard,Gigabyte GA-B250M-D3H Micro ATX LGA1151 Motherboard
2158,0,,
2159,0,,
2160,1,,
2161,0,Apple Mac Mini 1.4GHz Core i5 (Mid 2011) MC815LL/A,Apple Mac mini 2.3GHz Core i5 (Mid 2011) MC815LL/A
2162,0,HyperX Fury DDR4 64GB,Corsair Vengeance LPX Black DDR4 32GB
2163,1,,
2164,0,WD Purple WD20PURZ 2TB,IronWolf 1TB
2165,1,,
2166,0,AOC E2270SWD,IcyBox Aluminium 2.5 SATA to USB 3.0 Adapter
2167,1,,
2168,0,,
2169,0,,
2170,0,,
2171,1,,
2172,1,,
2173,0,,
2174,0,,
2175,1,,
2176,0,,
2177,1,Intel Core i7-4820K 3.7GHz Quad-Core Processor,Intel Core i7-4820K Boxed
2178,0,,
2179,0,Asus ZenBook 3 Deluxe UX490UA-BE029T i5-7200u 8GB 256GB SSD,HP Zbook 15 G3 i7-6700HQ 8GB 256GB SSD Quadro M1000 2GB
2180,0,,
2181,1,,
2182,1,,
2183,1,Speck SeeThru Case for 13-Inch MacBook Air,Speck SeeThru MacBook Air 13
2184,0,Corsair Obsidian 350D Micro ATX Case - Black (CC-9011028-WW),Corsair Carbide Quiet 400Q
2185,0,HP Xeon E7400 2.8GHz DL120 G5,HP Xeon E7400 2.8GHz DL120 G5
2186,0,"Crucial BX100 500GB SATA 2.5"" Internal Solid State Drive - CT500BX100SSD1",Samsung 840 EVO 250GB 2.5-Inch SATA 6Gb/s Internal SSD - MZ-7TE250BW
2187,1,,
2188,0,HP 15.6-inch (39.62-cm) Spectrum Sleeve Ladies Edition,ThinkPad 14 inch Sleeve Sleeve Lenovo Australia
2189,0,,
2190,0,,
2191,0,,
2192,0,,
2193,0,,
2194,1,,
2195,0,Datalogic Palmare DL-Axist,Apple MacBook Air 13.3 Core i5 OS X 10.8 Mountain Lion 4 GB RAM
2196,1,,
2197,0,,
2198,0,AMD Ryzen 5 1600 3.2GHz 6-Core Processor,AMD Ryzen 7 1700 Boxed Wraith Spire Cooler
2199,0,TP-Link TL-WN781ND,TP-LINK PA7020P KIT
2200,0,,
2201,0,,
2202,0,,
2203,0,,
2204,1,,
2205,0,,
2206,1,HP Intel Xeon X7560,HP Xeon X7560 2.26GHz
2207,0,,
2208,0,,
2209,0,,
2210,0,Gigabyte Radeon RX 550 D5 2G,AMD Radeon Pro WX 4100
2211,0,,
2212,1,,
2213,1,,
2214,0,,
2215,0,,
2216,0,,
2217,0,,
2218,0,Kingston HyperX Fury Black DDR4 2133 PC4-17000 8GB CL14,Kingston Fury White 32GB (2x16GB) DDR4 PC4-19200C15 2400MHz Dual Channel Kit
2219,0,HP 615729-B21 Ethernet Adapter,HP Xeon E5506 2.13GHz DL170h G6
2220,0,,
2221,0,,
2222,0,,
2223,0,SilverStone ECM20,AMD Radeon Pro WX 4100 4GB
2224,0,,
2225,0,Dell 36GB U320 SCSI HP 15K,HP 36.4GB U320 SCSI 15K
2226,0,Apple iPad Mini 4 Wi-Fi 64GB Space Gray,"Apple iPad Pro 12.9"" Wi-Fi 32GB Gold"
2227,0,Kingston 256MX64 DDR2-800 CL5,Kingston Value DDR3 8GB 1600MHz
2228,1,WD Green 240GB SSD,"WD Green WD240 SATA 6Gb/s 2.5"" SSD"
2229,1,,
2230,0,,
