id,label,left_name,left_brewery,left_primary_style,left_abv,left_is_amber,left_is_ale,left_is_lager,left_is_imperial,left_secondary_style,left_special_ingredients,right_name,right_brewery,right_primary_style,right_secondary_style,right_abv,right_is_amber,right_is_ale,right_is_lager,right_is_imperial,right_special_ingredients
0,0,C N Red Imperial Red Ale,Redwood Lodge,American Amber/Ale,8.1,True,True,False,True,unknown,unknown,Kinetic Infrared Imperial Red Ale,Kinetic Brewing Company,American Strong Ale,,9.3,False,True,False,True,
1,1,Sanibel Red Island Ale,Point Ybel Brewing Company,American Amber Ale,5.6,True,True,False,False,,,Point Ybel Sanibel Red Island Ale,Point Ybel Brewing Company,Irish Ale,unknown,5.6,False,True,False,False,
2,0,Kniksen India Red Ale,7 Fjell Bryggeri,American Amber / Red Ale,6.80,False,False,False,False,unknown,unknown,Boneyard Skunkape,Boneyard Beer Company,IPA,,6.5,False,True,False,False,
3,0,Buffalo Trace Bourbon Barrel Aged Amber Ale,Wolf Hills Brewing Company,American Amber / Red Ale,unknown,True,True,False,False,unknown,,Ballast Point Calico Amber Ale - Rum Barrel Aged,Ballast Point Brewing Company,Amber Ale,,5.0,True,True,False,False,Rum Barrel Aged
4,1,Poor Richards Ale,Dry Dock Brewing Company,American Amber Ale,6.5,True,True,False,False,,unknown,21st Amendment Poor Richards Ale,21st Amendment Brewery,Traditional Ale,,7.0,False,True,False,False,
5,0,Redeemer Imperial Red Ale,Boston Beer Works,American Amber / Red Ale,8.2,True,True,False,True,,,Laurelwood Organic Deranger,Laurelwood Public House & Brewery,American Strong Ale,,8.6,False,True,False,True,unknown
6,0,Big Axe Red Ale,Big Axe Brewing Company,American Amber / Red Ale,6.8,True,True,False,False,,,Big Spruce Ready Yer Knot ... Regatta Red Ale,Big Spruce Brewing,Amber Ale,,unknown,True,True,False,False,
7,0,Roundabout Imperial Red Ale,Bonfire Brewing Co.,American Amber / Red Ale,8.8,True,True,False,True,,,Anacapa Riptide Imperial Red Ale,Anacapa Brewing Company,American Strong Ale,,8.0,False,True,False,True,unknown
8,0,Merry Prankster Imperial Red Ale,Rock Bottom Restaurant & Brewery,American Amber / Red Ale,4.56,True,True,False,True,,,Tumbledown Imp,Tumbledown Brewing LLC,American Strong Ale,,7.8,False,True,False,True,
9,0,Extra Special Red Ale,Alpha Brewing Company,American Amber Ale,5.0,True,True,False,False,,unknown,Ecliptic Phobos Extra Red Ale,Ecliptic Brewing,Amber Ale,,5.2,True,True,False,False,
10,0,Aorta Ale,Short's Brewing Company,American Amber / Red Ale,8.3,True,True,False,False,,unknown,Destihl Barrel Aged Deadhead Double Red Ale,Destihl Brewery,American Strong Ale,,unknown,False,True,False,True,
11,0,Three Sheets Barleywine,Ballast Point Brewing Company,American Barleywine,9.0,False,False,False,False,unknown,unknown,(512) Cabernet Barrel Aged Three,(512) Brewing Company,Abbey Tripel,,9.5,False,True,False,False,
12,1,Peak Organic The Maple Collaboration,Peak Organic Brewing Company,American Amber Ale,7.0,True,True,False,False,,unknown,Peak Organic The Maple,Shipyard Brewing Company,Amber Ale,,6.7,True,True,False,False,
13,0,Bourbon Barrel Red Oak Ale,Tornado Brewing Company,American Amber / Red Ale,unknown,False,False,False,False,unknown,unknown,Tongue Buckler Imperial Red Ale,Ballast Point Brewing Company,American Strong Ale,unknown,10.0,False,True,False,True,unknown
14,0,John Barleycorn - Bourbon Barrel Aged,Mad River Brewing Company,American Barleywine,12.5,False,True,False,True,unknown,unknown,Old Numbskull - Bourbon Barrel Aged,AleSmith Brewing Company,Barley Wine,,11.0,False,True,False,True,
15,1,Royal Amber Ale,Hops Grillhouse & Brewery,American Amber / Red Ale,4.5,True,True,False,False,,,Kalamazoo Royal Amber Ale,Bells Brewery,Amber Ale,unknown,unknown,True,True,False,,
16,1,The Gentle Mongoose,Holy City Brewing,American Amber Ale,6.9,True,True,False,False,,,Holy City The Gentle Mongoose,Holy City Brewing,Amber Ale,,6.9,True,True,False,False,
17,0,Hop Around Imperial Red Ale,Big Bay Brewing Co.,American Amber / Red Ale,9.0,True,True,False,True,,,ShuBrew Heart and Sole Imperial Red Ale,Shubrew,American Strong Ale,,6.8,False,True,False,True,unknown
18,0,3 Sisters American Red Ale,Wild Ride Brewing Company,American Amber / Red Ale,6.0,True,True,False,False,,,Saimaan Brewers Special American Red Ale,Saimaan Juomatehdas,Amber Ale,,4.7,True,True,False,False,
19,0,Dread Double Red,Bullfrog Brewery,American Amber Ale,7.8,True,True,False,False,,unknown,Wildcard Double Down,Wildcard Brewing Company,American Strong Ale,,7.5,False,True,False,True,
20,0,Love Rhino (Imperial Red Ale),Breckenridge Brewery,Red Ale,8.9,True,True,False,True,,,Madhouse Venture Series Oak Aged Imperial Red,Madhouse Brewing Company,American Ale,,8.5,False,True,False,True,
21,1,Cow Catcher Red,Mountain Town Station Brewing Co.,American Amber Ale,unknown,True,True,False,False,,,Mountain Town Cow Catcher Red Ale,Mountain Town Brewing Company,Amber Ale,,5.80,True,True,False,False,
22,0,Texas Red Amber Ale,Big Texan Brewery,American Amber / Red Ale,4.5,True,True,False,False,,,William Street Red Sky,William Street Beer Company,Amber Ale,unknown,5,True,True,False,False,unknown
23,0,6th Anniversary Ale,Kern River Brewing Company,American Amber Ale,8.0,True,True,False,True,,,Rollin Dirty Red Ale,Cigar City Brewing,Irish Ale,unknown,5,False,True,False,False,
24,0,Saint Gleason Imperial Red Ale,Abita Brewing Company,Red Ale,unknown,True,True,False,True,,,Mission Carrack Imperial Red Ale,Mission Brewery,American Strong Ale,,10.2,False,True,False,True,unknown
25,0,Bourbon Barrel Ro Shampo Imperial Red Ale,Figure 8 Brewing,American Amber / Red Ale,unknown,False,False,False,False,unknown,unknown,Sick N Twisted Naughty Redhead,Sick N Twisted Brewing Company,Red Ale,,8.0,False,True,False,True,
26,0,Ruby Red Ale,Ruby River Brewery,American Amber/Ale,4.0,True,True,False,False,unknown,,Pokertree Red Earl Ruby Ale,Pokertree,Amber Ale,,5.5,True,True,False,False,
27,0,Stone Liberty Station Outbreak Series : Red Ale,Stone Brewing Company,American Amber / Red Ale,7.0,True,True,False,False,,,Liberty High Point Rocket's Red Ale,Liberty Brewery & Grill - High Point,Irish Ale,unknown,unknown,False,False,False,False,unknown
28,0,Channary Imperial Red Ale,Narrows Brewing Company,American Amber / Red Ale,9.4,True,True,False,True,,,Fulton The Libertine,Fulton Beer Company,American Strong Ale,unknown,8.5,False,True,False,False,Heaven Hill Rye Whiskey Barrel Aged
29,0,Constanza s Hoppy Red Ale,Bomber Brewing,Red Ale,6.2,True,True,False,False,,unknown,Angry Adam,Spiteful Brewing,Red Ale,unknown,6,False,True,False,False,
30,0,Arsenal Imperial Red Ale,Great River Brewery,American Amber / Red Ale,9.0,True,True,False,True,,,Wynwood Fox,Wynwood Brewing Company,American Strong Ale,,7.7,False,True,False,True,
31,0,Double Dragon Imperial Red Ale,Phillips Brewing Company,American Amber / Red Ale,8.2,True,True,False,True,,,Edge Imperial Red Ale (Spring Seasonal),Edge Brewing Company,American Strong Ale,unknown,8.5,False,True,False,False,unknown
32,0,Bourbon Barrel Aged Auld Bitch,Tahoe Mountain Brewing Company .,American Barleywine,11.0,False,True,False,True,,unknown,Aspen Bourbon Barrel Aged Conundrum Red Ale,Aspen Brewing Company,Amber Ale,,6.5,True,True,False,False,
33,1,Kuhnhenn Extraneous Ale,Kuhnhenn Brewing Company,American Barleywine,17.0,False,False,False,False,unknown,unknown,Kuhnhenn Extraneous Ale,Kuhnhenn Brewing Company,Barley Wine,,17.5,False,True,False,True,
34,0,Lavery Imperial Red Ale,Lavery Brewing Company,Red Ale,8.2,True,True,False,True,,,Oak Creek King Crimson,Oak Creek Brewing Company,American Strong Ale,,9.5,False,True,False,True,unknown
35,0,Broadhead Bourbon Barrel Aged Red,Bainbridge Island Brewing Company,American Amber Ale,8.5,True,True,False,False,,,Ballast Point Tongue Buckler Imperial Red Ale - Bourbon Barrel Aged,Ballast Point Brewing Company,American Strong Ale,unknown,10.0,False,True,False,True,
36,1,Gorgon Red Ale,Ballistic Brewing Co.,American Amber Ale,5.5,True,True,False,False,,,Ballistic Brewing Gorgon Red Ale,Indian Wells Brewing,Amber Ale,,5.50,True,True,False,False,unknown
37,1,Hearthstone Red Rye Ale,Hearthstone Brewery,American Amber / Red Ale,5.00,True,True,False,False,,,Hearthstone Red Rye Ale,Hearthstone Brewery,Specialty Grain,unknown,5.0,False,True,False,False,
38,1,River Otter Ale,Union Station Brewery,American Amber / Red Ale,5.1,True,True,False,False,,,Sacramento River Otter Ale,Sacramento Brewing Company,English Pale Ale,,5.5,False,True,False,False,unknown
39,0,Deputation Imperial Red Ale,Brannon's Pub and Brewery,American Amber / Red Ale,8.0,True,True,False,True,,,Yukon You Only Live Once Imperial Red Ale,Yukon Brewing Company,Amber Ale,,7.5,True,True,False,True,
40,0,Batch 200 Olympus Mons Imperial Red Ale,Due South Brewing Company,American Amber / Red Ale,9.2,True,True,False,True,,,Three Heads Buffalo Soul Jah Imperial Red Ale,Custom Brewcrafters,American Strong Ale,unknown,9.2,False,True,False,True,unknown
41,0,Climax Noel,Eel River Brewing Company,Red Ale,9.2,True,True,False,True,,,Fulton The Libertine Imperial Red Ale,Fulton Beer Company,American Strong Ale,unknown,8.5,False,True,False,True,Heaven Hill Rye Whiskey Barrel Aged
42,0,Old Cascade,Roosterfish Brewing Company,American Amber Ale,5.5,True,True,False,False,unknown,,Central Coast Old Mission,Central Coast Brewing,Amber Ale,,5.5,True,True,False,False,null
43,0,Single Hop #3,Three Palms Brewing Company,American Amber Ale,6.8,True,True,False,False,,Citra,Lancaster Hop Buggy Amber Ale,Lancaster Brewing Company,Amber Ale,,5.6,True,True,False,False,
44,0,Bourbon Barrel Ro Shampo Imperial Red Ale,Figure 8 Brewing,American Amber / Red Ale,unknown,False,False,False,False,unknown,unknown,Spring House Atomic Raygun Imperial Red Ale,Spring House Brewing Company,American Strong Ale,,8.30,False,True,False,True,
45,0,Red Dirt,Wiley Roots Brewing Co.,American Amber Ale,8.2,True,True,False,True,,,Rock Bottom Orland Park King of Hearts Imperial Red Ale,Rock Bottom Orland Park,American Strong Ale,,7.6,False,True,False,True,
46,0,Bourbon Barrel Aged Redrum,Trinity Brewhouse,American Amber Ale,9.5,True,True,False,False,,,Aspen Bourbon Barrel Aged Conundrum Red Ale,Aspen Brewing Company,Amber Ale,,6.5,True,True,False,False,
47,1,Freedom Soho Red,Freedom Brewery Ltd,American Amber Ale,4.7,True,True,False,False,,,Freedom Soho Red,Freedom,Amber Lager,,4.7,True,False,True,False,
48,1,Heavyweight Ticklefight Champion Of The World,Solemn Oath Brewery,American Barleywine,12.0,False,True,False,False,,unknown,Solemn Oath Heavyweight Ticklefight Champion of the World,Solemn Oath Brewery,Barley Wine,unknown,12.0,False,True,False,False,unknown
49,0,Barrel Aged Moustache Ride Red,Flat 12 Bierwerks,American Amber Ale,6.1,True,True,False,False,,,Fulton The Libertine Imperial Red Ale - Heaven Hill Rye Whiskey Barrel Aged,Fulton Beer Company,American Strong Ale,,8.5,False,True,False,True,
50,1,Neudorf Red Ale,Brasserie Bendorf,American Amber / Red Ale,unknown,True,True,False,,unknown,,Bendorf Neudorf Red Ale,Bendorf,Red Ale,unknown,6.0,True,True,False,,unknown
51,0,Arthur's Imperial Red Ale,Otto's Pub and Brewery,American Amber / Red Ale,6.9,True,True,False,True,,unknown,Proof Abandoned Planet Imperial Red Ale,Proof Brewing Company,Amber Ale,,7.5,True,True,False,True,
52,0,Three Beavers Imperial Red Ale,Howe Sound Inn & Brewing Company,American Amber / Red Ale,7.5,True,True,False,True,unknown,unknown,406 Imperial Red Ale,406 Brewing Company,American Strong Ale,,9.2,False,True,False,True,
53,0,Arthur's Imperial Red Ale,Otto's Pub and Brewery,American Amber / Red Ale,6.9,True,True,False,True,unknown,unknown,Two Brothers Revelry,Two Brothers Brewing Company,American Strong Ale,,9.5,False,True,False,True,
54,0,Red Dragon Smoked Amber Ale,Hoppy Brewing Co.,American Amber Ale,5.5,True,True,False,False,,,Baird Smoked Amber Ale,Baird Brewing Company,Smoked,unknown,unknown,True,True,False,,
55,0,Olympus Mons Imperial Red Ale,Due South Brewing Co.,Red Ale,9.2,True,True,False,True,,,Ale Mania Imperial Red Ale,Ale Mania,American Strong Ale,unknown,9.5,False,True,False,True,unknown
56,0,Mr Grain Jeans Organic Amber Ale,Outpost Natural Foods,American Amber/Ale,5.5,True,True,False,False,,organic,Squatters Respect Your Mother Organic Amber Ale,Squatters Craft Beers,Amber Ale,,4.0,True,True,False,False,Organic
57,0,Smuttynose Kindest Find Imperial Red Ale,Smuttynose Brewing Company,Red Ale,8.5,True,True,False,True,,unknown,Two Brothers Revelry Imperial Red Ale,Two Brothers Brewing Company,American Strong Ale,unknown,9.5,False,True,False,True,
58,0,Broadhead Bourbon Barrel Aged Red,Bainbridge Island Brewing Company,American Amber Ale,8.5,True,True,False,False,,null,Flat 12 Barrel Aged Moustache Ride Red,Flat 12 Bierwerks,Amber Ale,,unknown,True,True,False,False,
59,0,Pizza Orgasmica,Devil's Canyon Brewing Company,American Amber Ale,6.5,True,True,False,,unknown,,Pizza Port Acacia Amber Ale,Pizza Port Solana Beach,Belgian Ale,unknown,unknown,False,False,False,False,unknown
60,0,Iron Mike's Amber Ale,Jacob Leinenkugel Brewing Company,American Amber / Red Ale,unknown,False,False,False,False,unknown,unknown,Railway City Iron Spike,Railway City Brewing Company,Amber Ale,,4.6,True,True,False,False,
61,0,Lagunitas Imperial Red Ale,Lagunitas Brewing Company,American Amber / Red Ale,7.8,True,True,False,True,,unknown,Three Heads Buffalo Soul Jah Imperial Red Ale,Custom Brewcrafters,American Strong Ale,,9.2,False,True,False,True,unknown
62,0,Photobomb,Crooked Ladder Brewing Company,American Amber Ale,8.5,True,True,False,True,,,Fulton The Libertine Imperial Red Ale,Fulton Beer Company,American Strong Ale,,8.5,False,True,False,True,Heaven Hill Rye Whiskey Barrel Aged
63,0,Arthur 's Imperial Red Ale,Otto's Pub and Brewery,American Amber / Red Ale,6.90%,True,True,False,True,,unknown,Kinetic Infrared Imperial Red Ale,Kinetic Brewing Company,American Strong Ale,unknown,9.3,False,True,False,True,
64,0,Red Rocket,Third Base Sports Bar & Brewery,American Ale,6.4,True,True,False,False,,,Blue Cat Red Toad Amber Ale,Blue Cat Brew Pub,Premium Bitter/ESB,,5.7,True,True,False,False,
65,0,Eruption,Worthy Brewing Company,American Amber Ale,8.0,True,True,False,True,,,Three Heads Buffalo Soul Jah Imperial Red Ale,Custom Brewcrafters,American Strong Ale,,9.2,False,True,False,True,unknown
66,0,Barrel Aged Red Ale,BearWaters Brewing Company,American Red Ale,6.7,True,True,False,False,,,Ballast Point Calico Amber Ale,Ballast Point Brewing Company,Amber Ale,unknown,5,True,True,False,False,
67,0,Gorgon Red Ale,Indian Wells Brewing Company,American Amber Ale,5.5,True,True,False,False,unknown,,Red Horn Coffee House and Brewing Company Red Horn Drink Well,Red Horn Coffee House and Brewing Company,Amber Ale,,5.5,True,True,False,False,
68,0,The Ginger A Red Ale,Elk Street Brewery & Tap Room,American Amber / Red Ale,6.8,True,True,False,False,,,Wyatt Earp Red Ale,The Beer Company,Ale,,7.0,False,True,False,False,unknown
69,0,North 45 Amber Ale,Petoskey Brewing Company,American Red Ale,5.8,True,True,False,False,,,Thirsty Pagan North Coast Amber Ale,Thirsty Pagan Brewing,Amber Ale,,unknown,True,True,False,False,
70,1,Red S on Vacation,Barley John's Brew Pub,American Amber / Red Ale,5.44,True,True,False,False,,unknown,Barley Johns Reds on Vacation,Barley Johns Brew Pub,Amber Ale,unknown,5.44,False,False,False,False,unknown
71,1,Old Cellar Dweller,Driftwood Brewery,American Barleywine,11.6,False,True,False,True,,,Driftwood Old Cellar Dweller,Driftwood Brewery,Barley Wine,,14.0,False,True,False,True,unknown
72,0,Lavery Imperial Red Ale,Lavery Brewing Company,Red Ale,8.2,True,True,False,True,,,Lagunitas Imperial Red Ale,Lagunitas Brewing Company (Heineken),American Strong Ale,,7.8,False,True,False,True,unknown
73,0,Double Dread Imperial Red Ale,Mad River Brewing Company,American Amber / Red Ale,8.6,True,True,False,True,,unknown,Mateo Loco,Scuttlebutt Brewing Co.,American Strong Ale,,7.1,False,True,False,True,
74,0,Roundabout,Bonfire Brewing Co.,American Amber Ale,8.8,True,True,False,True,,,YuleSmith Winter Imperial Red Ale,AleSmith Brewing Company,American Strong Ale,,8.5,False,True,False,True,
75,0,Port Chester Red Ale,Greenpoint Beerworks / Kelso of Brooklyn,American Amber / Red Ale,5.5,True,True,False,False,,,Rhino Chaser,Pizza Port (Ocean Beach),American Ale,,9.5,False,True,False,True,
76,0,Red Hopper,Black Acre Brewing Company,American Amber Ale,6.2,True,True,False,True,,,Proof Abandoned Planet Imperial Red Ale,Proof Brewing Company,Amber Ale,,7.5,True,True,False,True,
77,1,Sons Of Anarchy Amber Ale,Sudwerk Brewing Company,American Amber / Red Ale,4.7,True,True,False,False,,,Sudwerk Sons Of Anarchy Amber Ale,Sudwerk Brewing Company,Amber Ale,,4.7,True,True,False,False,
78,1,Eldred Rock Amber,Haines Brewing Company,American Ale,5.0,True,True,False,False,,unknown,Haines Eldred Rock Amber,Haines Brewing Company,Amber Ale,,5.0,True,True,False,False,
79,0,Double Dread Imperial Red Ale,Mad River Brewing Company,American Amber / Red Ale,8.6,True,True,False,True,,,406 Imperial Red Ale,406 Brewing Company,American Strong Ale,,9.2,False,True,False,True,unknown
80,0,Blood On The Blade Red IPA,Backpocket Brewing,American Amber / Ale,7.0,True,True,False,False,,,Bacchus Burrow Blood Red IPA,Bacchus Brewing Company Australia,India Pale Ale,,6.0,False,True,False,False,
81,1,My Hoppy Valentine,Excel Brewing Company,American Amber / Red Ale,6.5,True,True,False,False,,unknown,Excel My Hoppy Valentine,Excel Brewing Company,Amber Ale,,6.5,True,True,False,False,
82,0,Hop Around,Big Bay Brewing Co.,American Red Ale,9.0,True,True,False,True,,,Battle Axe Imperial Red Ale,Austin Beerworks,American Strong Ale,,8.0,False,True,False,True,
83,0,6th Anniversary Ale,Kern River Brewing Company,American Amber Ale,8.0,True,True,False,True,,,Tumbledown Imp,Tumbledown Brewing LLC,American Strong Ale,,7.8,False,True,False,True,unknown
84,0,Photobomb Imperial Red Ale,Crooked Ladder Brewing Company,American Amber / Red Ale,8.5,True,True,False,True,unknown,unknown,Heart and Sole Imperial Red Ale,ShuBrew,American Strong Ale,,6.8,False,True,False,True,
85,0,C N Red Imperial Red Ale,Redwood Lodge,American Amber / Red Ale,8.1,True,True,False,True,,unknown,Ballast Point Tongue Buckler Imperial Red Ale,Ballast Point Brewing Company,American Strong Ale,,10.0,False,True,False,True,
86,0,Deranger,Laurelwood Public House & Brewery,American Amber / Red Ale,8.6,True,True,False,True,,,Renegade Scarlett Letter,Renegade Brewing Company,American Strong Ale,,8.5,False,True,False,True,
87,0,All American Red Ale,Centennial Beer Company,American Amber Ale,5.0,True,True,False,False,,unknown,Stadin American Red Ale,Stadin Panimo,Amber Ale,unknown,4.50 %,True,True,False,False,unknown
88,0,Bulleit Bourbon Barrel Aged G'Knight,Oskar Blues Grill & Brew,American Amber Ale,8.7,True,True,False,False,,,Lompoc Bourbon Barrel Aged Old Tavern Rat,Lompoc Brewing,Barley Wine,unknown,9.7,False,True,False,True,
89,0,Big V Amber Ale,FreeWheel Brewing Company,American Amber Ale,4.0,True,True,False,False,,,Big Texan Texas Red Amber Ale,Big Texan Brewery,Amber Ale,,4.5,True,True,False,False,
90,0,Double Dread Imperial Red Ale,Mad River Brewing Company,American Amber / Red Ale,8.6,True,True,False,True,,unknown,Lagunitas Imperial Red Ale,Lagunitas Brewing Company (Heineken),American Strong Ale,,7.8,False,True,False,True,
91,0,5 Star Amber,The Civil Life Brewing Company,American Amber Ale,5.0,True,True,False,False,,,Blue Star Apache Amber Ale,Blue Star Brewing Co.,Amber Ale,,unknown,True,True,False,False,
92,0,Lavery Imperial Red Ale,Lavery Brewing Company,American Amber/Ale,8.2,True,True,False,True,,,Heart and Sole Imperial Red Ale,ShuBrew,American Strong Ale,,6.8,False,True,False,True,
93,0,Barrel Aged Imperial Red,Hale's Ales Brewery & Pub,American Amber Ale,9.0,True,True,False,True,,,Odin_s Beard,Imperial Oak Brewing,American Ale,,9.0,False,True,False,True,unknown
94,0,3 Sisters American Red Ale,Wild Ride Brewing Company,Red Ale,6.0,True,True,False,False,,,Black Shirt American India Red Ale,Black Shirt Brewing Company,American Ale,,7.09,False,True,False,True,
95,0,Red Dragon Smoked Amber Ale,Hoppy Brewing Co.,American Amber / Red Ale,5.5,True,True,False,False,,,Kilted Dragon Bonnie Heather,Kilted Dragon Brewing Company,Amber Ale,,5.0,True,True,False,False,
96,0,Mountain Goat Rare Breed India Red Ale,Mountain Goat Beer Pty Ltd,American Amber / Red Ale,6.6,True,True,False,False,unknown,unknown,Hammond River Red Coat,Hammond River Brewing,Amber Ale,unknown,6.5,True,True,False,False,
97,0,Lavery Imperial Red Ale,Lavery Brewing Company,American Amber / Red Ale,8.2,True,True,False,True,,unknown,Two Brothers Revelry,Two Brothers Brewing Company,American Strong Ale,,9.5,False,True,False,True,
98,0,Three Beavers Imperial Red Ale,Howe Sound Inn & Brewing Company,American Amber / Red Ale,7.5,True,True,False,True,,,Renegade Scarlett Letter,Renegade Brewing Company,American Strong Ale,,8.5,False,True,False,True,
99,0,Red-oric - Beer Camp #65,Sierra Nevada Brewing Company,American Amber Ale,8.0,True,True,False,True,,,Peter Bs Sum Of Hours,Peter Bs Brewpub,American Ale,,9.5,False,True,False,True,
100,1,Belle Gueule Rousse,Brasseurs R.J.,American Amber / Red Ale,5.2,True,True,False,False,,,Belle Gueule Rousse,Brasseurs RJ,Amber Lager,,5.2,True,False,True,False,
101,0,Red Rock,OPA-OPA Steakhouse & Brewery,American Amber Ale,6.0,True,True,False,False,,,Slanted Rock Iron Butt Red Ale,Slanted Rock Brewing Company,Amber Ale,,5.8,True,True,False,False,unknown
102,1,Ise Kadoya Amber Ale,Ise Kadoya Brewery,American Red Ale,4.5,True,True,False,False,,,Ise Kadoya Amarillo Amber Ale,Ise Kadoya,Amber Ale,,unknown,True,True,False,False,
103,0,Hop Around,Big Bay Brewing Co.,American Red Ale,9.0,True,True,False,True,,,Speakeasy Wet Hop Prohibition Red Ale,Speakeasy Ales and Lagers,Amber Ale,,6.1,True,True,False,False,
104,0,Deranger Imperial Red Ale,Laurelwood Public House & Brewery,American Amber / Red Ale,8.6,True,True,False,True,,,406 Imperial Red Ale,406 Brewing Company,American Strong Ale,,9.2,False,True,False,True,
105,0,C N Red Imperial Red Ale,Redwood Lodge,American Amber / Red Ale,8.1,True,True,False,True,,,Tumbledown Imp,Tumbledown Brewing LLC,Ale,,7.8,False,True,False,True,unknown
106,0,All American Red Ale,Centennial Beer Company,American Amber Ale,5.0,True,True,False,False,unknown,,Saimaan Brewers Special,Saimaan Juomatehdas,Amber Ale,,4.7,True,True,False,False,
107,0,Molly,New Helvetia Brewing Company,American Amber Ale,5.0,True,True,False,False,,,Big Time Lift Ticket American Red Ale,Big Time Brewery,India Pale Ale (IPA),,7.0,False,True,False,False,unknown
108,1,Barbarian Red Ale,Cervecería Barbarian,American Amber / Red Ale,6.5,True,True,False,False,,,Barbarian Red Ale,Cervecería Barbarian,Amber Ale,,6.5,True,True,False,False,unknown
109,0,Hop Around Imperial Red Ale,Big Bay Brewing Co.,American Amber / Red Ale,9.0,True,True,False,True,,,Ale Mania Imperial Red Ale,Ale Mania Fritz Ale,American Strong Ale,,9.5,False,True,False,True,
110,0,Barley Wine,Parallel 49 Brewing Company,American Barleywine,11.8,False,True,False,False,unknown,,Elevator Barrel Aged Barley Wine,Elevator Brewing Company,Barley Wine,,unknown,False,True,False,True,
111,0,West Sixth / Country Boy,West Sixth Brewing Company,Red Ale,13.0,True,True,False,True,,,Shark Lips Imperial Red Ale,Figueroa Mountain Brewing,American Strong Ale,unknown,8.0,False,True,False,False,unknown
112,0,Roundabout Imperial Red Ale,Bonfire Brewing Co.,American Amber / Red Ale,8.8,True,True,False,True,,unknown,Marble Imperial Red Ale,Marble Brewery,American Strong Ale,,9.0,False,True,False,True,
113,0,Shark Attack Double Red Ale,Port Brewing,American Amber / Red Ale,9.0,True,True,False,False,,unknown,Midnight Sun Unite Double Red Hot Ale (2015),Midnight Sun Brewing Company,Amber Ale,unknown,7.5,True,True,False,True,
114,0,Barrel Aged Riverside Red,Intuition Ale Works,American Amber / Red Ale,7.8,True,True,False,,unknown,,Blue Pants Big & Tall #2 Barrel Aged Belgian Red,Blue Pants Brewery,Belgian Ale,,9.0,False,True,False,False,null
115,1,Oatmeal Amber Ale,Ornery Beer Company Public House,American Red Ale,5.7,True,True,False,False,,unknown,John Harvards Oatmeal Amber Ale,John Harvard's Brewhouse (Corporate Office),Amber Ale,,6.5,True,True,False,False,null
116,0,Buffalo Trace Bourbon Barrel Aged Amber Ale,Wolf Hills Brewing Company,American Amber / Red Ale,unknown,True,True,False,False,unknown,,Ulysses,Barley_s Brewing Company,American Ale,,8.6,False,True,False,True,
117,0,Merry Prankster,Rock Bottom Restaurant & Brewery,Red Ale,4.56,True,True,False,True,,,Marble Imperial Red Ale,Marble Brewery,American Strong Ale,,9.0,False,True,False,True,unknown
118,0,Love Rhino,Breckenridge Brewery,American Ale,8.9,True,True,False,True,,unknown,Two Brothers Revelry,Two Brothers Brewing Company,American Strong Ale,unknown,9.5,False,False,False,False,unknown
119,0,Lagunitas Imperial Red Ale,Lagunitas Brewing Company,American Amber Ale,7.8,True,True,False,True,,,Sick N Twisted Naughty Redhead,Sick N Twisted Brewing Company,Amber Ale,,8.0,True,True,False,True,
120,0,Imperial Moustache Red Ale,Salty Nut Brewery,American Amber / Red Ale,6.0,True,True,False,True,,,Three Heads Buffalo Soul Jah Imperial Red Ale,Custom Brewcrafters,American Strong Ale,,9.2,False,True,False,True,
121,0,Single Hop #3,Three Palms Brewing Company,American Amber Ale,6.8,True,True,False,False,unknown,,Hill Farmstead Amarillo Single Hop Pale Ale,Hill Farmstead Brewery,American Pale Ale,,5.2,False,True,False,False,
122,1,Vital Infrared Imperial Red,Vital Brewing,Red Ale,9.4,True,True,False,True,,,Vital Infrared Imperial Red,Vital Brewing,American Strong Ale,,9.4,False,True,False,True,
123,1,Rip Saw Red,Pints Brewing Co.,American Amber Ale,6.5,True,True,False,False,,,Pints Rip Saw Red,Pints Brewing Company,Amber Ale,,5.9,True,True,False,False,
124,0,Bourbon Barrel Ro Shampo Imperial Red Ale,Figure 8 Brewing,American Amber / Red Ale,unknown,True,True,False,True,unknown,unknown,Cape Cod Bourbon Barrel Red,Cape Cod Beer,Amber Ale,,5.5,True,True,False,False,unknown
125,0,Panama Limited Red Ale,Flossmoor Station Restaurant & Brewery,American Amber / Red Ale,unknown,True,True,False,False,,,Flossmoor Station Barrel Aged Panama Limited Red Ale,Flossmoor Station Restaurant & Brewery,Amber Ale,,6.5,True,True,False,False,unknown
126,0,Tst Brw 01 - Imperial Red Ale,Brouwerij De Koninck NV,American Amber / Red Ale,7.8,True,True,False,True,,unknown,Kern River Dirty Hippie,Kern River Brewing Co.,American Ale,,8.0,False,True,False,True,
127,0,Buffalo Soul Jah Imperial Red Ale,Three Heads Brewing,American Amber / Red Ale,9.2,True,True,False,True,unknown,,Iron Horse Fresh Hop,Iron Horse Brewery,American Strong Ale,,unknown,False,True,False,True,
128,0,Roundabout Imperial Red Ale,Bonfire Brewing Co.,American Amber/Ale,8.8,True,True,False,True,,unknown,Peter B's Sum of Hours,Peter B's Brewpub,American Strong Ale,,9.5,False,True,False,True,unknown
129,0,Deputation Imperial Red Ale,Brannon's Pub and Brewery,American Amber / Red Ale,8.0,True,True,False,True,,unknown,Spring House Atomic Raygun,Spring House Brewing Company,American Strong Ale,,8.3,False,True,False,True,unknown
130,1,American Red Ale,Rock Art Brewery,Red Ale,4.8,True,True,False,False,,,Americas American Red Ale,Americas Brewpub,Amber Ale,,unknown,True,True,False,False,
131,0,Roundabout Imperial Red Ale,Bonfire Brewing Company,American Amber Ale,8.8,True,True,False,True,,unknown,Tumbledown Imp,Tumbledown Brewing LLC,American Strong Ale,,7.8,False,True,False,True,
132,0,Double Red Ale,The Seven Barrel Brewery,American Amber / Red Ale,8.2,True,True,False,False,,,Midnight Sun Unite Double Red Hot Ale,Midnight Sun Brewing Company,Amber Ale,unknown,7.5,True,True,False,True,
133,0,Molly American Red Ale,New Helvetia Brewing Company,American Amber / Red Ale,5.0,True,True,False,False,,,Genesee Brew House American Red Ale,Genesee Brewing Company (North American Breweries),Amber Ale,,5.0,True,True,False,False,unknown
134,0,Big Bully Amber Ale,Edge Brewing,American Red Ale,5.0,True,True,False,False,,,Big Time Atlas Amber Ale,Big Time Brewery,Amber Ale,,5.4,True,True,False,False,
135,0,Tongue Buckler,Ballast Point Brewing Company,American Red Ale,10.0,True,True,False,True,,,ShuBrew Heart and Sole Imperial Red Ale,ShuBrew,American Strong Ale,unknown,6.8,False,True,False,True,unknown
136,0,Bourbon Barrel Ro Shampo Imperial Red Ale,Figure 8 Brewing,American Amber / Red Ale,unknown,False,False,False,False,unknown,unknown,Lavery Imperial Red Ale (IRA),Lavery Brewing Company,American Strong Ale,,8.2,False,True,False,True,unknown
137,0,Sequoia American Amber Ale,Wig And Pen Brewing Company,American Amber / Red Ale,5.9,True,True,False,False,unknown,,Aarhus Cains Triple A American Amber Ale,Aarhus Bryghus,Amber Ale,,5.5,True,True,False,False,
138,0,Broadhead Bourbon Barrel Aged Red,Bainbridge Island Brewing Company,American Amber / Red Ale,8.5,True,True,False,False,,unknown,MadTree Bourbon Barrel Aged Happy Amber,MadTree Brewing Company,Amber Ale,unknown,6.0,True,True,False,False,
139,0,Sledgehammer,Cambridge Brewing Company,American Red Ale,7.75,True,True,False,True,,unknown,Anacapa Riptide,Anacapa Brewing Company,American Strong Ale,,8.0,False,True,False,True,
140,0,Old Guardian,Stone Brewing Co.,Barleywine,11.2,False,True,False,True,,Red Wine Barrel Aged,Fulton The Libertine Imperial Red Ale,Fulton Beer Company,American Strong Ale,,8.5,False,True,False,True,Heaven Hill Rye Whiskey Barrel Aged
141,0,Love Rhino,Breckenridge Brewery,American Red Ale,8.9,True,True,False,True,,unknown,Tumbledown Imp Imperial Red Ale,Tumbledown Brewing LLC,American Strong Ale,,7.8,False,True,False,True,unknown
142,0,Mad Anthony Muddy River,Mad Anthony Brewing Company,American Amber Ale,unknown,True,True,False,False,,,Mad River Jamaica Red Ale,Mad River Brewery,Amber Ale,,6.5,True,True,False,False,
143,0,Simeon Jones River Valley Amber Ale,Picaroons Brewing Company,American Red Ale,4.5,True,True,False,False,,null,Piney River McKinney Eddy,Piney River Brewing Company,Amber Ale,,unknown,True,True,False,False,
144,0,Deranger Imperial Red Ale,Laurelwood Public House & Brewery,American Amber / Red Ale,8.6,True,True,False,True,,,Kinetic Infrared Imperial Red Ale,Kinetic Brewing Company,American Strong Ale,,9.3,False,True,False,True,null
145,0,Red Rocket,Third Base Sports Bar & Brewery,American Ale,6.4,True,True,False,False,,,Red Duck,Purrumbete Brewing,Amber Ale,,4.8,True,True,False,False,
146,0,Double Red Hot Ale,Midnight Sun Brewing Co.,American Amber / Red Ale,7.57,True,True,False,False,,unknown,Destihl Barrel Aged Deadhead Double Red Ale,Destihl Brewery,American Strong Ale,,unknown,False,True,False,True,
147,0,Wasatch 50th Park City Golden Anniversary Ale,Utah Brewers Cooperative,American Amber / Red Ale,4.00,True,True,False,False,,,Golden City Centurion,Golden City Brewery,Barley Wine,,11.2,False,True,False,True,
148,1,Regimental Scottish Ale,Crooked Eye Brewery,American Amber / Red Ale,4.7,True,True,False,False,,,Crooked Eye Regimental,Crooked Eye Brewery,Scottish Ale,,4.7,False,True,False,False,
149,1,Dream of the 90s,Prohibition Pig Brewery,American Amber Ale,6.1,True,True,False,False,,unknown,Prohibition Pig Dream of the 90s,Prohibition Pig,Amber Ale,unknown,unknown,False,False,False,False,unknown
150,1,Fullers Traitors Gate,Fuller Smith & Turner PLC,American Amber Ale,4.5,True,True,False,False,,,Fuller's Traitor's Gate,Fuller's,Bitter,,4.5,False,True,False,False,
151,0,Sledgehammer Imperial Red Ale,Cambridge Brewing Company,American Amber / Red Ale,7.75,True,True,False,True,,unknown,Edge Imperial Red Ale,Edge Brewing Company,American Strong Ale,,8.5,False,True,False,True,unknown
152,0,Weekender,Stilt House Brewery,American Ale,5.2,True,True,False,False,,,Canal Park General Sterling Price American Amber Ale - Centennial,Canal Park Brewing Company,Amber Ale,,4.8,True,True,False,False,
153,1,Blarney Rock,Rockyard Brewing,American Amber Ale,6.0,True,True,False,False,,,Rockyard Blarney Rock,Rockyard Brewing Company,Irish Ale,,unknown,False,True,False,False,
154,0,Aiken American Red Pale Ale,Aiken Brewing Company,American Amber / Red Ale,unknown,True,True,False,False,,,Blue Heron Corey_s American Pale Ale ( C.A.P.A. ),Blue Heron Brewpub,American Pale Ale,,6.20,False,True,False,False,
155,0,Deranger Imperial Red Ale,Laurelwood Public House & Brewery,American Amber / Red Ale,8.6,True,True,False,True,,,Ale Mania Imperial Red Ale,Fritz Ale,American Strong Ale,,9.5,False,True,False,True,
156,0,Big Bear Amber Ale,Stewart's Brewing Co.,American Amber / Red Ale,5.6,True,True,False,False,unknown,unknown,Big Horn Buttface,Big Horn Brewing Company (Ram International),Amber Ale,,5.8,True,True,False,False,
157,0,Great Lakes Independence Ale,Great Lakes Brewing Company,American Amber/Ale,6.0,True,True,False,False,unknown,,Amsterdam X Great Lakes Indie Ale Barley Wine,Amsterdam Brewing Company,Barley Wine,,10.0,False,True,False,True,oak
158,0,Three Beavers Imperial Red Ale,Howe Sound Brewing Company,Red Ale,7.5,True,True,False,True,,unknown,Mateo Loco,Scuttlebutt Brewing Co.,American Strong Ale,,7.1,False,True,False,True,
159,0,Hop Around Imperial Red Ale,Big Bay Brewing Co.,American Amber / Red Ale,9.0,True,True,False,True,,,Laguna Beach Grateful Red,Laguna Beach Brewing,American Strong Ale,,11.0,False,True,False,True,
160,0,Ale Mania Imperial Red Ale,Ale-Mania,American Amber / Red Ale,9.5,True,True,False,True,,,Tumbledown Imp,Tumbledown Brewing LLC,American Strong Ale,,7.8,False,True,False,True,null
161,0,Love Rhino,Breckenridge Brewery,American Red Ale,8.9,True,True,False,True,,,Cigar City Cold Brew Series Red Ale,Cigar City Brewing,Amber Ale,,7.2,True,True,False,False,unknown
162,1,Shirt Tail Amber,Iron Hill Brewery & Restaurant,American Amber Ale,4.4,True,True,False,False,,,Iron Hill Shirt Tail Amber,Iron Hill Maple Shade,Amber Ale,,4.4,True,True,False,False,
163,0,Desert Island Series American Honey,Heavy Seas Beer,American Amber Ale,4.9,True,True,False,False,,unknown,Granville Island Gastown Amber Ale,MolsonCoors,Amber Ale,,5.5,True,True,False,False,unknown
164,0,Starlord's Mixtape/Groot Drank Imperial Red Ale,Charging Hippo Brewing Co.,American Amber / Red Ale,8.2,True,True,False,True,,unknown,Rhino Chaser Imperial Red Ale,Pizza Port (Ocean Beach),American Strong Ale,,9.5,False,True,False,True,
165,0,Barrel Aged Red Ale,BearWaters Brewing Company,American Amber / Red Ale,6.7,True,True,False,False,,,Barley_s Barrel Aged Ulysses,Barley_s Brewing Company,American Strong Ale,unknown,8.6,False,True,False,True,
166,0,Stupiphany Imperial Red Ale,Rusty Truck Brewing Company / Roadhouse 101,American Amber / Red Ale,8.0,True,True,False,True,,,Sick N Twisted Naughty Redhead Imperial,Sick N Twisted Brewing Company,Amber Ale,,8.0,True,True,False,True,
167,0,Red 88,River City Brewing Co.,American Amber Ale,8.0,True,True,False,True,,unknown,Yukon You Only Live Once Imperial Red Ale,Yukon Brewing Company,Amber Ale,,7.5,True,True,False,True,unknown
168,0,Hurricane Alley,Florida Beer Company,American Amber Ale,unknown,True,True,False,False,,,Charleville Tornado Alley Amber Ale,Charleville Vineyard & Microbrewery,Amber Ale,unknown,unknown,True,True,False,,
169,0,Love Rhino,Breckenridge Brewery,Red Ale,8.9,True,True,False,True,,null,Kinetic Infrared Imperial Red Ale,Kinetic Brewing Company,American Strong Ale,unknown,9.3,False,True,False,False,unknown
170,0,Brewmaster's Reserve Imperial Red Ale,BJ's Chicago Pizza & Brewery Inc.,American Amber / Red Ale,9.2,True,True,False,True,unknown,unknown,Rock Bottom Orland Park King of Hearts Imperial Red Ale,Rock Bottom Orland Park,American Strong Ale,,7.6,False,True,False,True,
171,0,Red Headed Slut Amber Ale,Twisted K-8 Brewing Company,American Ale,6.5,True,True,False,False,,,Baird Red Rose,Baird Brewing Co.,Amber Ale,,5.4,True,True,False,False,
172,0,Bulleit Bourbon Barrel Aged G'Knight,Oskar Blues,American Amber Ale,8.7,True,True,False,False,,unknown,MadTree Bourbon Barrel Aged Happy Amber,MadTree Brewing Company,Amber Ale,,6.0,True,True,False,False,unknown
173,0,Aiken American Red Pale Ale,Aiken Brewing Company,American Amber / Red Ale,unknown,True,True,False,,unknown,,Wild Ride American Red Ale,Wild Ride Brewing,Ale,,6.0,True,True,False,False,unknown
174,0,Phobos Single Hop Red Ale,Ecliptic Brewing,American Amber / Red Ale,7.4,True,True,False,False,,,Iron Horse Fresh Hop Imperial Red Ale,Iron Horse Brewery,American Strong Ale,,unknown,False,True,False,True,
175,0,Frost Quake,Wellington County Brewery,Barleywine,9.8,False,True,False,True,,unknown,MadTree Bourbon Barrel Aged Happy Amber,MadTree Brewing Company,Amber Ale,,6.0,True,True,False,False,unknown
176,0,Bourbon Barrel Aged Horus Imperial Red,Elevator Brewery & Draught Haus,American Amber / Ale,12.0,True,True,False,True,unknown,,Legacy Bourbon Barrel Hedonism Red,Legacy Brewing,American Strong Ale,,7.1,False,True,False,True,
177,0,Rocky Mountain Red Ale,Grand Lake Brewing Company,American Amber / Red Ale,unknown,True,True,False,False,,,Crazy Mountain Boohai Red Ale,Crazy Mountain Brewing Company,Amber Ale,,6.0,True,True,False,False,
178,0,Ro Shampo Imperial Red Ale,Figure 8 Brewing,American Amber / Red Ale,7.5,True,True,False,True,,unknown,Dirty Hippie,Kern River Brewing,Red Ale,,8.0,False,True,False,True,unknown
179,0,Red-Oric,Sierra Nevada Brewing Company,American Amber Ale,8.0,True,True,False,True,,,Rock Bottom Orland Park King of Hearts Imperial Red Ale,Rock Bottom Orland Park,American Strong Ale,,7.6,False,True,False,True,
180,0,Alaskan Barley Wine,Alaskan Brewing Co.,American Barleywine,10.7,False,True,False,False,unknown,unknown,Hermit Thrush Abbey Series #1,Hermit Thrush Brewery,Barley Wine,,13.0,False,True,False,True,
181,0,Starfish Imperial Red Ale,Fish Brewing Company / Fishbowl Brewpub,American Amber/Radial Ale,7.5,True,True,False,True,unknown,,Worthy Eruption,Worthy Brewing Company,American Strong Ale,,8.0,False,True,False,True,null
182,0,3 Sisters American Red Ale,Wild Ride Brewing Company,American Amber Ale,6.0,True,True,False,False,,null,Stadin American Red Ale,Stadin Panimo,Amber Ale,unknown,4.5,True,True,False,False,
183,0,Double Mongrel,Aspetuck Brew Lab,Red Ale,9.0,True,True,False,True,,unknown,Peter Bs Sum Of Hours,Peter Bs Brewpub,American Ale,unknown,9.5,False,True,False,False,
184,0,Buffalo Soul Jah,Three Heads Brewing,American Amber Ale,9.2,True,True,False,True,,unknown,Fulton The Libertine,Fulton Beer Company,American Strong Ale,,8.5,False,True,False,True,Heaven Hill Rye Whiskey Barrel Aged
185,1,unknown,unknown,unknown,unknown,False,False,False,False,unknown,unknown,Cape Ann Fisherman_s Tea Party,Cape Ann Brewing Company,Barley Wine,,9.0,False,True,False,True,
186,0,Red-oric - Beer Camp # 65,Sierra Nevada Brewing Company,American Amber Ale,8.0,True,True,False,True,,unknown,Two Brothers Revelry,Two Brothers Brewing Company,American Strong Ale,,9.5,False,True,False,True,
187,0,6th Anniversary Ale,Kern River Brewing Company,American Red Ale,8.0,True,True,False,True,,unknown,Two Brothers Revelry Imperial Red Ale,Two Brothers Brewing Company,American Strong Ale,,9.5,False,True,False,True,
188,0,Kingpin Double Red Ale,BridgePort Brewing Co.,American Amber / Red Ale,7.5,True,True,False,False,,,Out of Bounds Relentless Double Red Ale,Out of Bounds Brewing Company,American Strong Ale,,8.2,False,True,False,True,
189,0,Ale Mania Imperial Red Ale,Ale-Mania,American Amber / Red Ale,9.5,True,True,False,True,,unknown,Proof Abandoned Planet Imperial Red Ale,Proof Brewing Company,Red Ale,,7.5,False,True,False,True,null
190,0,Aorta Ale,Short's Brewing Company,American Amber/Ale,8.3,True,True,False,False,,unknown,Wildcard Double Down Imperial Red Ale,Wildcard Brewing Company,American Strong Ale,unknown,7.5,False,True,False,True,unknown
191,0,Ulysses Imperial Red Ale,Barley's Brewing Company,American Amber / Red Ale,unknown,True,True,False,True,,,Tongue Buckler Imperial Red Ale,Ballast Point Brewing Company,American Strong Ale,unknown,10.0,False,True,False,True,unknown
192,0,Harold The Red Ale,Black Husky Brewing,American Amber / Red Ale,unknown,True,True,False,False,,,Off The Rail Raybuck Red Ale,Off The Rail Brewing,Amber Ale,unknown,6.4,True,True,False,,
193,0,Double Dread,Mad River Brewing Company,American Red Ale,8.6,True,True,False,True,,unknown,Ballast Point Tongue Buckler Imperial Red Ale - Bourbon Barrel Aged,Ballast Point Brewing Company,American Strong Ale,,10.0,False,True,False,True,
194,1,Insane Mane,White Lion Brewing Company,American Red Ale,5.1,True,True,False,False,,,White Lion Insane Mane Red Ale,Ipswich Ale Brewery,Amber Ale,,unknown,True,True,False,False,
195,0,Eruption Imperial Red Ale,Worthy Brewing Company,Red Ale,8.0,True,True,False,True,,unknown,Ale Mania Imperial Red Ale,Fritz Ale,American Strong Ale,unknown,9.5,False,True,False,True,unknown
196,0,Deranger,Laurelwood Public House & Brewery,American Amber / Red Ale,8.6,True,True,False,True,unknown,unknown,Brannon's Deputation Imperial Red Ale,Brannon's Pub and Brewery,American Strong Ale,,8.79,False,True,False,True,
197,0,Sequoia American Amber Ale,Wig And Pen,American Ale,5.9,True,True,False,False,,,Canal Park General Sterling Price American Amber Ale - Centennial,Canal Park Brewing Company,Amber Ale,,4.8,True,True,False,False,
198,0,Frost Quake,Wellington County Brewery,Barleywine,9.8,False,True,False,False,unknown,unknown,Hangar 24 Barrel Roll,Hangar 24 Craft Brewery,Barley Wine,unknown,13.9,False,False,False,False,unknown
199,0,Road Rash Red,Tandem Brewing Company,American Amber Ale,6.0,True,True,False,False,,,Kettle House Bourbon Barrel Road Rash Imperial Red Ale,Kettle House Brewing Company,American Strong Ale,,13.0,False,True,False,True,unknown
200,0,Willoughby American Amber Ale,Willoughby Brewing,American Amber Ale,4.9,True,True,False,False,,null,Maldita Old Continent American Amber Ale,Faustino Microcervejeira,American Ale,,6.0,True,True,False,False,unknown
201,0,Old Guardian Barley Wine Style Ale - Bourbon Barrel Aged,Stone Brewing Company,American Barleywine,11.2,False,True,False,True,,Bourbon Barrel Aged,Revolution Barrel Aged Institutionalized Barley Wine,Revolution Brewing Company,Barley Wine,,13.0,False,True,False,True,
202,0,Red Headed Slut,Twisted K-8 Brewing Company,American Amber Ale,6.5,True,True,False,False,,,Trailhead Red Amber Ale,Trailhead Brewing Co.,Amber Ale,,unknown,True,True,False,False,
203,0,Red Hopper,Black Acre Brewing Company,American Amber Ale,6.2,True,True,False,True,,,Worthy Eruption,Worthy Brewing Company,American Strong Ale,,8.0,False,True,False,True,
204,0,Ro Shampo Imperial Red Ale,Figure 8 Brewing,American Amber / Red Ale,7.5,True,True,False,True,,,Tongue Buckler Imperial Red Ale,Ballast Point Brewing Company,American Strong Ale,,10.0,False,True,False,True,Bourbon Barrel Aged
205,0,BJS Imperial Red Ale,BJS Restaurant & Brewhouse,American Amber / Red Ale,9.0,True,True,False,True,,,Fulton The Libertine Imperial Red Ale,Fulton Beer Company,American Strong Ale,,8.5,False,True,False,True,Heaven Hill Rye Whiskey Barrel Aged
206,0,Three Beavers Imperial Red Ale,Howe Sound Brewing Company,American Amber Ale,7.5,True,True,False,True,,null,Mission Carrack Imperial Red Ale,Mission Brewery,American Strong Ale,unknown,10.20%,False,True,False,True,
207,0,Kniksen India Red Ale,7 Fjell Bryggeri,American Amber / Red Ale,6.8,True,True,False,False,,unknown,Good People Stepchild,Good People Brewing Company,India Pale Ale (IPA),,7.8,False,True,False,False,unknown
208,0,Pioneer American Red Ale,Pioneer Beer Company,American Amber / Red Ale,5.7,True,True,False,False,,,Fat Bottom Ruby Red American Ale,Fat Bottom Brewery,Amber Ale,,4.6,True,True,False,False,
209,0,Clifford The Big Red Ale,Books & Brews,American Amber Ale,6.8,True,True,False,,unknown,,Big Choice Disconnected Red Ale,Big Choice Brewing,Amber Ale,,6.7,True,True,False,False,unknown
210,1,Boohai Red Ale,Crazy Mountain Brewing Company,American Amber / Red Ale,6.0,True,True,False,False,,,Crazy Mountain Boohai Red Ale,Crazy Mountain Brewing Company,Red Ale,,6.0,False,True,False,False,
211,1,Barrel Aged Chessie,Union Craft Brewing Company,American Barleywine,9.8,False,True,False,True,unknown,,Union Craft Chessie,Union Craft Brewing Company,Barley Wine,unknown,9.8,False,True,False,True,
212,1,Trail Ridge Red,Grand Lake Brewing Company,American Amber Ale,7.5,True,True,False,False,,,Estes Park Trail Ridge Red,Estes Park Brewery,Bitter,unknown,4.5,False,True,False,False,unknown
213,0,Brewmaster's Reserve Imperial Red Ale,BJ's Chicago Pizza & Brewery Inc.,American Amber / Red Ale,9.2,True,True,False,True,unknown,unknown,Renegade Scarlett Letter Red Ale,Renegade Brewing Company,American Strong Ale,,8.5,False,True,False,True,unknown
214,0,Red Dragon,Dead Frog Brewing,American Amber / Red Ale,8.0,True,True,False,True,,unknown,Proof Abandoned Planet Imperial Red Ale,Proof Brewing Company,Amber Ale,,7.5,True,True,False,True,unknown
215,0,3 Sisters American Red Ale,Wild Ride Brewing Company,American Red Ale,6.0,True,True,False,False,unknown,,Radiant Pig Gangster Duck American Red Ale,Radiant Pig Beer Company,Red Ale,,6.2,False,True,False,False,
216,0,Alaskan Imperial Red Ale (Pilot Series),Alaskan Brewing Company,American Amber Ale,8.5,True,True,False,True,,,Swamp Head Sciaenhops Imperial Red Ale,Swamp Head Brewery,American Strong Ale,unknown,8.3,False,True,False,True,
217,1,Summer Session Ale,Elk Creek Cafe + Aleworks,American Amber / Red Ale,4.2,True,True,False,False,,,Aqula Summer Session Ale,Aquila,Pale Ale,,4.5,False,True,False,False,unknown
218,0,Stupiphany Imperial Red Ale,Rusty Truck Brewing Company / Roadhouse 101,American Amber / Red Ale,8.0,True,True,False,True,,unknown,AleSmith YuleSmith (Winter) Imperial Red Ale,AleSmith Brewing Company,American Strong Ale,,8.5,False,True,False,True,unknown
219,0,Jurassic Duck Amber Ale,The Dodging Duck Brewhaus,American Amber/Ale,unknown,True,True,False,False,,Mosaic,Nighthawk,Nighthawk Brewery,Amber Ale,,6.7,True,True,False,False,unknown
220,0,Photobomb Imperial Red Ale,Crooked Ladder Brewing Company,American Amber / Red Ale,8.5,True,True,False,True,,unknown,Howe Sound Three Beavers Imperial Red Ale,Howe Sound Brewing,American Strong Ale,,7.5,False,True,False,True,
221,0,O'Connor's Irish Red Ale,Wormtown Brewery,American Amber Ale,5.0,True,True,False,False,,null,Loose Shoe SlÃ ¡ inte Irish Red Ale,Loose Shoe Brewing Company,Irish Ale,,5.5,False,True,False,False,
222,0,Winter Seasonal,Dead Frog Brewing,American Amber Ale,5.0,True,True,False,False,,,Brewsters Winter Warmer,Brewsters Brewing Company,Amber Ale,unknown,6,True,True,False,,unknown
223,0,Hawai'i Nui Sunset Amber Ale,Hawai'i Nui Brewing / Mehana Brewing Company,American Amber / Red Ale,5.45,True,True,False,False,,,Grand Canyon Sunset,Grand Canyon Brewing Company,Amber Ale,,5.0,True,True,False,False,
224,0,Street Cred India Rye Red Ale,Roaring Fork Beer Company,Red Ale,7.2,True,True,False,False,,,Good People Stepchild Belgian India Red Ale,Good People Brewing Company,India Pale Ale (IPA),,7.8,False,True,False,False,
225,0,Double Mongrel,Aspetuck Brew Lab,American Amber / Red Ale,9.0,True,True,False,True,,null,Spring House Atomic Raygun Imperial Red Ale,Spring House Brewing Company,American Strong Ale,unknown,8.3,False,True,False,True,
226,0,Red Shedman Imperial Amber Ale,57 Brew Pub & Bistro,American Amber / Red Ale,7.6,True,True,False,True,,unknown,Kinetic Infrared Imperial Red Ale,Kinetic Brewing Company,American Strong Ale,unknown,9.3,False,True,False,True,
227,0,Eruption Imperial Red Ale,Worthy Brewing Company,American Amber Ale,8.0,True,True,False,True,,unknown,De Koninck TSTBRW 01 Imperial Red Ale,Brouwerij De Koninck Duvel-Moortgat,American Strong Ale,,7.8,False,True,False,True,
228,1,Copperhead Amber Ale,Yalobusha Brewing Company,American Amber Red Ale,5.65,True,True,False,False,unknown,,Yalobusha Copperhead,Yalobusha Brewing Company,Amber Ale,,5.6,True,True,False,False,
229,1,Dark Horse Amber Ale,Dark Horse Brewing Company,American Amber Ale,5.5,True,True,False,False,,unknown,Dark Horse Amber Ale,Dark Horse Brewing Company,Amber Ale,unknown,5.5,True,True,False,False,
230,0,Starlord's Mixtape / Groot Drank Imperial Red Ale,Charging Hippo Brewing Co.,American Amber Ale,8.2,True,True,False,True,,,Iron Horse Fresh Hop Imperial Red Ale,Iron Horse Brewery,American Strong Ale,,unknown,False,True,False,True,
231,0,Red Emperor Amber Ale,Fish Rock Brewery,American Amber / Red Ale,4.5,True,True,False,False,,,Fox and Hound Red Fox Amber Ale,Anheuser-Busch InBev,Amber Ale,,5.1,True,True,False,False,
232,0,Double Mongrel,Aspetuck Brew Lab,American Amber Ale,9.0,True,True,False,True,unknown,,Boxing Cat Firecracker,Boxing Cat Brewery,Amber Ale,unknown,6.6,True,True,False,True,
233,1,Strada S Felice,Grado Plato,American Amber Ale,8.0,True,True,False,False,,,Grado Plato,Birrificio Grado Plato,Spice/Vegetable,,8.0,False,True,False,False,unknown
234,0,Morrisons American Red Ale,Titanic Brewery,American Amber / Red Ale,4.50,False,False,False,False,unknown,unknown,Americas American Red Ale,Americas Brewpub,Amber Ale,,unknown,True,True,False,False,
235,0,Arsenal Imperial Red Ale,Great River Brewery,American Amber / Red Ale,9.0,True,True,False,True,,,Kern River Dirty Hippie,Kern River Brewing Company,American Ale,unknown,8,True,True,False,True,
236,0,Sea Spray Amber Ale,Bowen Island Brewing Company,American Amber / Red Ale,5.0,True,True,False,False,,,Swashbuckler Red Sea Amber Ale,Swashbuckler Brewing Company,Amber Ale,,unknown,True,True,False,False,
237,0,Alaskan Imperial Red Ale (Pilot Series),Alaskan Brewing Co.,American Amber / Red Ale,8.5,True,True,False,True,unknown,unknown,BottleTree Imperial Red Ale,Thomas Creek Brewery,American Strong Ale,,7.5,False,True,False,True,unknown
238,0,Double Dread,Mad River Brewing Company,Red Ale,8.6,True,True,False,True,,unknown,Ballast Point Tongue Buckler Imperial Red Ale,Ballast Point Brewing Company,American Strong Ale,,10.0,False,True,False,True,
239,0,Big V Amber Ale,FreeWheel Brewing Company,American Amber Ale,4.0,True,True,False,False,,,Heinzelmannchen Big Amber Gnome Ale,Heinzelmannchen Brewery,Amber Ale,,8.0,True,True,False,False,
240,0,Big Horn Buttface Amber Ale,CB & Potts,American Red Ale,unknown,True,True,False,False,,,Big Texan Texas Red,Big Texan Brewery,Amber Ale,,4.5,True,True,False,False,
241,0,Smuttynose Kindest Find Imperial Red Ale,Smuttynose Brewing Company,American Amber/Ale,8.5,True,True,False,True,,,Kettle House Bourbon Barrel Road Rash Imperial Red Ale,Kettle House Brewing Company,American Strong Ale,,13.0,False,True,False,True,
242,0,Beer of the Dragon,Beachwood BBQ & Brewing,American Amber Ale,9.1,True,True,False,False,,,Anderson Valley Barrel Aged Horn of the Beer Barley Wine,Anderson Valley Brewing Company,Barley Wine,,8.6,False,True,False,False,
243,0,Barley Wine,Parallel 49 Brewing Company,American Barleywine,11.8,False,True,False,True,,,Hangar 24 Barrel Roll No. 04 : Hammerhead - Barrel Aged Barley Wine,Hangar 24 Craft Brewery,Barley Wine,unknown,11.2,False,True,False,True,
244,0,Isle Of Pines Barley Wine,Flying Goose Brew Pub & Grille,American Barleywine,11.0,False,False,False,False,unknown,unknown,Anderson Valley Barrel Aged Horn of the Beer Barley Wine,Anderson Valley Brewing Company,Barley Wine,,8.6,False,True,False,True,unknown
245,0,Noggin Floggin Bourbon Barrel Aged,Hopworks Urban Brewery,American Barleywine,9.6,False,True,False,True,,,MadTree Bourbon Barrel Aged Happy Amber,MadTree Brewing Company,Amber Ale,,6.0,True,True,False,False,unknown
246,0,Mermaids Red Ale,Coronado Brewing Company,American Amber Ale,unknown,True,True,False,False,,,Rollin Dirty Red Ale - Wood Aged,Cigar City Brewing,Red Ale,unknown,5.0,False,True,False,False,unknown
247,0,Imperial Red Ale,Epic Brewing Company,American Amber / Red Ale,7.70,True,True,False,True,,,ShuBrew Heart and Sole Imperial Red Ale,ShuBrew,American Strong Ale,,6.8,False,True,False,True,
248,0,Frog Island Amber Ale,Frog Island Brewing Company,American Red Ale,6.0,True,True,False,False,,,Desert Island Series American Honey,Heavy Seas Brewing Company,Amber Ale,unknown,4.9,True,True,False,False,
249,0,Olde Richmond Batch No. 9 Red Ale,Olde Richmond Beer Company,American Amber / Red Ale,unknown,True,True,False,False,,,Engine House Rowdy Dick,Engine House Restaurant and Brewery,Amber Ale,,5.3,True,True,False,False,unknown
250,0,West Sixth / Country Boy Country Western ( Volume 3 Imperial Red Ale ),West Sixth Brewing Company,Red Ale,13.0,True,True,False,True,,unknown,Ballast Point Tongue Buckler Imperial Red Ale,Ballast Point Brewing Company,American Strong Ale,unknown,10,True,True,False,True,unknown
251,0,Double Dragon Imperial Red Ale,Phillips Brewing Company,American Amber / Red Ale,8.2,True,True,False,True,,,Wildcard Double Down Imperial Red Ale,Wildcard Brewing Company,American Strong Ale,,7.5,False,True,False,True,unknown
252,0,Barrel Aged Imperial Red Ale,Boone Valley Brewing,Red Ale,9.99,True,True,False,True,,,Laurelwood Organic Deranger Imperial Red Ale,Laurelwood Public House & Brewery,American Strong Ale,,8.6,False,True,False,True,
253,0,Ruby River Ruby Red Ale,Ruby River Steakhouse & Brewery,American Amber / Red Ale,4.0,True,True,False,False,,,Pine Creek River Valley Red Ale,Big Rock Brewery,Amber Ale,,5.0,True,True,False,False,unknown
254,0,Buffalo Trace Bourbon Barrel Aged Amber Ale,Wolf Hills Brewing Company,American Amber Ale,unknown,True,True,False,False,unknown,,Barrel Trolley,Genesee Brewing Company (North American Breweries),Amber Ale,,unknown,True,True,False,False,
255,0,Bourbon Barrel Aged Auld Bitch,Tahoe Mountain Brewing Company,American Barleywine,11.0,False,True,False,True,,unknown,Lompoc Bourbon Barrel Aged Proletariat Red Ale,Lompoc Brewing,Amber Ale,,6.4,True,True,False,False,
256,1,Unite Red Rye Ale,The Pike Brewing Company,American Amber / Red Ale,4.6,True,True,False,False,,,Pike Unite Red Rye Ale,Pike Brewing Company,Amber Ale,unknown,4.6,True,True,False,,
257,0,Red Dirt Imperial Red Ale,Wiley Roots Brewing Company,American Amber / Red Ale,8.2,True,True,False,True,unknown,unknown,Laguna Beach Grateful Red,Laguna Beach Brewing,American Strong Ale,,11.0,False,True,False,True,
258,0,Lagunitas Imperial Red Ale,Lagunitas Brewing Company,American Amber / Red Ale,7.8,True,True,False,True,,,Rhino Chaser,Pizza Port (Ocean Beach),American Ale,,9.5,False,True,False,True,
259,0,Brewmaster's Reserve Imperial Red Ale,BJ's Chicago Pizza & Brewery Inc.,American Amber/Rock,9.2,True,True,False,True,,,Rusty Truck Stupiphany,Rusty Truck Brewing / Roadhouse 101,American Ale,,8.0,False,True,False,True,
260,0,Rhino Chaser,Pizza Port Solana Beach,American Red Ale,9.5,True,True,False,True,,,Lagunitas Imperial Red Ale,Lagunitas Brewing Company Heineken,American Strong Ale,unknown,7.8,False,True,False,True,unknown
261,0,Batch 200 Olympus Mons Imperial Red Ale,Due South Brewing Company,American Amber Ale,9.2,True,True,False,True,,,Edge Imperial Red Ale (Spring Seasonal),Edge Brewing Company,American Strong Ale,,8.5,False,True,False,True,
262,0,Red Dirt Imperial Red Ale,Wiley Roots Brewing Co.,American Amber Ale,8.2,True,True,False,True,,,Ballast Point Tongue Buckler Imperial Red Ale - Bourbon Barrel Aged,Ballast Point Brewing Company,American Strong Ale,,10.0,False,True,False,True,
263,0,Fresh Hop Red,Liquid Mechanics Brewing Company,American Amber Ale,7.4,True,True,False,False,,,Ice Harbor Double Red Ale - Fresh Hop,Ice Harbor Brewing Company,Amber Ale,,7.0,True,True,False,True,
264,0,Big V Amber Ale,FreeWheel Brewing Company,American Amber / Red Ale,4.0,True,True,False,False,,unknown,Big Axe Maple Wheat,Big Axe Brewery and B & B,Amber Ale,,5.0,True,True,False,False,Maple Wheat
265,0,Red Rose,Baird Brewing Company / Fishmarket Taproom,American Ale,5.4,True,True,False,False,,null,Swashbuckler Red Sea Amber Ale,Swashbuckler Brewing Company,Amber Ale,,unknown,True,True,False,False,
266,0,Hop Around Imperial Red Ale,Big Bay Brewing Co.,American Amber / Red Ale,9.0,True,True,False,True,,unknown,Wynwood Fox,Wynwood Brewing Company,American Strong Ale,,7.7,False,True,False,True,unknown
267,0,Bourbon Barrel Aged Panama Red Ale,Flossmoor Station Restaurant & Brewery,American Amber / Red Ale,7.0,True,True,False,False,unknown,,AleSmith Old Numbskull - Bourbon Barrel Aged,AleSmith Brewing Company,Barley Wine,,11,False,True,False,True,
