id,label,left_name,left_brewery,left_primary_style,left_secondary_style,left_abv,left_is_amber,left_is_ale,left_is_lager,left_is_imperial,left_special_ingredients,right_name,right_brewery,right_primary_style,right_secondary_style,right_abv,right_is_amber,right_is_ale,right_is_lager,right_is_imperial,right_special_ingredients
0,0,C N Red Imperial Red Ale,Redwood Lodge,American Amber / Red Ale,,8.1,True,True,False,True,,Kinetic Infrared Imperial Red Ale,Kinetic Brewing Company,American Strong Ale,,9.3,True,True,False,True,
1,1,Sanibel Red Island Ale,Point Ybel Brewing Company,American Amber/Red Ale,,5.6,True,True,False,False,,Sanibel Red Island Ale,Point Ybel Brewing Company,Irish Ale,,5.6,True,True,False,False,
2,0,Kniksen India Red Ale,7 Fjell Bryggeri,American Amber / Red Ale,,6.8,True,True,False,False,,Boneyard Skunkape India Red Ale,Boneyard Beer Company,India Pale Ale (IPA),,6.5,True,True,False,False,
3,0,Buffalo Trace Bourbon Barrel Aged Amber Ale,Wolf Hills Brewing Company,American Amber/Red Ale,,unknown,True,True,False,False,Buffalo Trace Bourbon Barrel,Ballast Point Calico Amber Ale - Rum Barrel Aged,Ballast Point Brewing Company,Amber Ale,,5.0,True,True,False,False,Rum Barrel
4,1,unknown,unknown,unknown,unknown,unknown,False,False,False,False,unknown,unknown,unknown,unknown,unknown,unknown,False,False,False,False,unknown
5,0,Redeemer Imperial Red Ale,Boston Beer Works,American Amber/Red Ale,,8.2,True,True,False,True,,Laurelwood Organic Deranger Imperial Red Ale,Laurelwood Public House and Brewery,American Strong Ale,,8.6,True,True,False,True,Organic
6,0,Big Axe Red Ale,Big Axe Brewing Company,American Amber/Red Ale,,6.8,True,True,False,False,,Regatta Red Ale,Big Spruce Brewing,Amber Ale,,unknown,True,True,False,False,
7,0,unknown,unknown,unknown,unknown,unknown,False,False,False,False,unknown,unknown,unknown,unknown,unknown,unknown,False,False,False,False,unknown
8,0,Merry Prankster Imperial Red Ale,Rock Bottom Restaurant and Brewery,American Amber/Red Ale,,4.56,True,True,False,True,,Tumbledown Imp Imperial Red Ale,Tumbledown Brewing LLC,American Strong Ale,,7.8,True,True,False,True,
9,0,Extra Special Red Ale,Alpha Brewing Company,American Amber / Red Ale,,5.0,True,True,False,False,,Ecliptic Phobos Extra Red Ale,Ecliptic Brewing,Amber Ale,,5.2,True,True,False,False,
10,0,Aorta Ale,Short's Brewing Company,American Amber / Red Ale,,8.3,True,True,False,True,,Destihl Barrel Aged Deadhead Double Red Ale,Destihl Brewery,American Strong Ale,,unknown,True,True,False,True,Barrel Aged
11,0,Three Sheets Barleywine,Ballast Point Brewing,American Barleywine,,9.0,False,True,False,True,,Cabernet Barrel Aged Three,512 Brewing Company,Abbey Tripel,,9.5,False,True,False,False,Cabernet Barrel Aged
12,1,The Maple Collaboration,Peak Organic Brewing Company,American Amber / Red Ale,,7.0,True,True,False,False,maple,The Maple Collaboration,Shipyard Brewing Company,Amber Ale,,6.7,True,True,False,False,maple
13,0,Bourbon Barrel Red Oak Ale,Tornado Brewing Company,American Amber/Red Ale,,unknown,True,True,False,False,,Ballast Point Tongue Buckler Imperial Red Ale - Bourbon Barrel Aged,Ballast Point Brewing Company,American Strong Ale,,10.0,True,True,False,True,Bourbon Barrel Aged
14,0,John Barleycorn - Bourbon Barrel Aged,Mad River Brewing Company,American Barleywine,,12.5,False,True,False,True,,AleSmith Old Numbskull - Bourbon Barrel Aged,AleSmith Brewing Company,Barley Wine,,11.0,True,True,False,True,Bourbon Barrel Aged
15,1,Royal Amber Ale,Hops Grillhouse & Brewery,American Amber/Red Ale,,4.5,True,True,False,False,,Kalamazoo Royal Amber Ale,Bells Brewery,Amber Ale,,unknown,True,True,False,False,
16,1,The Gentle Mongoose,Holy City Brewing,American Amber Ale,,6.9,True,True,False,False,,The Gentle Mongoose,Holy City Brewing,Amber Ale,,6.9,True,True,False,False,
17,0,Hop Around,Big Bay Brewing Co.,American Amber / Red Ale,,9.0,True,True,False,True,,Heart and Sole,ShuBrew,American Strong Ale,,6.8,True,True,False,True,
18,0,3 Sisters Red Ale,Wild Ride Brewing,American Amber / Red Ale,,6.0,True,True,False,False,,Saimaan Special Red Ale,Saimaan Juomatehdas,Amber Ale,,4.7,True,True,False,False,
19,0,Dread Double Red Ale,Bullfrog Brewery,American Amber/Red Ale,,7.8,True,True,False,False,,Wildcard Double Down Imperial Red Ale,Wildcard Brewing Company,American Strong Ale,,7.5,True,True,False,True,
20,0,Love Rhino,Breckenridge Brewery,Imperial Red Ale,American Amber / Red Ale,8.9,True,True,False,True,,Oak Aged Imperial Red,Madhouse Brewing Company,American Strong Ale,Imperial Red Ale,8.5,True,True,False,True,Oak Aged
21,1,unknown,unknown,unknown,unknown,unknown,False,False,False,False,unknown,unknown,unknown,unknown,unknown,unknown,False,False,False,False,unknown
22,0,unknown,unknown,unknown,unknown,unknown,False,False,False,False,unknown,unknown,unknown,unknown,unknown,unknown,False,False,False,False,unknown
23,0,6th Anniversary Ale,Kern River Brewing Company,American Amber / Red Ale,,8.0,True,True,False,True,,Rollin Dirty Red Ale,Cigar City Brewing,Irish Ale,,5.0,True,True,False,False,Wood Aged
24,0,unknown,unknown,unknown,unknown,unknown,False,False,False,False,unknown,unknown,unknown,unknown,unknown,unknown,False,False,False,False,unknown
25,0,Bourbon Barrel Ro Shampo,Figure 8 Brewing,Imperial Red Ale,American Amber / Red Ale,unknown,True,True,False,True,,Sick N Twisted Naughty Redhead,Sick N Twisted Brewing Company,Amber Ale,,8.0,True,True,False,True,
26,0,Ruby Red Ale,Ruby River Steakhouse & Brewery,American Amber / Red Ale,,4.0,True,True,False,False,,Red Earl Ruby Ale,Pokertree,Amber Ale,,5.5,True,True,False,False,
27,0,Stone Liberty Station Outbreak Series Red Ale,Stone Brewing Co,American Amber/Red Ale,,7.0,True,True,False,False,,Liberty High Point Rocket's Red Ale,Liberty Brewery & Grill - High Point,Irish Ale,,unknown,True,True,False,False,
28,0,Channary Imperial Red Ale,Narrows Brewing Co.,American Amber / Red Ale,,9.4,True,True,False,True,,The Libertine Imperial Red Ale,Fulton Beer Company,American Strong Ale,,8.5,True,True,False,True,Heaven Hill Rye Whiskey Barrel Aged
29,0,unknown,unknown,unknown,unknown,unknown,False,False,False,False,unknown,unknown,unknown,unknown,unknown,unknown,False,False,False,False,unknown
30,0,Arsenal Imperial Red Ale,Great River Brewery,Imperial Red Ale,American Amber / Red Ale,9.0,True,True,False,True,,Wynwood Fox Imperial Red Ale,Wynwood Brewing Company,Imperial Red Ale,American Strong Ale,7.7,True,True,False,True,
31,0,Double Dragon,Phillips Brewing,Imperial Red Ale,American Amber / Red Ale,8.2,True,True,False,True,,Edge,Edge Brewing Company,Imperial Red Ale,American Strong Ale,8.5,True,True,False,True,
32,0,unknown,unknown,unknown,unknown,unknown,False,False,False,False,unknown,unknown,unknown,unknown,unknown,unknown,False,False,False,False,unknown
33,1,unknown,unknown,unknown,unknown,unknown,False,False,False,False,unknown,unknown,unknown,unknown,unknown,unknown,False,False,False,False,unknown
34,0,Lavery Imperial Red Ale,Lavery Brewing Company,Imperial Red Ale,American Amber / Red Ale,8.2,True,True,False,True,,Oak Creek King Crimson Imperial Red Ale,Oak Creek Brewing Co.,Imperial Red Ale,American Strong Ale,9.5,True,True,False,True,
35,0,Bourbon Barrel Aged Red,Bainbridge Island Brewing Company,American Amber/Red Ale,,8.5,True,True,False,True,,Tongue Buckler Imperial Red Ale - Bourbon Barrel Aged,Ballast Point Brewing Company,American Strong Ale,,10.0,True,True,False,True,Bourbon Barrel Aged
36,1,unknown,unknown,unknown,unknown,unknown,False,False,False,False,unknown,unknown,unknown,unknown,unknown,unknown,False,False,False,False,unknown
37,1,Hearthstone Red Rye Ale,Hearthstone Brewery,American Amber / Red Ale,,5.0,True,True,False,False,,Hearthstone Red Rye Ale,Hearthstone Brewery,Specialty Grain,,5.0,True,True,False,False,
38,1,River Otter Ale,Union Station Brewery,American Amber/Red Ale,,5.1,True,True,False,False,,Sacramento River Otter Ale,Sacramento Brewing Company,English Pale Ale,,5.5,False,True,False,False,
39,0,Deputation Imperial Red Ale,Brannon's Pub and Brewery,American Amber / Red Ale,,8.0,True,True,False,True,,Yukon You Only Live Once Imperial Red Ale,Yukon Brewing Company,Amber Ale,,7.5,True,True,False,True,
40,0,Batch 200 Olympus Mons Imperial Red Ale,Due South Brewing Co,American Amber / Red Ale,,9.2,True,True,False,True,,Three Heads Buffalo Soul Jah Imperial Red Ale,Custom Brewcrafters,American Strong Ale,,9.2,True,True,False,True,Jah Imperial Red Ale
41,0,Climax Noel,Eel River Brewing Company,Imperial Red Ale,American Amber / Red Ale,9.2,True,True,False,True,,The Libertine Imperial Red Ale,Fulton Beer Company,Imperial Red Ale,American Strong Ale,8.5,True,True,False,True,Heaven Hill Rye Whiskey Barrel Aged
42,0,unknown,unknown,unknown,unknown,unknown,False,False,False,False,unknown,unknown,unknown,unknown,unknown,unknown,False,False,False,False,unknown
43,0,Single Hop 3 Amber Ale with Citra,Three Palms Brewing Co,American Amber/Red Ale,,6.8,True,True,False,False,Citra,Lancaster Hop Buggy Amber Ale,Lancaster Brewing Co,Amber Ale,,5.6,True,True,False,False,unknown
44,0,Bourbon Barrel Ro Shampo,Figure 8 Brewing,American Amber / Red Ale,,unknown,True,True,False,True,,Spring House Atomic Raygun,Spring House Brewing Company,American Strong Ale,,8.3,True,True,False,True,
45,0,Red Dirt Imperial Red Ale,Wiley Roots Brewing Co,Imperial Red Ale,American Amber / Red Ale,8.2,True,True,False,True,,Rock Bottom Orland Park King of Hearts Imperial Red Ale,Rock Bottom Orland Park,Imperial Red Ale,American Strong Ale,7.6,True,True,False,True,
46,0,Bourbon Barrel Aged Redrum,Trinity Brewhouse,American Amber/Red Ale,,9.5,True,True,False,False,,Bourbon Barrel Aged Conundrum Red Ale,Aspen Brewing Company,Amber Ale,,6.5,True,True,False,False,Bourbon Barrel Aged
47,1,Freedom Soho Red,Freedom Brewery Ltd,American Amber Ale,,4.7,True,True,False,False,,Freedom Soho Red,Freedom,Amber Lager,Vienna,4.7,True,False,True,False,
48,1,Heavyweight Ticklefight Champion Of The World,Solemn Oath Brewery,American Barleywine,,12.0,False,True,False,True,,Heavyweight Ticklefight Champion of the World,Solemn Oath Brewery,Barley Wine,,12.0,False,True,False,True,
49,0,Barrel Aged Moustache Ride,Flat 12 Bierwerks,American Amber/Red Ale,,6.1,True,True,False,False,,The Libertine Imperial Red Ale,Fulton Beer Company,American Strong Ale,,8.5,True,True,False,True,Heaven Hill Rye Whiskey Barrel Aged
50,1,Neudorf Red Ale,Brasserie Bendorf,American Amber/Red Ale,,unknown,True,True,False,False,,Neudorf Red Ale,Bendorf,Irish Ale,,6.0,True,True,False,False,
51,0,Arthur's Imperial Red Ale,Otto's Pub and Brewery,Imperial Red Ale,American Amber / Red Ale,6.9,True,True,False,True,,Abandoned Planet Imperial Red Ale,Proof Brewing Company,Imperial Red Ale,Amber Ale,7.5,True,True,False,True,
52,0,Three Beavers Imperial Red Ale,Howe Sound Inn and Brewing Company,American Amber / Red Ale,,7.5,True,True,False,True,,406 Imperial Red Ale,406 Brewing Company,American Strong Ale,,9.2,True,True,False,True,
53,0,Arthur's Imperial Red Ale,Otto's Pub and Brewery,American Amber / Red Ale,,6.9,True,True,False,True,,Two Brothers Revelry Imperial Red Ale,Two Brothers Brewing Company,American Strong Ale,,9.5,True,True,False,True,
54,0,Red Dragon Smoked Amber Ale,Hoppy Brewing Co.,American Amber/Red Ale,,5.5,True,True,False,False,Smoked,Baird Smoked Amber Ale,Baird Brewing Co.,Smoked,,unknown,True,True,False,False,Smoked
55,0,Batch 200 Olympus Mons Imperial Red Ale,Due South Brewing Co,American Amber / Red Ale,,9.2,True,True,False,True,,Ale Mania Imperial Red Ale,Ale Mania (Fritz Ale),American Strong Ale,,9.5,True,True,False,True,
56,0,Mr Grain Jeans Organic Amber Ale,Outpost Natural Foods,American Amber/Red Ale,,5.5,True,True,False,False,,Squatters Respect Your Mother Organic Amber Ale,Squatters Craft Beers,Amber Ale,,4.0,True,True,False,False,
57,0,Kindest Find,Smuttynose Brewing Company,Imperial Red Ale,American Amber / Red Ale,8.5,True,True,False,True,,Revelry,Two Brothers Brewing Company,Imperial Red Ale,American Strong Ale,9.5,True,True,False,True,
58,0,Broadhead Bourbon Barrel Aged Red,Bainbridge Island Brewing Company,American Amber/Red Ale,,8.5,True,True,False,False,Bourbon Barrel Aged,Flat 12 Barrel Aged Moustache Ride Red,Flat 12 Bierwerks,Amber Ale,,unknown,True,True,False,False,Barrel Aged
59,0,Pizza Orgasmica Amber Ale,Devil's Canyon Brewing Company,American Amber/Red Ale,,6.5,True,True,False,False,,Pizza Port Acacia Amber Ale,Pizza Port (Solana Beach),Belgian Ale,,unknown,True,True,False,False,
60,0,Iron Mike Amber Ale,Jacob Leinenkugel Brewing Company,American Amber/Red Ale,,unknown,True,True,False,False,,Railway City Iron Spike Amber Ale,Railway City Brewing Company,Amber Ale,,4.6,True,True,False,False,
61,0,Lagunitas Imperial Red Ale,Lagunitas Brewing Company,American Amber/Red Ale,,7.8,True,True,False,True,,Three Heads Buffalo Soul Jah Imperial Red Ale,Custom Brewcrafters,American Strong Ale,American Amber/Red Ale,9.2,True,True,False,True,
62,0,Photobomb Imperial Red Ale,Crooked Ladder Brewing Company,American Amber/Red Ale,,8.5,True,True,False,True,,The Libertine Imperial Red Ale,Fulton Beer Company,American Strong Ale,,8.5,True,True,False,True,Heaven Hill Rye Whiskey Barrel Aged
63,0,Arthur's Imperial Red Ale,Otto's Pub and Brewery,American Amber/Red Ale,,6.9,True,True,False,True,,Kinetic Infrared Imperial Red Ale,Kinetic Brewing Company,American Strong Ale,,9.3,True,True,False,True,
64,0,Red Rocket,Third Base Sports Bar & Brewery,American Amber/Red Ale,,6.4,True,True,False,False,,Blue Cat Red Toad,Blue Cat Brew Pub,Premium Bitter/ESB,,5.7,True,True,False,False,
65,0,unknown,unknown,unknown,unknown,unknown,False,False,False,False,unknown,unknown,unknown,unknown,unknown,unknown,False,False,False,False,unknown
66,0,Barrel Aged Red Ale,BearWaters Brewing,American Amber / Red Ale,,6.7,True,True,False,False,Barrel Aged,Calico Amber Ale,Ballast Point Brewing,Amber Ale,,5.0,True,True,False,False,Rum Barrel Aged
67,0,Gorgon Red Ale,Ballistic Brewing Co.,American Amber/Red Ale,,5.5,True,True,False,False,,Red Horn Drink Well Red Ale,Red Horn Coffee House and Brewing Company,Amber Ale,,5.5,True,True,False,False,
68,0,The Ginger Red Ale,Elk Street Brewery & Tap Room,American Amber/Red Ale,,6.8,True,True,False,False,,Wyatt Earp Red Ale,The Beer Company,Irish Ale,,7.0,True,True,False,False,
69,0,North 45,Petoskey Brewing Company,American Amber/Red Ale,,5.8,True,True,False,False,,Thirsty Pagan North Coast Amber,Thirsty Pagan Brewing,Amber Ale,,unknown,True,True,False,False,
70,1,Red's On Vacation,Barley John's Brew Pub,American Amber/Red Ale,,5.44,True,True,False,False,,Reds on Vacation,Barley John's Brew Pub,Amber Ale,,5.44,True,True,False,False,
71,1,Old Cellar Dweller,Driftwood Brewery,American Barleywine,,11.6,False,True,False,True,,Old Cellar Dweller Barleywine,Driftwood Brewery,Barley Wine,,14.0,True,True,False,True,
72,0,Lavery Imperial Red Ale,Lavery Brewing Company,American Amber/Red Ale,,8.2,True,True,False,True,,Lagunitas Imperial Red Ale,Lagunitas Brewing Company (Heineken),American Strong Ale,,7.8,True,True,False,True,
73,0,Double Dread Imperial Red Ale,Mad River Brewing Company,American Amber/Red Ale,,8.6,True,True,False,True,,Scuttlebutt Mateo Loco Imperial Red Ale,Scuttlebutt Brewing Company,American Strong Ale,,7.1,True,True,False,True,
74,0,Roundabout Imperial Red Ale,Bonfire Brewing Co.,American Amber/Red Ale,,8.8,True,True,False,True,,YuleSmith ( Winter ) Imperial Red Ale,AleSmith Brewing Company,American Strong Ale,,8.5,True,True,False,True,
75,0,unknown,unknown,unknown,unknown,unknown,False,False,False,False,unknown,unknown,unknown,unknown,unknown,unknown,False,False,False,False,unknown
76,0,unknown,unknown,unknown,unknown,unknown,False,False,False,False,unknown,unknown,unknown,unknown,unknown,unknown,False,False,False,False,unknown
77,1,unknown,unknown,unknown,unknown,unknown,False,False,False,False,unknown,unknown,unknown,unknown,unknown,unknown,False,False,False,False,unknown
78,1,Eldred Rock,Haines Brewing Company,American Amber / Red Ale,,5.0,True,True,False,False,,Eldred Rock,Haines Brewing Co.,Amber Ale,,5.0,True,True,False,False,
79,0,Double Dread,Mad River Brewing,American Amber / Red Ale,,8.6,True,True,False,True,,406,406 Brewing Company,American Strong Ale,,9.2,True,True,False,True,
80,0,unknown,unknown,unknown,unknown,unknown,False,False,False,False,unknown,unknown,unknown,unknown,unknown,unknown,False,False,False,False,unknown
81,1,unknown,unknown,unknown,unknown,unknown,False,False,False,False,unknown,unknown,unknown,unknown,unknown,unknown,False,False,False,False,unknown
82,0,Hop Around,Big Bay Brewing Co.,American Amber / Red Ale,,9.0,True,True,False,True,,Battle Axe,Austin Beerworks,American Strong Ale,,8.0,True,True,False,True,
83,0,unknown,unknown,unknown,unknown,unknown,False,False,False,False,unknown,unknown,unknown,unknown,unknown,unknown,False,False,False,False,unknown
84,0,Photobomb Imperial Red Ale,Crooked Ladder Brewing Company,Imperial Red Ale,American Amber/Red Ale,8.5,True,True,False,True,,Heart and Sole Imperial Red Ale,ShuBrew,Imperial Red Ale,American Strong Ale,6.8,True,True,False,True,
85,0,C N Red Imperial Red Ale,Redwood Lodge,American Amber / Red Ale,,8.1,True,True,False,True,,Ballast Point Tongue Buckler Imperial Red Ale,Ballast Point Brewing Company,American Strong Ale,,10.0,True,True,False,True,
86,0,Deranger Imperial Red Ale,Laurelwood Brewing,Imperial Red Ale,American Amber / Red Ale,8.6,True,True,False,True,,Scarlett Letter Imperial Red Ale,Renegade Brewing,Imperial Red Ale,American Strong Ale,8.5,True,True,False,True,
87,0,All American Red Ale,Centennial Beer Company,American Amber / Red Ale,,5.0,True,True,False,False,,Stadin American Red Ale,Stadin Panimo,Amber Ale,,4.5,True,True,False,False,
88,0,Bulleit Bourbon Barrel Aged G'Knight,Oskar Blues Grill & Brew,American Amber / Red Ale,,8.7,True,True,False,False,,Lompoc Bourbon Barrel Aged Old Tavern Rat,Lompoc Brewing,Barley Wine,,9.7,False,True,False,False,Bourbon Barrel Aged
89,0,Big V Amber Ale,FreeWheel Brewing Company,American Amber/Red Ale,,4.0,True,True,False,False,,Big Texan Texas Red Amber Ale,Big Texan Brewery,Amber Ale,,4.5,True,True,False,False,
90,0,Double Dread Imperial Red Ale,Mad River Brewing Company,American Amber / Red Ale,,8.6,True,True,False,True,,Lagunitas Imperial Red Ale,Lagunitas Brewing Company (Heineken),American Strong Ale,,7.8,True,True,False,True,
91,0,5 Star Amber Ale,The Civil Life Brewing Company,American Amber/Red Ale,,5.0,True,True,False,False,,Blue Star Apache Amber Ale,Blue Star Brewing Co.,Amber Ale,,unknown,True,True,False,False,
92,0,Lavery Imperial Red Ale,Lavery Brewing Company,Imperial Red Ale,American Amber / Red Ale,8.2,True,True,False,True,,ShuBrew Heart and Sole Imperial Red Ale,ShuBrew,Imperial Red Ale,American Strong Ale,6.8,True,True,False,True,
93,0,Barrel Aged Imperial Red,Hale's Ales Brewery & Pub,American Amber/Red Ale,,9.0,True,True,False,True,Barrel Aged,Imperial Oak Barrel Aged Odin's Beard,Imperial Oak Brewing,American Strong Ale,,9.0,False,True,False,True,Barrel Aged
94,0,unknown,unknown,unknown,unknown,unknown,False,False,False,False,unknown,unknown,unknown,unknown,unknown,unknown,False,False,False,False,unknown
95,0,Red Dragon Smoked Amber Ale,Hoppy Brewing Co.,American Amber/Red Ale,,5.5,True,True,False,False,Smoked,Bonnie Heather Amber Ale,Kilted Dragon Brewing Company,Amber Ale,,5.0,True,True,False,False,Bonnie Heather
96,0,Mountain Goat Rare Breed,Mountain Goat Beer Pty Ltd,American Amber / Red Ale,,6.6,True,True,False,False,,Hammond River Red Coat,Hammond River Brewing,Amber Ale,,6.5,True,True,False,False,
97,0,Lavery Imperial Red Ale,Lavery Brewing Company,Imperial Red Ale,American Amber / Red Ale,8.2,True,True,False,True,,Two Brothers Revelry Imperial Red Ale,Two Brothers Brewing Company,Imperial Red Ale,American Strong Ale,9.5,True,True,False,True,
98,0,Three Beavers Imperial Red Ale,Howe Sound Inn and Brewing Company,Imperial Red Ale,American Amber / Red Ale,7.5,True,True,False,True,,Scarlett Letter Imperial Red Ale,Renegade Brewing Company,Imperial Red Ale,American Strong Ale,8.5,True,True,False,True,
99,0,unknown,unknown,unknown,unknown,unknown,False,False,False,False,unknown,unknown,unknown,unknown,unknown,unknown,False,False,False,False,unknown
100,1,Belle Gueule Rousse,Brasseurs RJ,Amber Ale,,5.2,True,True,False,False,,Belle Gueule Rousse,Brasseurs RJ,Amber Lager,Vienna,5.2,True,False,True,False,
101,0,Red Rock Amber Ale,OPA-OPA Steakhouse and Brewery,American Amber/Red Ale,,6.0,True,True,False,False,,Slanted Rock Iron Butt Red Ale,Slanted Rock Brewing Company,Amber Ale,,5.8,True,True,False,False,
102,1,Ise Kadoya Amber Ale,Nikenjayamochi Kadoya Honten Co. / Ise Kadoya Brewery,American Amber/Red Ale,,4.5,True,True,False,False,,Ise Kadoya Amarillo Amber Ale,Ise Kadoya,Amber Ale,,unknown,True,True,False,False,
103,0,Hop Around Imperial Red Ale,Big Bay Brewing Company,American Amber / Red Ale,,9.0,True,True,False,True,,Speakeasy Wet Hop Prohibition Red Ale,Speakeasy Ales and Lagers,Amber Ale,,6.1,True,True,False,False,wet hop
104,0,Deranger Imperial Red Ale,Laurelwood Public House and Brewery,American Amber/Red Ale,,8.6,True,True,False,True,,406 Imperial Red Ale,406 Brewing Company,American Strong Ale,,9.2,True,True,False,True,
105,0,C N Red Imperial,Redwood Lodge,American Amber/Red Ale,,8.1,True,True,False,True,,Tumbledown Imp,Tumbledown Brewing LLC,American Strong Ale,,7.8,True,True,False,True,
106,0,All American Red Ale,Centennial Beer Company,American Amber / Red Ale,,5.0,True,True,False,False,,Saimaan Brewer's Special American Red Ale,Saimaan Juomatehdas,Amber Ale,,4.7,True,True,False,False,Brewer's Special
107,0,Molly American Red Ale,New Helvetia Brewing Company,American Amber/Red Ale,,5.0,True,True,False,False,,Big Time Lift Ticket American Red Ale,Big Time Brewery,India Pale Ale (IPA),,7.0,True,True,False,False,
108,1,Barbarian Red Ale,Cervecera Barbarian,American Amber / Red Ale,,6.5,True,True,False,False,,Barbarian Red Ale,Cervecera Barbarian,Amber Ale,,6.5,True,True,False,False,
109,0,Hop Around,Big Bay Brewing Co.,American Amber / Red Ale,,9.0,True,True,False,True,,Ale Mania,Ale Mania (Fritz Ale),American Strong Ale,,9.5,True,True,False,True,
110,0,Barrel Aged Series : Barley Wine,Parallel 49 Brewing Company,American Barleywine,,11.8,True,True,False,True,,Elevator Barrel Aged Barley Wine,Elevator Brewing Company,Barley Wine,,unknown,True,True,False,True,
111,0,unknown,unknown,unknown,unknown,unknown,False,False,False,False,unknown,unknown,unknown,unknown,unknown,unknown,False,False,False,False,unknown
112,0,Roundabout Imperial Red Ale,Bonfire Brewing Co.,American Amber / Red Ale,,8.8,True,True,False,True,,Marble Imperial Red Ale,Marble Brewery,American Strong Ale,,9.0,True,True,False,True,
113,0,unknown,unknown,unknown,unknown,unknown,False,False,False,False,unknown,unknown,unknown,unknown,unknown,unknown,False,False,False,False,unknown
114,0,Barrel Aged Riverside Red,Intuition Ale Works,American Amber / Red Ale,,7.8,True,True,False,False,,Blue Pants Big & Tall # 2 : Barrel Aged Belgian Red,Blue Pants Brewery,Amber Ale,,9.0,True,True,False,False,
115,1,Oatmeal Amber Ale,Ornery Beer Company Public House,American Amber/Red Ale,,5.7,True,True,False,False,,John Harvards Oatmeal Amber Ale,John Harvard's Brewhouse (Corporate Office),Amber Ale,,6.5,True,True,False,False,
116,0,Buffalo Trace Bourbon Barrel Aged Ale,Wolf Hills Brewing Company,American Amber/Red Ale,,unknown,True,True,False,False,Buffalo Trace Bourbon Barrel,Ulysses Imperial Red Ale,Barley's Brewing Company,American Strong Ale,,8.6,True,True,False,True,Barrel Aged
117,0,Merry Prankster,Rock Bottom Restaurant and Brewery,American Amber / Red Ale,,4.56,True,True,False,True,,Marble Imperial Red Ale,Marble Brewery,American Strong Ale,,9.0,True,True,False,True,
118,0,Love Rhino,Breckenridge Brewery,Imperial Red Ale,American Amber / Red Ale,8.9,True,True,False,True,,Revelry,Two Brothers Brewing Company,Imperial Red Ale,American Strong Ale,9.5,True,True,False,True,
119,0,Lagunitas Imperial Red Ale,Lagunitas Brewing Company,American Amber / Red Ale,,7.8,True,True,False,True,,Sick N Twisted Naughty Redhead Imperial Red Ale,Sick N Twisted Brewing Company,Amber Ale,,8.0,True,True,False,True,
120,0,Imperial Moustache,Salty Nut Brewery,American Amber/Red Ale,,6.0,True,True,False,True,,Buffalo Soul Jah,Custom Brewcrafters,American Strong Ale,,9.2,False,True,False,True,
121,0,Single Hop 3 Amber Ale with Citra,Three Palms Brewing Co.,American Amber/Red Ale,,6.8,True,True,False,False,Citra,Hill Farmstead Amarillo Single Hop Pale Ale,Hill Farmstead Brewery,American Pale Ale,,5.2,False,True,False,False,Amarillo
122,1,Vital Infrared Imperial Red,Vital Brewing,American Amber / Red Ale,,9.4,True,True,False,True,,Vital Infrared Imperial Red,Vital Brewing,American Strong Ale,,9.4,False,True,False,True,
123,1,Rip Saw Red,Pints Brewing Co,American Amber Ale,,6.5,True,True,False,False,,Rip Saw Red,Pints Brewing Company,Amber Ale,,5.9,True,True,False,False,
124,0,Bourbon Barrel Ro Shampo Imperial Red Ale,Figure 8 Brewing,American Amber / Red Ale,,unknown,True,True,False,True,,Cape Cod Bourbon Barrel Red,Cape Cod Beer,Amber Ale,,5.5,True,True,False,False,
125,0,Panama Limited Red Ale,Flossmoor Station Restaurant & Brewery,American Amber / Red Ale,,unknown,True,True,False,False,,Barrel Aged Panama Limited Red Ale,Flossmoor Station Restaurant & Brewery,Amber Ale,,6.5,True,True,False,False,Barrel Aged
126,0,Tst Brw 01 - Imperial Red Ale,Brouwerij De Koninck NV,Imperial Red Ale,American Amber / Red Ale,7.8,True,True,False,True,,Kern River Dirty Hippie Imperial Red Ale,Kern River Brewing,Imperial Red Ale,American Strong Ale,8.0,True,True,False,True,
127,0,Buffalo Soul Jah,Three Heads Brewing,American Amber/Red Ale,,9.2,True,True,False,True,,Iron Horse Fresh Hop,Iron Horse Brewery,American Strong Ale,,unknown,True,True,False,True,
128,0,Roundabout Imperial Red Ale,Bonfire Brewing Co.,American Amber / Red Ale,,8.8,True,True,False,True,,Peter Bs Sum Of Hours Imperial Red Ale,Peter Bs Brewpub,American Strong Ale,,9.5,True,True,False,True,
129,0,unknown,unknown,unknown,unknown,unknown,False,False,False,False,unknown,unknown,unknown,unknown,unknown,unknown,False,False,False,False,unknown
130,1,American Red Ale,Rock Art Brewery,American Amber / Red Ale,,4.8,True,True,False,False,,Americas American Red Ale,Americas Brewpub,Amber Ale,,unknown,True,True,False,False,
131,0,Roundabout Imperial Red Ale,Bonfire Brewing Co.,American Amber / Red Ale,,8.8,True,True,False,True,,Tumbledown Imp Imperial Red Ale,Tumbledown Brewing LLC,American Strong Ale,,7.8,True,True,False,True,
132,0,unknown,unknown,unknown,unknown,unknown,False,False,False,False,unknown,unknown,unknown,unknown,unknown,unknown,False,False,False,False,unknown
133,0,Molly Red Ale,New Helvetia Brewing,American Amber/Red Ale,,5.0,True,True,False,False,,Genesee Brew House Red Ale,Genesee Brewing Company,Amber Ale,,5.0,True,True,False,False,
134,0,unknown,unknown,unknown,unknown,unknown,False,False,False,False,unknown,unknown,unknown,unknown,unknown,unknown,False,False,False,False,unknown
135,0,Tongue Buckler,Ballast Point Brewing,Imperial Red Ale,American Amber / Red Ale,10.0,True,True,False,True,,Heart and Sole,ShuBrew,American Strong Ale,,6.8,True,True,False,False,
136,0,Bourbon Barrel Ro Shampo,Figure 8 Brewing,American Amber / Red Ale,,unknown,True,True,False,True,,Lavery Imperial Red Ale,Lavery Brewing Company,American Strong Ale,,8.2,True,True,False,True,
137,0,Sequoia American Amber Ale,Wig And Pen,American Amber/Red Ale,,5.9,True,True,False,False,,Aarhus Cains Triple A American Amber Ale,Aarhus Bryghus,Amber Ale,,5.5,True,True,False,False,
138,0,Bourbon Barrel Aged Red,Bainbridge Island Brewing Company,American Amber / Red Ale,,8.5,True,True,False,False,,Bourbon Barrel Aged Happy Amber,MadTree Brewing Company,Amber Ale,,6.0,True,True,False,False,
139,0,Sledgehammer Imperial Red Ale,Cambridge Brewing Company,American Amber/Red Ale,,7.75,True,True,False,True,,Anacapa Riptide Imperial Red Ale,Anacapa Brewing Company,American Strong Ale,,8.0,True,True,False,True,
140,0,Old Guardian Barley Wine Style Ale,Stone Brewing,American Barleywine,,11.2,False,True,False,True,Red Wine Barrel Aged,The Libertine Imperial Red Ale,Fulton Beer Company,American Strong Ale,,8.5,True,True,False,True,Heaven Hill Rye Whiskey Barrel Aged
141,0,Love Rhino,Breckenridge Brewery,Imperial Red Ale,American Amber / Red Ale,8.9,True,True,False,True,,Tumbledown Imp,Tumbledown Brewing LLC,Imperial Red Ale,American Strong Ale,7.8,True,True,False,True,
142,0,Mad Anthony Muddy River,Mad Anthony Brewing Company,American Amber / Red Ale,,unknown,True,True,False,False,,Mad River Jamaica Red Ale,Mad River Brewery,Amber Ale,,6.5,True,True,False,False,
143,0,Simeon Jones River Valley Amber Ale,Picaroons Brewing Company,American Amber/Red Ale,unknown,4.5,True,True,False,False,,McKinney Eddy Amber Ale,Piney River Brewing Company,Amber Ale,unknown,unknown,True,True,False,False,
144,0,Deranger Imperial Red Ale,Laurelwood Public House and Brewery,American Amber / Red Ale,,8.6,True,True,False,True,,Kinetic Infrared Imperial Red Ale,Kinetic Brewing Company,American Strong Ale,,9.3,True,True,False,True,
145,0,Red Rocket,Third Base Sports Bar & Brewery,American Amber/Red Ale,,6.4,True,True,False,False,,Red Duck,Purrumbete Brewing,Amber Ale,,4.8,True,True,False,False,
146,0,Double Red Hot Ale,Midnight Sun Brewing Co.,American Amber/Red Ale,,7.57,True,True,False,False,,Destihl Barrel Aged Deadhead Double Red Ale,Destihl Brewery,American Strong Ale,,unknown,True,True,False,True,Barrel Aged
147,0,Wasatch 50th Park City Golden Ale,Utah Brewers Cooperative,American Amber/Red Ale,,4.0,True,True,False,False,,Golden City Centurion Barleywine Ale,Golden City Brewery,Barley Wine,,11.2,False,True,False,True,Barleywine
148,1,Regimental 80 Scottish Ale,Crooked Eye Brewery,Scottish Ale,American Amber / Red Ale,4.7,True,True,False,False,,Regimental 80 Scottish Ale,Crooked Eye Brewery,Scottish Ale,,4.7,False,True,False,False,
149,1,Dream Of The 90's,Prohibition Pig,American Amber Ale,,6.1,True,True,False,False,,Dream of the 90s,Prohibition Pig,Amber Ale,,unknown,True,True,False,False,
150,1,Traitors Gate,Fuller Smith & Turner PLC,American Amber / Red Ale,,4.5,True,True,False,False,,Traitors Gate,Fuller's,Bitter,,4.5,False,True,False,False,
151,0,unknown,unknown,unknown,unknown,unknown,False,False,False,False,unknown,unknown,unknown,unknown,unknown,unknown,False,False,False,False,unknown
152,0,Weekender American Amber Ale,Stilt House Brewery,American Amber Ale,,5.2,True,True,False,False,,Canal Park General Sterling Price American Amber Ale - Centennial,Canal Park Brewing Company,Amber Ale,,4.8,True,True,False,False,Centennial
153,1,Blarney Rock Ale,Rockyard Brewing,American Amber / Red Ale,,6.0,True,True,False,False,,Blarney Rock Irish Ale,Rockyard Brewing Company,Irish Ale,,unknown,False,True,False,False,
154,0,Aiken American Red Pale Ale,Aiken Brewing Company,American Amber / Red Ale,,unknown,True,True,False,False,,Blue Heron Corey's American Pale Ale (C.A.P.A.),Blue Heron Brewpub,American Pale Ale,,6.2,False,True,False,False,
155,0,Deranger Imperial Red Ale,Laurelwood Public House and Brewery,American Amber / Red Ale,,8.6,True,True,False,True,,Ale Mania Imperial Red Ale,Ale Mania (Fritz Ale),American Strong Ale,,9.5,True,True,False,True,
156,0,Big Bear,Stewart's Brewing Co.,American Amber / Red Ale,,5.6,True,True,False,False,,Big Horn Buttface,Big Horn Brewing Company (Ram International),Amber Ale,,5.8,True,True,False,False,
157,0,Independence Ale,Great Lakes Brewing Co.,American Amber/Red Ale,,6.0,True,True,False,False,,Barley Wine,Amsterdam Brewing Company,Barley Wine,,10.0,False,True,False,False,Oak
158,0,Three Beavers Imperial Red Ale,Howe Sound Inn and Brewing Company,Imperial Red Ale,American Amber / Red Ale,7.5,True,True,False,True,,Mateo Loco Imperial Red Ale,Scuttlebutt Brewing Company,Imperial Red Ale,American Strong Ale,7.1,True,True,False,True,
159,0,unknown,unknown,unknown,unknown,unknown,False,False,False,False,unknown,unknown,unknown,unknown,unknown,unknown,False,False,False,False,unknown
160,0,Imperial Red Ale,Ale-Mania,American Amber / Red Ale,,9.5,True,True,False,True,,Imp Imperial Red Ale,Tumbledown Brewing LLC,American Strong Ale,,7.8,True,True,False,True,
161,0,Love Rhino,Breckenridge Brewery,Imperial Red Ale,,8.9,True,True,False,True,,Cigar City Cold Brew Series - Red Ale,Cigar City Brewing,Amber Ale,,7.2,True,True,False,False,Cold Brew
162,1,unknown,unknown,unknown,unknown,unknown,False,False,False,False,unknown,unknown,unknown,unknown,unknown,unknown,False,False,False,False,unknown
163,0,Desert Island Series,Heavy Seas Beer,American Amber Ale,,4.9,True,True,False,False,American Honey,Gastown Amber Ale,Granville Island - MolsonCoors,Amber Ale,,5.5,True,True,False,False,
164,0,Starlord Mixtape Groot Drank,Charging Hippo Brewing Co,Imperial Red Ale,American Amber,8.2,True,True,False,True,,Rhino Chaser,Pizza Port (Ocean Beach),Imperial Red Ale,American Strong Ale,9.5,True,True,False,True,
165,0,Barrel Aged Red Ale,BearWaters Brewing Co.,American Amber / Red Ale,,6.7,True,True,False,False,,Barley's Barrel Aged Ulysses Imperial Red Ale,Barley's Brewing Company,American Strong Ale,Red Ale,8.6,True,True,False,True,barrel aged
166,0,unknown,unknown,unknown,unknown,unknown,False,False,False,False,unknown,unknown,unknown,unknown,unknown,unknown,False,False,False,False,unknown
167,0,Red 88 Imperial Amber Ale,River City Brewing Co.,American Amber / Red Ale,,8.0,True,True,False,True,,Yukon You Only Live Once Imperial Red Ale,Yukon Brewing Company,Amber Ale,,7.5,True,True,False,True,
168,0,Hurricane Alley,Florida Beer Company,American Amber/Red Ale,,unknown,True,True,False,False,,Tornado Alley,Charleville Vineyard & Microbrewery,Amber Ale,,unknown,True,True,False,False,
169,0,Love Rhino,Breckenridge Brewery,Imperial Red Ale,American Amber / Red Ale,8.9,True,True,False,True,,Kinetic Infrared,Kinetic Brewing Company,Imperial Red Ale,American Strong Ale,9.3,True,True,False,True,
170,0,Brewmaster's Reserve Imperial Red Ale,BJ's Chicago Pizza & Brewery Inc.,American Amber / Red Ale,,9.2,True,True,False,True,,Rock Bottom Orland Park King of Hearts Imperial Red Ale,Rock Bottom Orland Park,American Strong Ale,,7.6,True,True,False,True,
171,0,Red Headed Slut,Twisted K-8 Brewing Company,American Amber/Red Ale,,6.5,True,True,False,False,,Red Rose Ale,Baird Brewing Co.,California Common,,5.4,True,True,False,False,
172,0,Bulleit Bourbon Barrel Aged G'Knight,Oskar Blues Grill & Brew,American Amber/Red Ale,,8.7,True,True,False,True,,MadTree Bourbon Barrel Aged Happy Amber,MadTree Brewing Company,Amber Ale,,6.0,True,True,False,False,
173,0,Aiken American Red Pale Ale,Aiken Brewing Company,American Amber / Red Ale,,unknown,True,True,False,False,,3 Sisters American Red Ale,Wild Ride Brewing,Amber Ale,,6.0,True,True,False,False,
174,0,Phobos Single Hop Red Ale,Ecliptic Brewing,American Amber/Red Ale,,7.4,True,True,False,False,,Iron Horse Fresh Hop Imperial Red Ale,Iron Horse Brewery,American Strong Ale,,unknown,True,True,False,True,Fresh Hop
175,0,Frost Quake Bourbon Barrel Aged Barley Wine,Wellington County Brewery,American Barleywine,,9.8,False,True,False,True,Bourbon Barrel Aged,MadTree Bourbon Barrel Aged Happy Amber,MadTree Brewing Company,Amber Ale,,6.0,True,True,False,False,Bourbon Barrel Aged
176,0,Bourbon Barrel Aged Horus,Elevator Brewery,American Red Ale,Imperial,12.0,True,True,False,True,Bourbon Barrel,Legacy Bourbon Barrel Hedonism,Legacy Brewing,American Strong Ale,,7.1,True,True,False,False,Bourbon Barrel
177,0,Rocky Mountain Red Ale,Grand Lake Brewing Company,American Amber / Red Ale,,unknown,True,True,False,False,,Boohai Red Ale,Crazy Mountain Brewing Company,Amber Ale,,6.0,True,True,False,False,
178,0,Ro Shampo,Figure 8 Brewing,American Amber/Red Ale,,7.5,True,True,False,True,,Dirty Hippie,Kern River Brewing,American Strong Ale,,8.0,True,True,False,True,
179,0,Red-oric Beer Camp #65 Imperial Red Ale,Sierra Nevada Brewing Co,American Amber/Red Ale,,8.0,True,True,False,True,,Rock Bottom Orland Park King of Hearts Imperial Red Ale,Rock Bottom Orland Park,American Strong Ale,,7.6,True,True,False,True,
180,0,Alaskan Barley Wine,Alaskan Brewing Co,American Barleywine,,10.7,False,True,False,True,,Jolly Abbot Barley Wine,Hermit Thrush Brewery,Barley Wine,,13.0,True,True,False,True,
181,0,Starfish Imperial Red Ale,Fish Brewing Company,American Amber/Red Ale,,7.5,True,True,False,True,,Worthy Eruption Imperial Red Ale,Worthy Brewing Company,American Strong Ale,,8.0,True,True,False,True,
182,0,unknown,unknown,unknown,unknown,unknown,False,False,False,False,unknown,unknown,unknown,unknown,unknown,unknown,False,False,False,False,unknown
183,0,Double Mongrel Imperial India Red Ale,Aspetuck Brew Lab,American Amber / Red Ale,,9.0,True,True,False,True,,Peter Bs Sum Of Hours Imperial Red Ale,Peter Bs Brewpub,American Strong Ale,,9.5,True,True,False,True,
184,0,Buffalo Soul Jah,Three Heads Brewing,American Amber/Red Ale,,9.2,True,True,False,True,,The Libertine,Fulton Beer Company,American Strong Ale,,8.5,False,True,False,True,Heaven Hill Rye Whiskey Barrel Aged
185,1,Fisherman's Tea Party,Cape Ann Brewing Company,American Barleywine,,9.0,False,True,False,True,,Fisherman's Tea Party,Cape Ann Brewing Company,Barley Wine,,9.0,False,True,False,True,
186,0,Red-oric Beer Camp #65,Sierra Nevada Brewing Co,Imperial Red Ale,American Amber / Red Ale,8.0,True,True,False,True,,Revelry,Two Brothers Brewing Company,Imperial Red Ale,American Strong Ale,9.5,True,True,False,True,
187,0,6th Anniversary Ale,Kern River Brewing Company,Imperial Red Ale,American Amber / Red Ale,8.0,True,True,False,True,,Revelry Imperial Red Ale,Two Brothers Brewing Company,Imperial Red Ale,American Strong Ale,9.5,True,True,False,True,
188,0,Kingpin Double Red Ale,BridgePort Brewing Company,American Amber/Red Ale,,7.5,True,True,False,False,,Out of Bounds Relentless Double Red Ale,Out of Bounds Brewing Company,American Strong Ale,,8.2,True,True,False,False,
189,0,Ale Mania Imperial Red Ale,Ale-Mania,Imperial Red Ale,American Amber / Red Ale,9.5,True,True,False,True,,Abandoned Planet Imperial Red Ale,Proof Brewing Company,Imperial Red Ale,Amber Ale,7.5,True,True,False,True,
190,0,unknown,unknown,unknown,unknown,unknown,False,False,False,False,unknown,unknown,unknown,unknown,unknown,unknown,False,False,False,False,unknown
191,0,Ulysses Imperial Red Ale,Barley's Brewing Company,American Amber / Red Ale,,unknown,True,True,False,True,,Ballast Point Tongue Buckler Imperial Red Ale - Bourbon Barrel Aged,Ballast Point Brewing Company,American Strong Ale,,10.0,True,True,False,True,Bourbon Barrel Aged
192,0,Harold The Red,Black Husky Brewing,American Amber/Red Ale,,unknown,True,True,False,False,,Off the Rail Raybuck Red,Off the Rail Brewing,Amber Ale,,6.4,True,True,False,False,
193,0,unknown,unknown,unknown,unknown,unknown,False,False,False,False,unknown,unknown,unknown,unknown,unknown,unknown,False,False,False,False,unknown
194,1,unknown,unknown,unknown,unknown,unknown,False,False,False,False,unknown,unknown,unknown,unknown,unknown,unknown,False,False,False,False,unknown
195,0,Eruption Imperial Red Ale,Worthy Brewing Co.,American Amber / Red Ale,,8.0,True,True,False,True,,Ale Mania Imperial Red Ale,Ale Mania (Fritz Ale),American Strong Ale,,9.5,True,True,False,True,
196,0,Deranger Imperial Red Ale,Laurelwood Public House and Brewery,Imperial Red Ale,American Amber/Red Ale,8.6,True,True,False,True,,Brannon's Deputation Imperial Red Ale,Brannon's Pub and Brewery,Imperial Red Ale,American Strong Ale,8.79,True,True,False,True,
197,0,Sequoia American Amber Ale,Wig And Pen,American Amber/Red Ale,,5.9,True,True,False,False,,Canal Park General Sterling Price American Amber Ale - Centennial,Canal Park Brewing Company,Amber Ale,,4.8,True,True,False,False,Centennial
198,0,Frost Quake Bourbon Barrel Aged Barley Wine,Wellington County Brewery,American Barleywine,,9.8,False,True,False,True,bourbon barrel aged,Hammerhead - Bourbon Barrel Aged with Chai Tea,Hangar 24 Craft Brewery,Barley Wine,,13.9,False,True,False,True,bourbon barrel aged with chai tea
199,0,Road Rash Red,Tandem Brewing Company,American Amber/Red Ale,,6.0,True,True,False,False,,Bourbon Barrel Road Rash Imperial Red Ale,Kettle House Brewing Company,American Strong Ale,Imperial Red Ale,13.0,True,True,False,True,Bourbon Barrel
200,0,unknown,unknown,unknown,unknown,unknown,False,False,False,False,unknown,unknown,unknown,unknown,unknown,unknown,False,False,False,False,unknown
201,0,Old Guardian Barley Wine,Stone Brewing,American Barleywine,,11.2,True,True,False,True,Bourbon Barrel Aged,Institutionalized Barley Wine,Revolution Brewing,Barley Wine,,13.0,True,True,False,True,Barrel Aged
202,0,Red Headed Slut,Twisted K-8 Brewing Company,American Amber / Red Ale,,6.5,True,True,False,False,,Trailhead Red,Trailhead Brewing Co.,Amber Ale,,unknown,True,True,False,False,
203,0,unknown,unknown,unknown,unknown,unknown,False,False,False,False,unknown,unknown,unknown,unknown,unknown,unknown,False,False,False,False,unknown
204,0,Ro Shampo,Figure 8 Brewing,American Amber / Red Ale,,7.5,True,True,False,True,,Tongue Buckler,Ballast Point Brewing Company,American Strong Ale,,10.0,True,True,False,True,Bourbon Barrel Aged
205,0,BJs Imperial Red Ale,BJs Restaurant and Brewhouse,American Amber / Red Ale,,9.0,True,True,False,True,,Fulton The Libertine Imperial Red Ale,Fulton Beer Company,American Strong Ale,,8.5,True,True,False,True,Heaven Hill Rye Whiskey Barrel Aged
206,0,Three Beavers Imperial Red Ale,Howe Sound Inn and Brewing Company,Imperial Red Ale,American Amber / Red Ale,7.5,True,True,False,True,,Mission Carrack Imperial Red Ale,Mission Brewery,Imperial Red Ale,American Strong Ale,10.2,True,True,False,True,
207,0,Kniksen India Red Ale,7 Fjell Bryggeri,American Amber / Red Ale,,6.8,True,True,False,False,,Stepchild Belgian India Red Ale,Good People Brewing Company,India Pale Ale,Belgian,7.8,True,True,False,False,
208,0,Pioneer American Red Ale,Pioneer Beer Company,American Amber / Red Ale,,5.7,True,True,False,False,,Fat Bottom Ruby Red American Ale,Fat Bottom Brewery,Amber Ale,,4.6,True,True,False,False,
209,0,Clifford The Big Red Ale,Books & Brews,American Amber/Red Ale,,6.8,True,True,False,False,,Disconnected Red Ale,Big Choice Brewing,Amber Ale,,6.7,True,True,False,False,
210,1,Boohai Red Ale,Crazy Mountain Brewing Company,American Amber/Red Ale,,6.0,True,True,False,False,unknown,Boohai Red Ale,Crazy Mountain Brewing Company,Amber Ale,,6.0,True,True,False,False,unknown
211,1,Barrel Aged Chessie,Union Craft Brewing Company,American Barleywine,,9.8,False,True,False,True,,Union Craft Chessie Barleywine Barrel Aged,Union Craft Brewing Company,Barley Wine,,9.8,True,True,False,True,Barrel Aged
212,1,Trail Ridge Red,Grand Lake Brewing Company,American Amber/Red Ale,,7.5,True,True,False,False,,Trail Ridge Red,Estes Park Brewery,Bitter,,4.5,True,False,False,False,
213,0,Brewmaster's Reserve Imperial Red Ale,BJ's Chicago Pizza & Brewery Inc,American Amber / Red Ale,,9.2,True,True,False,True,,Renegade Scarlett Letter Imperial Red Ale,Renegade Brewing Company,American Strong Ale,,8.5,True,True,False,True,
214,0,Red Dragon Imperial Red Ale,Dead Frog Brewing,American Amber / Red Ale,,8.0,True,True,False,True,,Abandoned Planet Imperial Red Ale,Proof Brewing Company,Amber Ale,,7.5,True,True,False,True,
215,0,3 Sisters,Wild Ride Brewing,American Red Ale,,6.0,True,True,False,False,,Gangster Duck,Radiant Pig Beer Company,Amber Ale,,6.2,True,True,False,False,
216,0,Alaskan Imperial Red Ale,Alaskan Brewing Co,American Amber / Red Ale,,8.5,True,True,False,True,,Swamp Head Sciaenhops Imperial Red Ale,Swamp Head Brewery,American Strong Ale,,8.3,True,True,False,True,Sciaenhops
217,1,unknown,unknown,unknown,unknown,unknown,False,False,False,False,unknown,unknown,unknown,unknown,unknown,unknown,False,False,False,False,unknown
218,0,Stupiphany Imperial Red Ale,Rusty Truck Brewing Company / Roadhouse 101,American Amber/Red Ale,,8.0,True,True,False,True,,AleSmith YuleSmith (Winter) Imperial Red Ale,AleSmith Brewing Company,American Strong Ale,,8.5,True,True,False,True,
219,0,Jurassic Duck Amber Ale,Dodging Duck Brewhaus,American Amber/Red Ale,,unknown,True,True,False,False,Mosaic,Nighthawk Dry Hopped Amber,Nighthawk Brewery,Amber Ale,,6.7,True,True,False,False,unknown
220,0,Photobomb Imperial Red Ale,Crooked Ladder Brewing Company,American Amber/Red Ale,,8.5,True,True,False,True,,Three Beavers Imperial Red Ale,Howe Sound Brewing,American Strong Ale,,7.5,True,True,False,True,
221,0,O'Connor's Irish Red Ale,Wormtown Brewery,American Amber / Red Ale,,5.0,True,True,False,False,,Loose Shoe Irish Red Ale,Loose Shoe Brewing Company,Irish Ale,,5.5,True,True,False,False,
222,0,Winter Seasonal Amber Ale,Dead Frog Brewing,American Amber/Red Ale,,5.0,True,True,False,False,,Brewsters Winter WARMer Amber Ale,Brewsters Brewing Co - Alberta,Amber Ale,,6.0,True,True,False,False,
223,0,Hawaii Nui Sunset Amber,Hawaii Nui Brewing,American Amber/Red Ale,,5.45,True,True,False,False,,Grand Canyon Sunset Amber,Grand Canyon Brewing Company,Amber Ale,,5.0,True,True,False,False,
224,0,Street Cred,Roaring Fork Beer Company,American Amber / Red Ale,,7.2,True,True,False,False,,Stepchild,Good People Brewing Company,India Pale Ale,Belgian,7.8,False,True,False,False,Belgian
225,0,Double Mongrel Imperial India Red Ale,Aspetuck Brew Lab,American Amber / Red Ale,,9.0,True,True,False,True,,Spring House Atomic Raygun Imperial Red Ale,Spring House Brewing Company,American Strong Ale,,8.3,True,True,False,True,
226,0,Red Shedman's Imperial Amber Ale,57 Brew Pub & Bistro,American Amber/Red Ale,,7.6,True,True,False,True,,Kinetic Infrared Imperial Red Ale,Kinetic Brewing Company,American Strong Ale,,9.3,True,True,False,True,Infrared
227,0,Eruption Imperial Red Ale,Worthy Brewing Co.,American Amber / Red Ale,,8.0,True,True,False,True,,De Koninck TSTBRW 01 Imperial Red Ale,Brouwerij De Koninck (Duvel-Moortgat),American Strong Ale,,7.8,True,True,False,True,
228,1,Copperhead Ale,Yalobusha Brewing Company,Amber Ale,American Amber / Red Ale,5.65,True,True,False,False,,Copperhead Ale,Yalobusha Brewing Company,Amber Ale,,5.6,True,True,False,False,
229,1,Dark Horse Amber Ale,Dark Horse Brewing Company,American Amber / Red Ale,,5.5,True,True,False,False,unknown,Dark Horse Amber Ale,Dark Horse Brewing Company,Amber Ale,,5.5,True,True,False,False,unknown
230,0,Starlord Mixtape Groot Drank,Charging Hippo Brewing,Imperial Red Ale,American Amber,8.2,True,True,False,True,,Iron Horse Fresh Hop,Iron Horse Brewery,American Strong Ale,,unknown,True,True,False,True,
231,0,unknown,unknown,unknown,unknown,unknown,False,False,False,False,unknown,unknown,unknown,unknown,unknown,unknown,False,False,False,False,unknown
232,0,Double Mongrel Imperial India Red Ale,Aspetuck Brew Lab,American Amber / Red Ale,,9.0,True,True,False,True,,Boxing Cat Firecracker Imperial Red Ale,Boxing Cat Brewery,Amber Ale,,6.6,True,True,False,True,
233,1,unknown,unknown,unknown,unknown,unknown,False,False,False,False,unknown,unknown,unknown,unknown,unknown,unknown,False,False,False,False,unknown
234,0,Morrisons American Red Ale,Titanic Brewery,American Amber/Red Ale,,4.5,True,True,False,False,,Americas American Red Ale,Americas Brewpub,Amber Ale,,unknown,True,True,False,False,
235,0,Arsenal Imperial Red Ale,Great River Brewery,Imperial Red Ale,American Amber / Red Ale,9.0,True,True,False,True,,Dirty Hippie Imperial Red Ale,Kern River Brewing,Imperial Red Ale,American Strong Ale,8.0,True,True,False,True,
236,0,Sea Spray,Bowen Island Brewing Co Ltd,American Amber/Red Ale,,5.0,True,True,False,False,,Swashbuckler Red Sea,Swashbuckler Brewing Company,Amber Ale,,unknown,True,True,False,False,
237,0,Alaskan Imperial Red Ale,Alaskan Brewing Co,American Amber / Red Ale,,8.5,True,True,False,True,,BottleTree Imperial Red Ale,Thomas Creek Brewery,American Strong Ale,,7.5,True,True,False,True,
238,0,Double Dread,Mad River Brewing,American Amber / Red Ale,,8.6,True,True,False,True,,Ballast Point Tongue Buckler,Ballast Point Brewing Company,American Strong Ale,,10.0,True,True,False,True,
239,0,Big V Amber Ale,FreeWheel Brewing Company,American Amber/Red Ale,,4.0,True,True,False,False,,Big Amber Gnome Ale,Heinzelmannchen Brewery,Amber Ale,,8.0,True,True,False,False,
240,0,unknown,unknown,unknown,unknown,unknown,False,False,False,False,unknown,unknown,unknown,unknown,unknown,unknown,False,False,False,False,unknown
241,0,Kindest Find,Smuttynose Brewing Company,Imperial Red Ale,American Amber / Red Ale,8.5,True,True,False,True,,Bourbon Barrel Road Rash,Kettle House Brewing Company,Imperial Red Ale,American Strong Ale,13.0,True,True,False,True,Bourbon Barrel
242,0,Beer Of The Dragon,Beachwood Brewing,American Amber Ale,,9.1,True,True,False,True,,Horn of the Beer Barley Wine,Anderson Valley Brewing Company,Barley Wine,,8.6,False,True,False,False,Barrel Aged
243,0,Barrel Aged Series : Barley Wine,Parallel 49 Brewing Company,American Barleywine,,11.8,False,True,False,True,,Hangar 24 Barrel Roll No. 04 : Hammerhead - Barrel Aged Barley Wine,Hangar 24 Craft Brewery,Barley Wine,,11.2,False,True,False,True,
244,0,unknown,unknown,unknown,unknown,unknown,False,False,False,False,unknown,unknown,unknown,unknown,unknown,unknown,False,False,False,False,unknown
245,0,Noggin Floggin,Hopworks Urban Brewery,American Barleywine,,9.6,False,True,False,True,Bourbon Barrel Aged,Happy Amber,MadTree Brewing Company,Amber Ale,,6.0,True,True,False,False,Bourbon Barrel Aged
246,0,Mermaid's Red Ale,Coronado Brewing Company,American Amber / Red Ale,,unknown,True,True,False,False,Bourbon Oak Aged,Rollin Dirty Red Ale,Cigar City Brewing,Irish Ale,,5.0,True,True,False,False,Wood Aged
247,0,Imperial Red Ale,Epic Brewing Company,American Amber / Red Ale,,7.7,True,True,False,True,,Heart and Sole Imperial Red Ale,ShuBrew,American Strong Ale,,6.8,True,True,False,True,
248,0,Frog Island Amber Ale,Frog Island Brewing Company,American Amber/Red Ale,,6.0,True,True,False,False,,Desert Island Series American Honey Amber Ale,Heavy Seas Brewing Company,Amber Ale,Honey,4.9,True,True,False,False,Honey
249,0,Olde Richmond Batch No. 9,Olde Richmond Beer Company,American Amber/Red Ale,,unknown,True,True,False,False,,Rowdy Dick Amber Ale,Engine House No. 9 Restaurant and Brewery,Amber Ale,,5.3,True,True,False,False,
250,0,Country Western Volume 3,West Sixth Brewing,Imperial Red Ale,American Amber / Red Ale,13.0,True,True,False,True,,Tongue Buckler,Ballast Point Brewing,American Strong Ale,,10.0,True,True,False,True,
251,0,Double Dragon,Phillips Brewing,Imperial Red Ale,American Amber,8.2,True,True,False,True,,Wildcard Double Down,Wildcard Brewing Company,Imperial Red Ale,American Strong Ale,7.5,True,True,False,True,
252,0,Barrel Aged Imperial Red Ale,Boone Valley Brewing,Imperial Red Ale,American Amber / Red Ale,9.99,True,True,False,True,,Laurelwood Organic Deranger Imperial Red Ale,Laurelwood Public House & Brewery,Imperial Red Ale,American Strong Ale,8.6,True,True,False,True,Organic
253,0,Ruby Red Ale,Ruby River Steakhouse & Brewery,American Amber/Red Ale,,4.0,True,True,False,False,,River Valley Red Ale,Big Rock Brewery,Amber Ale,,5.0,True,True,False,False,
254,0,Buffalo Trace Bourbon Barrel Aged Ale,Wolf Hills Brewing Company,Amber Ale,American Red Ale,unknown,True,True,False,False,Bourbon Barrel Aged,Barrel Trolley Amber Ale,Genesee Brewing Company (North American Breweries),Amber Ale,,unknown,True,True,False,False,
255,0,unknown,unknown,unknown,unknown,unknown,False,False,False,False,unknown,unknown,unknown,unknown,unknown,unknown,False,False,False,False,unknown
256,1,Unite Red Rye Ale,The Pike Brewing Company,American Amber / Red Ale,,4.6,True,True,False,False,,Unite Red Rye Ale,Pike Brewing Company,Amber Ale,,4.6,True,True,False,False,
257,0,Red Dirt Imperial Red Ale,Wiley Roots Brewing Co,American Amber/Red Ale,,8.2,True,True,False,True,,Grateful Red Imperial Red Ale,Laguna Beach Brewing,American Strong Ale,,11.0,True,True,False,True,
258,0,Lagunitas Imperial Red Ale,Lagunitas Brewing Company,American Amber/Red Ale,,7.8,True,True,False,True,,Pizza Port Rhino Chaser Imperial Red Ale,Pizza Port (Ocean Beach),American Strong Ale,,9.5,True,True,False,True,
259,0,Brewmaster's Reserve Imperial Red Ale,BJ's Chicago Pizza & Brewery Inc.,American Amber / Red Ale,,9.2,True,True,False,True,,Rusty Truck Stupiphany Imperial Red Ale,Rusty Truck Brewing / Roadhouse 101,American Strong Ale,,8.0,True,True,False,True,Stupiphany
260,0,Rhino Chaser,Pizza Port Solana Beach,American Amber / Red Ale,,9.5,True,True,False,True,,Lagunitas Imperial Red Ale,Lagunitas Brewing Company (Heineken),American Strong Ale,,7.8,True,True,False,True,
261,0,Batch 200 Olympus Mons Imperial Red Ale,Due South Brewing Co,American Amber / Red Ale,,9.2,True,True,False,True,,Edge Imperial Red Ale Spring Seasonal,Edge Brewing Company,American Strong Ale,,8.5,True,True,False,True,
262,0,Red Dirt Imperial Red Ale,Wiley Roots Brewing Co,American Amber/Red Ale,,8.2,True,True,False,True,,Ballast Point Tongue Buckler Imperial Red Ale,Ballast Point Brewing Company,American Strong Ale,Bourbon Barrel Aged,10.0,True,True,False,True,Bourbon Barrel Aged
263,0,Fresh Hop Red,Liquid Mechanics Brewing Co.,American Amber/Red Ale,,7.4,True,True,False,False,,Ice Harbor Double Red Ale - Fresh Hop,Ice Harbor Brewing Company,Amber Ale,,7.0,True,True,False,False,Fresh Hop
264,0,Big V Amber Ale,FreeWheel Brewing Company,American Amber/Red Ale,,4.0,True,True,False,False,,Big Axe Maple Wheat Amber Ale,Big Axe Brewery and B & B,Amber Ale,Wheat Ale,5.0,True,True,False,False,Maple
265,0,Red Rose,Baird Brewing Company,American Amber/Red Ale,,5.4,True,True,False,False,,Swashbuckler Red Sea,Swashbuckler Brewing Company,Amber Ale,,unknown,True,True,False,False,
266,0,Hop Around,Big Bay Brewing Co.,American Amber/Red Ale,,9.0,True,True,False,True,,Wynwood Fox,Wynwood Brewing Company,American Strong Ale,,7.7,True,True,False,True,
267,0,Bourbon Barrel Aged Panama Red,Flossmoor Station Restaurant & Brewery,American Amber/Red Ale,,7.0,True,True,False,False,,Old Numbskull - Bourbon Barrel Aged,AleSmith Brewing Company,Barley Wine,,11.0,False,True,False,False,Bourbon Barrel
